shape_id,shape_pt_lat,shape_pt_lon,shape_pt_sequence,shape_dist_traveled
6284,37.301923,-120.488088,0,0
6284,37.301607,-120.48717899999995,1,88.47384734596865
6284,37.300958,-120.485483,2,256.307288755906
6284,37.300425,-120.485768,3,321.0589259977558
6284,37.301531,-120.48877199999998,4,616.2623247618392
6284,37.302114,-120.48843899999996,5,687.8544633102133
6284,37.303113,-120.491127,6,952.437254412376
6284,37.303796,-120.49298299999998,7,1134.8045046766192
6284,37.304756,-120.495504,8,1384.040881832126
6284,37.305997,-120.49894799999998,9,1721.2097329356927
6284,37.307056,-120.501866,10,2007.2251028559494
6284,37.307141,-120.501941,11,2018.8426273553582
6284,37.307679,-120.50322900000003,12,2148.546937143725
6284,37.308174,-120.50437699999998,13,2264.9634602961814
6284,37.308242,-120.50451599999997,14,2279.508762811977
6284,37.308592,-120.50492400000002,15,2332.9356287178302
6284,37.308959,-120.50503100000005,16,2375.032583012616
6284,37.309385,-120.505139,17,2423.589647973785
6284,37.31,-120.505139,18,2492.2950453524654
6284,37.311228,-120.505042,19,2629.7552033461507
6284,37.311578,-120.505064,20,2668.9050901118994
6284,37.315917,-120.504968,21,3153.7169626652403
6284,37.316374,-120.504999,22,3204.8460988550673
6284,37.316357,-120.507402,23,3419.265598834295
6284,37.316357,-120.51066400000002,24,3710.3208630963636
6284,37.316348,-120.514591,25,4060.71082472062
6284,37.316361,-120.517133,26,4287.525473056711
6284,37.316331,-120.518839,27,4439.779732986032
6284,37.316178,-120.519247,28,4479.996262431829
6284,37.315964,-120.519344,29,4505.421355965999
6284,37.314386,-120.519322,30,4681.716156272825
6284,37.313737,-120.51933300000002,31,4754.2248501574195
6284,37.31378,-120.51989100000004,32,4804.245035396069
6284,37.313933,-120.52058799999998,33,4868.742486659469
6284,37.314215,-120.521597,34,4964.12514960344
6284,37.314642,-120.522734,35,5076.230525487135
6284,37.315273,-120.524429,36,5243.0887633040165
6284,37.316143,-120.526843,37,5479.388715602342
6284,37.316502,-120.52784099999997,38,5577.048225274393
6284,37.316664,-120.52802300000002,39,5601.362929704726
6284,37.316843,-120.528163,40,5624.9401801313
6284,37.318481,-120.52812,41,5807.964426102018
6284,37.32064,-120.52812,42,6049.150338238198
6284,37.3212,-120.52800000000002,43,6112.6184852130455
6284,37.322782,-120.52808800000004,44,6289.520970276254
6284,37.32517,-120.528034,45,6556.332400970498
6284,37.328225,-120.527991,46,6897.6337185887405
6284,37.331407,-120.52794799999998,47,7253.121587201068
6284,37.331782,-120.527873,48,7295.544422239553
6284,37.331778,-120.528302,49,7333.8158638826335
6284,37.331757,-120.53122000000002,50,7594.125193361293
6284,37.331723,-120.536274,51,8044.97800847815
6284,37.331697,-120.540544,52,8425.887242305733
6284,37.331688,-120.54085499999997,53,8453.647588097365
6284,37.326919,-120.540951,54,8986.459057240987
6284,37.324693,-120.54098399999998,55,9235.141835996712
6284,37.323089,-120.54101000000004,56,9414.338887870577
6284,37.323084,-120.542105,57,9512.02893349815
6284,37.323127,-120.544605,58,9735.112930316973
6284,37.323157,-120.545753,59,9837.583811282111
6284,37.323208,-120.546085,60,9867.745289998076
6284,37.323609,-120.54719,61,9976.024956599054
6284,37.32442,-120.54941100000002,62,10193.892167051254
6284,37.324697,-120.550028,63,10257.036254039831
6284,37.325465,-120.54999599999996,64,10342.87536701819
6284,37.326301,-120.54997400000002,65,10436.283755140452
6284,37.326314,-120.55112200000002,66,10538.704861934986
6284,37.326327,-120.551691,67,10589.484916444739
6284,37.326335,-120.552732,68,10682.354487264633
6284,37.326352,-120.553542,69,10754.637595878721
6284,37.326036,-120.55372999999996,70,10793.71854805576
6284,37.326177,-120.554175,71,10836.42654296441
6284,37.327423,-120.557565,72,11169.330548960603
6284,37.32761,-120.558091,73,11220.69238368127
6284,37.327824,-120.55845599999998,74,11261.085498366685
6284,37.328029,-120.55870199999998,75,11292.802329743838
6284,37.328229,-120.55897600000004,76,11325.91646726416
6284,37.3284,-120.55890599999998,77,11346.012953166944
6284,37.32947,-120.55889000000002,78,11465.547135952567
6284,37.330754,-120.558836,79,11609.05879736158
6284,37.331339,-120.558853,80,11674.424535035507
6284,37.335092,-120.55881,81,12093.675562477822
6284,37.338775,-120.55873200000002,82,12505.1484442426
6284,37.338735,-120.560988,83,12706.414625506228
6284,37.338628,-120.56255899999996,84,12847.043420135546
6284,37.338867,-120.56563900000005,85,13123.046375165923
6284,37.338713,-120.566958,86,13241.940084056212
6284,37.338636,-120.570627,87,13569.29320432604
6284,37.338611,-120.574479,88,13912.86465605783
6284,37.338611,-120.576614,89,14103.284533255493
6284,37.338568,-120.57692500000002,90,14131.435266172253
6284,37.340769,-120.57689299999998,91,14377.309977737894
6284,37.342159,-120.57684999999998,92,14532.624408140298
6284,37.343174,-120.57683400000002,93,14646.01186758872
6284,37.34552,-120.57677,94,14908.12911677234
6284,37.348382,-120.576684,95,15227.91494032649
6284,37.350561,-120.57664599999998,96,15471.339271248453
6284,37.351733,-120.576657,97,15602.258810926942
6284,37.352671,-120.576636,98,15707.052916191742
6284,37.353038,-120.576679,99,15748.226832663908
6284,37.354121,-120.57662500000004,100,15869.296925264167
6284,37.355494,-120.57655999999996,101,16022.774572992263
6284,37.355783,-120.57642900000002,102,16057.105129904052
6284,37.357626,-120.57647500000002,103,16263.014585080306
6284,37.359083,-120.57645100000002,104,16425.779892991297
6284,37.36051005526898,-120.57656449587444,105,16585.50710025889
6284,37.36061825488349,-120.57660551820749,106,16598.134659648873
6284,37.36075576264979,-120.57661730971336,107,16613.53062246151
6284,37.36091423800085,-120.5766261134529,108,16631.250181254214
6284,37.36145534825248,-120.57663828134535,109,16691.703524708955
6284,37.36207892100827,-120.57665303349496,110,16761.370852310483
6284,37.36253300662638,-120.57664901018144,111,16812.0948181899
6284,37.3627930919869,-120.57665705680849,112,16841.15597392317
6284,37.362871970155815,-120.57664901018144,113,16849.996058003027
6284,37.36297110070995,-120.57661011815073,114,16861.599489459724
6284,37.36313418617539,-120.57641431689262,115,16886.831102056804
6284,37.36327168933164,-120.57618767023088,116,16912.213593505505
6284,37.36339959901821,-120.57598918676376,117,16934.958256292703
6284,37.36357973812371,-120.57571694254877,118,16966.48742096871
6284,37.36364902227991,-120.57562708854675,119,16977.626442896122
6284,37.363823,-120.57585899999998,120,17006.00279190132
6284,37.363954,-120.576164,121,17036.883498151234
6284,37.364099,-120.576389,122,17062.66674613807
6284,37.364303,-120.576571,123,17090.64134597444
6284,37.364483,-120.576636,124,17111.566405479054
6284,37.364738,-120.576657,125,17140.112123156876
6284,37.365276,-120.576679,126,17200.240301003785
6284,37.365855,-120.57666799999998,127,17264.923731553456
6284,37.366168,-120.576685,128,17299.919584471016
6284,37.366141,-120.57784800000002,129,17403.65227887368
6284,37.366029,-120.577872,130,17416.344648516482
6284,37.366004,-120.577904,131,17420.33690052545
6284,37.366007,-120.57804199999998,132,17432.645050836945
6284,37.366048,-120.57806,133,17437.497894216875
6284,37.366025,-120.57816200000002,134,17446.947789443122
6284,37.365297,-120.57815499999998,135,17528.269719264546
6284,37.365285,-120.576732,136,17655.14773121873
6284,37.364977,-120.57672100000002,137,17689.56620582595
6284,37.364521,-120.576732,138,17740.512177942495
6284,37.364299,-120.57664599999998,139,17766.468600685585
6284,37.36406,-120.576453,140,17798.23073959726
6284,37.363924,-120.576185,141,17826.5457273138
6284,37.363822,-120.57596,142,17849.616351913788
6284,37.3635445630661,-120.57580411434174,143,17883.580867555826
6284,37.36429922432095,-120.57463467121124,144,18017.661901644464
6284,37.36411588923381,-120.57421624660492,145,18060.21962617672
6284,37.36414573451109,-120.57385683059692,146,18092.437838105383
6284,37.36437170551092,-120.57347059249878,147,18135.13478645071
6284,37.364503876912394,-120.5732774734497,148,18157.816184357285
6284,37.36354029942161,-120.57230114936829,149,18296.24587956267
6284,37.36299455092942,-120.5717432498932,150,18374.926984024365
6284,37.36287090423517,-120.57190954685213,151,18395.190547809485
6284,37.3627685757824,-120.57224214076996,152,18426.971700788476
6284,37.36239763397134,-120.57284832000732,153,18495.075039568528
6284,37.362056536434906,-120.5724996328354,154,18544.25136255792
6284,37.3620011079388,-120.57235479354858,155,18558.573062347674
6284,37.362001,-120.572212,156,18571.304835090246
6284,37.36209064625832,-120.57200074195862,157,18592.637415178637
6284,37.36207359134854,-120.57177543640135,158,18612.816246107202
6284,37.36202242659599,-120.5715662240982,159,18632.325965713837
6284,37.36201816286504,-120.57140529155733,160,18646.68295967941
6284,37.36231235973262,-120.5710244178772,161,18693.939900906746
6284,37.36163868983979,-120.57035386562347,162,18790.05136370781
6284,37.36144255696222,-120.57019293308258,163,18816.24100763614
6284,37.36112703777921,-120.57018220424652,164,18851.498778326448
6284,37.3606196460408,-120.57017147541046,165,18908.184596748604
6284,37.36014636157907,-120.5701607465744,166,18961.06107505101
6284,37.35969439345111,-120.57017147541046,167,19011.55683962428
6284,37.35941297795872,-120.57013928890228,168,19043.122844842066
6284,37.35923389482322,-120.57030022144318,169,19067.741641450633
6284,37.359199320534984,-120.5705420396423,170,19089.646674767933
6284,37.3603383167432,-120.57240291597742,171,19298.73655627635
6284,37.360549952660655,-120.57306275526436,172,19362.142327588892
6284,37.36053328024932,-120.57340758843418,173,19392.945271229997
6284,37.36055008170998,-120.57408170632937,174,19453.08134235539
6284,37.360534023233434,-120.57470666102984,175,19508.833358053664
6284,37.36052474355552,-120.57644135333815,176,19663.507806442765
6284,37.360515878782365,-120.5767706208668,177,19692.88305079939
6284,37.360581,-120.578671,178,19862.48265224661
6284,37.360526,-120.579543,179,19940.474971104744
6284,37.360526,-120.583009,180,20249.5122859045
6284,37.360573,-120.584607,181,20392.09006060836
6284,37.360505,-120.58661899999998,182,20571.644498998787
6284,37.360513,-120.58929,183,20809.796752166545
6284,37.360534,-120.59058800000004,184,20925.551855391393
6284,37.360546,-120.591541,185,21010.532946996434
6284,37.360534,-120.593914,186,21222.11589088323
6284,37.360505,-120.59583499999997,187,21393.423963701523
6284,37.360526,-120.597075,188,21504.00766678471
6284,37.360483,-120.60004100000003,189,21768.49998739994
6284,37.3605,-120.602,190,21943.174178580564
6284,37.360492,-120.603517,191,22078.432019253905
6284,37.3605,-120.608,192,22478.13289809022
6284,37.3605,-120.612408,193,22871.142999344163
6284,37.360449,-120.61387000000002,194,23001.616378552768
6284,37.361447,-120.613859,195,23113.093494140066
6284,37.362739,-120.613832,196,23257.425054327734
6284,37.364193,-120.613859,197,23419.849158031957
6284,37.36742,-120.613827,198,23780.304054116048
6284,37.370473,-120.61370899999996,199,24121.47476337314
6284,37.37338,-120.613655,200,24446.211327397054
6284,37.374736,-120.613586,201,24597.79623865956
6284,37.376211,-120.613602,202,24762.554337552563
6284,37.379374,-120.61354799999998,203,25115.88227169351
6284,37.380917,-120.613403,204,25288.713492124614
6284,37.382443,-120.613495,205,25459.359090139664
6284,37.383841,-120.613468,206,25615.52896196427
6284,37.385393,-120.613495,207,25788.898209218325
6284,37.385878,-120.61348399999996,208,25843.079748821892
6284,37.386151,-120.61370899999996,209,25879.575985253374
6284,37.38633,-120.613902,210,25905.950904851958
6284,37.38656,-120.61415999999996,211,25940.428974972765
6284,37.386688,-120.614331,212,25961.325951263036
6284,37.387004,-120.61481400000002,213,26016.99396148679
6284,37.38708,-120.61477100000002,214,26026.30786087878
6284,37.387865,-120.614761,215,26113.993743143612
6284,37.389305,-120.614702,216,26274.921906884534
6284,37.389416,-120.61475000000002,217,26288.037441189284
6284,37.389382,-120.613409,218,26407.611896077313
6284,37.391905,-120.61337600000002,219,26689.436840951075
6284,37.392408,-120.613317,220,26745.86555986155
6284,37.393005,-120.61334399999998,221,26812.591616176443
6284,37.393013,-120.610523,222,27063.998237821
6284,37.392998,-120.60903100000002,223,27196.97498859884
6284,37.392996,-120.608881,224,27210.344789437157
6284,37.390107,-120.608924,225,27533.060305346113
6284,37.386927,-120.60898299999997,226,27888.295812959685
6284,37.3855,-120.60899999999998,227,28047.694685609684
6284,37.38307,-120.60902099999998,228,28319.12493704634
6284,37.384169,-120.610844,229,28522.767277981664
6284,37.385005,-120.61217499999998,230,28673.74028394199
6284,37.386462,-120.61217499999998,231,28836.482028645936
6284,37.387085,-120.61217499999998,232,28906.068923300867
6284,37.38708,-120.61334399999998,233,29010.25884500747
6284,37.387085,-120.61352699999998,234,29026.57846447476
6284,37.386087,-120.61354799999998,235,29138.06699787009
6284,37.384182,-120.613607,236,29350.9132451159
6284,37.380904,-120.613698,237,29717.143215371987
6284,37.378491,-120.61365,238,29986.70010231897
6284,37.375128,-120.61372,239,30362.38625081893
6284,37.372809,-120.61373600000002,240,30621.41366256875
6284,37.369893,-120.613811,241,30947.188379953353
6284,37.367352,-120.613881,242,31231.076982858565
6284,37.364231,-120.61393399999996,243,31579.71277712029
6284,37.363749,-120.61402,244,31634.09354865493
6284,37.361732,-120.613993,245,31859.39757418062
6284,37.360368,-120.61393399999996,246,32011.84194097964
6284,37.360346,-120.613102,247,32086.06214068869
6284,37.3604,-120.608,248,32540.988659919392
6284,37.3604,-120.602,249,33075.94411956703
6284,37.360385,-120.59775,250,33454.87779489723
6284,37.360424,-120.59677899999996,251,33541.56203112147
6284,37.360402,-120.593898,252,33798.44554557874
6284,37.360406,-120.590755,253,34078.67914978252
6284,37.360449,-120.58641,254,34466.1160125602
6284,37.360453,-120.585621,255,34536.46619349687
6284,37.360445,-120.583583,256,34718.1808244885
6284,37.36047,-120.58077200000002,257,34968.832105098205
6284,37.360411,-120.579275,258,35102.47143468853
6284,37.36047,-120.576566,259,35344.104206119206
6284,37.360473,-120.576073,260,35388.06299523306
6284,37.360476,-120.57550100000005,261,35439.06555153467
6284,37.360481,-120.573984,262,35574.327780029285
6284,37.360486,-120.573415,263,35625.06498560701
6284,37.360461,-120.57304299999998,264,35658.35125334534
6284,37.360414,-120.572923,265,35670.26955682918
6284,37.360301,-120.572741,266,35690.82850983261
6284,37.360218,-120.57253000000004,267,35711.802575333786
6284,37.360157,-120.572356,268,35728.74753227358
6284,37.359997,-120.57210399999995,269,35757.45824047881
6284,37.359864,-120.571888,270,35781.782075799456
6284,37.359742,-120.571683,271,35804.581910671484
6284,37.359666,-120.57155799999998,272,35818.592485431705
6284,37.35952,-120.571282,273,35848.11546627506
6284,37.359452,-120.57115499999998,274,35861.75107493598
6284,37.359156,-120.57068099999998,275,35915.41238719978
6284,37.35901,-120.570442,276,35942.24743096031
6284,37.358962,-120.570268,277,35958.662675497246
6284,37.359077,-120.570149,278,35975.324217122004
6284,37.3592,-120.570092,279,35989.973726871794
6284,37.359406,-120.570068,280,36013.084071217476
6284,37.359498,-120.570068,281,36023.36085199408
6284,37.35969,-120.57007099999998,282,36044.80971463634
6284,37.359894,-120.570086,283,36067.63657494694
6284,37.36016,-120.570092,284,36097.354690454595
6284,37.360406,-120.570092,285,36124.833907189066
6284,37.360631,-120.57009600000004,286,36149.96986740241
6284,37.361107,-120.570108,287,36203.15179777135
6284,37.361365,-120.570107,288,36231.97160087861
6284,37.361461,-120.57012299999997,289,36242.78967507252
6284,37.36169,-120.570307,290,36273.17889222845
6284,37.362336,-120.570963,291,36366.0676187377
6284,37.363053,-120.57171499999998,292,36470.51997644264
6284,37.362905,-120.571906,293,36494.25443670686
6284,37.362798,-120.57223699999996,294,36526.095200853255
6284,37.3627,-120.57243699999998,295,36547.01945711951
6284,37.36239579112995,-120.57291845767212,296,36601.76877556162
6284,37.362005,-120.572524,297,36657.827079837305
6284,37.361945,-120.57237199999996,298,36672.94639460408
6284,37.362038,-120.572183,299,36692.74279142547
6284,37.362138,-120.57202,300,36711.073015579816
6284,37.36211,-120.571774,301,36733.22873896828
6284,37.362075,-120.57156199999996,302,36752.531178539204
6284,37.362063,-120.57144800000005,303,36762.78366212271
6284,37.362372,-120.571012,304,36814.77043979812
6284,37.363102,-120.571759,305,36920.05778033534
6284,37.363765,-120.572433,306,37015.43137820615
6284,37.364531,-120.573196,307,37124.74405080515
6284,37.364552,-120.5732,308,37127.11678092752
6284,37.364855,-120.57271400000002,309,37182.09998084554
6284,37.365523,-120.57167900000002,310,37300.77278900773
6284,37.365593,-120.571636,311,37309.48134239049
6284,37.365682,-120.57169899999997,312,37320.90002262726
6284,37.36634,-120.57240000000002,313,37417.380930736836
6284,37.366356,-120.572516,314,37427.8764161122
6284,37.365856,-120.57326899999998,315,37515.20663454254
6284,37.365327,-120.574089,316,37609.21044471349
6284,37.364995,-120.57457,317,37665.90662851055
6284,37.364799,-120.57471800000002,318,37691.469484755115
6284,37.364615,-120.57475499999998,319,37712.28594224061
6284,37.364462,-120.574723,320,37729.61305181386
6284,37.364347,-120.57464700000004,321,37744.13654080307
6284,37.36386,-120.57540699999998,322,37831.03215937501
6284,37.363693,-120.575654,323,37859.89343183215
6284,37.363856,-120.575879,324,37886.985043506436
6284,37.363975,-120.57615800000002,325,37915.18932612715
6284,37.364129,-120.576373,326,37940.945406643856
6284,37.364325,-120.57655499999998,327,37968.19701067128
6284,37.364504,-120.57660900000002,328,37988.76332107913
6284,37.36476,-120.57664599999998,329,38017.548923860064
6284,37.365305,-120.57664599999998,330,38078.427022761396
6284,37.365885,-120.57664599999998,331,38143.214723788486
6284,37.366192,-120.57664599999998,332,38177.50752392797
6284,37.366167,-120.577851,333,38284.97718721743
6284,37.366041,-120.57788800000004,334,38299.43314422309
6284,37.366018,-120.57790999999996,335,38302.66545694767
6284,37.366039,-120.578104,336,38320.12014112084
6284,37.365277,-120.57813399999998,337,38405.27958614693
6284,37.365277,-120.576751,338,38528.584246041915
6284,37.365004,-120.576748,339,38559.08031476599
6284,37.364555,-120.576754,340,38609.237776448324
6284,37.364316,-120.57670000000002,341,38636.36543158551
6284,37.364069,-120.576485,342,38669.961544191
6284,37.363915,-120.576217,343,38699.40422235907
6284,37.363813,-120.575992,344,38722.47484786979
6284,37.363711,-120.575938,345,38734.844048690546
6284,37.363617,-120.575917,346,38745.50976709845
6284,37.363455,-120.57610999999996,347,38770.48115844071
6284,37.363131,-120.576636,348,38829.7203125289
6284,37.36302,-120.57672100000002,349,38844.252042653716
6284,37.362943,-120.576732,350,38852.90890393837
6284,37.362645,-120.57674299999996,351,38886.21081962461
6284,37.361449,-120.576791,352,39019.87604100767
6284,37.360547,-120.576679,353,39121.125750252235
6284,37.360342,-120.576679,354,39144.02485204171
6284,37.359234,-120.57670000000002,355,39267.80586688911
6284,37.358206,-120.57663000000002,356,39382.80599441309
6284,37.355678,-120.57670000000002,357,39665.260010815065
6284,37.355482,-120.57660900000002,358,39688.60911885122
6284,37.354893,-120.57665199999995,359,39754.513791273224
6284,37.353162,-120.576748,360,39948.06098727077
6284,37.352693,-120.576791,361,40000.589798052686
6284,37.350561,-120.576866,362,40238.83432299971
6284,37.34842,-120.57685600000002,363,40477.99193964939
6284,37.345546,-120.57689800000004,364,40799.04798772881
6284,37.342449,-120.57703300000004,365,41145.2013466172
6284,37.340172,-120.57705900000002,366,41399.55942298554
6284,37.338513,-120.57709699999998,367,41584.905521244305
6284,37.338483,-120.576915,368,41601.48031687916
6284,37.338534,-120.57663000000002,369,41627.52990904319
6284,37.338573,-120.57149600000002,370,42085.451693358766
6284,37.338585,-120.569281,371,42283.01303320858
6284,37.338573,-120.567586,372,42434.197228334306
6284,37.338739,-120.56539199999996,373,42630.7586617656
6284,37.338543,-120.56266700000003,374,42874.78903878806
6284,37.338715,-120.55881499999998,375,43218.89254805731
6284,37.337306,-120.558836,376,43376.29776060486
6284,37.33435,-120.55886299999996,377,43706.510135885044
6284,37.330848,-120.55897600000004,378,44097.83513468984
6284,37.329598,-120.55898100000002,379,44237.46860807081
6284,37.328331,-120.55899699999998,380,44379.00757141859
6284,37.328212,-120.559078,381,44394.13746112873
6284,37.328054,-120.55886299999996,382,44420.20164023694
6284,37.327811,-120.55858999999998,383,44456.66937692421
6284,37.327687,-120.558429,384,44476.622675305676
6284,37.327564,-120.558182,385,44502.58936118389
6284,37.326975,-120.556508,386,44665.772207035814
6284,37.326173,-120.55434100000002,387,44878.8344736741
6284,37.325934,-120.55370800000004,388,44941.296306510296
6284,37.326263,-120.553536,389,44981.122372428355
6284,37.326292,-120.55344000000002,390,44990.278537673265
6284,37.326288,-120.552844,391,45043.44818462618
6284,37.32628,-120.551782,392,45138.19107737225
6284,37.326271,-120.55082700000004,393,45223.3906032659
6284,37.326241,-120.550044,394,45293.32089279734
6284,37.324966,-120.55006600000002,395,45435.76191544492
6284,37.324646,-120.55010900000002,396,45471.71366053634
6284,37.324219,-120.54905200000002,397,45577.38695692422
6284,37.323601,-120.547346,398,45744.5068243412
6284,37.323328,-120.546563,399,45820.726679985666
6284,37.323157,-120.54602599999998,400,45872.30162100917
6284,37.323097,-120.54569400000004,401,45902.66908086125
6284,37.323072,-120.54470700000002,402,45990.76625897426
6284,37.323029,-120.541896,403,46241.58995703955
6284,37.32302,-120.540951,404,46325.90250987656
6284,37.324206,-120.54093,405,46458.40323612898
6284,37.326548,-120.540892,406,46720.04887948664
6284,37.328553,-120.54086,407,46944.04465015407
6284,37.330882,-120.54080699999996,408,47204.2590761517
6284,37.331633,-120.540796,409,47288.15866590468
6284,37.331637,-120.54064,410,47302.081516961065
6284,37.331659,-120.538833,411,47463.29042797248
6284,37.331676,-120.53458899999998,412,47841.87533270751
6284,37.331701,-120.53179999999998,413,48090.68125005362
6284,37.331718,-120.528302,414,48402.72449792011
6284,37.33171,-120.52798,415,48431.46234625909
6284,37.33142,-120.528013,416,48463.992256840094
6284,37.33084,-120.52802300000002,417,48528.791275696974
6284,37.328801,-120.52804500000002,418,48756.58021032267
6284,37.326305,-120.528072,419,49035.4234129684
6284,37.324142,-120.52811400000002,420,49277.085209013414
6284,37.321771,-120.52815699999996,421,49541.98179375084
6284,37.320755,-120.52817900000002,422,49655.49800449996
6284,37.319736,-120.52815699999996,423,49769.34930332875
6284,37.317577,-120.52819,424,50010.553168550694
6284,37.316604,-120.52822200000004,425,50119.28629182315
6284,37.316289,-120.527374,426,50202.7303297526
6284,37.315009,-120.523887,427,50545.14205994259
6284,37.31416,-120.52157,428,50772.59666079085
6284,37.314015,-120.521119,429,50815.97585231307
6284,37.313852,-120.52053999999998,430,50870.753544018946
6284,37.31375,-120.52000299999996,431,50920.00494426722
6284,37.313682,-120.51924200000002,432,50988.33077785661
6284,37.314962,-120.519252,433,51131.32683848437
6284,37.315956,-120.519252,434,51242.37005184673
6284,37.316143,-120.519199,435,51263.789027024904
6284,37.316289,-120.518823,436,51301.09215641599
6284,37.316297,-120.517589,437,51411.199124905645
6284,37.316297,-120.512386,438,51875.43792442344
6284,37.31631,-120.507043,439,52352.17454950781
6284,37.316318,-120.50508000000002,440,52527.328454774935
6284,37.315124,-120.50511699999998,441,52660.75831340596
6284,37.312897,-120.50512300000004,442,52909.550617242654
6284,37.311216,-120.505203,443,53097.480982221234
6284,37.310414,-120.505198,444,53187.07838903796
6284,37.309586,-120.50520799999998,445,53279.58360808193
6284,37.309415,-120.505198,446,53298.70788812915
6284,37.309185,-120.50516500000003,447,53324.57078027979
6284,37.308929,-120.50509,448,53353.94275191658
6284,37.308297,-120.50483300000002,449,53428.17859035177
6284,37.308101,-120.504704,450,53452.91652742476
6284,37.307982,-120.504575,451,53470.50208007456
6284,37.307854,-120.504275,452,53500.852853655524
6284,37.307307,-120.502773,453,53648.160484407614
6284,37.307,-120.50201099999998,454,53724.3195193147
6284,37.307009,-120.501893,455,53734.897527399786
6284,37.30616,-120.49960299999998,456,53960.19274495053
6284,37.305072,-120.497135,457,54211.75205133045
6284,37.303723,-120.49294500000002,458,54614.90607044893
6284,37.301948,-120.48810400000002,459,55090.27671431204
6284,37.301923,-120.488088,460,55092.07462908698
2697,37.301923,-120.488088,0,0
2697,37.301571,-120.487346,1,77.01749373653696
2697,37.301393,-120.486621,2,144.70855863696738
2697,37.30095,-120.485462,3,259.37698713917223
2697,37.300429,-120.485762,4,323.44575030873614
2697,37.301484,-120.488777,5,617.2090641866653
2697,37.30211,-120.488445,6,693.162975193385
2697,37.302673,-120.489947,7,841.2329948162063
2697,37.3038,-120.492983,8,1140.0040508691227
2697,37.304295,-120.494356,9,1274.4358635660876
2697,37.304756,-120.495504,10,1389.102694084377
2697,37.304824,-120.49574,11,1411.49198833683
2697,37.305993,-120.49898,12,1728.7583257247124
2697,37.306975,-120.501609,13,1987.750844040309
2697,37.307512,-120.502768,14,2107.3172202385813
2697,37.308058,-120.504119,15,2242.429050914206
2697,37.308511,-120.505911,16,2410.157312895054
2697,37.308895,-120.507724,17,2577.5322555511207
2697,37.309279,-120.509055,18,2703.813625063207
2697,37.309774,-120.510557,19,2848.8029995792867
2697,37.310183,-120.511372,20,2934.690503860446
2697,37.310729,-120.511909,21,3012.257791760047
2697,37.311344,-120.512509,22,3099.3598190670264
2697,37.311745,-120.51296,23,3159.578975411287
2697,37.312078,-120.513411,24,3214.382405443515
2697,37.312342,-120.513829,25,3261.9321341179757
2697,37.312675,-120.514441,26,3328.0079718403063
2697,37.312956,-120.51532,27,3412.4894496858815
2697,37.313102,-120.516146,28,3487.975757104848
2697,37.313289,-120.517155,29,3580.3993975309254
2697,37.31346,-120.519215,30,3765.1996003275053
2697,37.313656,-120.520481,31,3880.2644791416924
2697,37.313801,-120.521125,32,3939.9664438559435
2697,37.314057,-120.521897,33,4014.5505506283025
2697,37.316668,-120.529096,34,4720.004123412821
2697,37.319433,-120.536671,35,5463.088400017769
2697,37.321549,-120.542411,36,6027.113470724837
2697,37.326054,-120.554684,37,7232.120058347335
2697,37.330797,-120.567623,38,8502.124072669121
2697,37.331991,-120.570692,39,8806.638878754022
2697,37.332588,-120.571979,40,8939.400623845484
2697,37.333032,-120.573009,41,9043.805831959542
2697,37.333441,-120.574018,42,9144.737123044059
2697,37.333732,-120.575026,43,9240.342119954015
2697,37.334004,-120.576056,44,9337.107080238511
2697,37.334312,-120.577129,45,9438.809187560519
2697,37.335455,-120.580369,46,9754.744145561102
2697,37.336393,-120.582794,47,9995.07669309243
2697,37.337093,-120.584146,48,10138.794532589269
2697,37.337997,-120.585541,49,10299.034305902502
2697,37.338833,-120.586807,50,10445.558910032007
2697,37.3396,-120.58803,51,10584.258983939088
2697,37.339976,-120.588995,52,10680.024910405478
2697,37.340257,-120.589918,53,10768.124489710272
2697,37.34036,-120.589982,54,10780.967716114717
2697,37.340598,-120.590878,55,10865.183813229438
2697,37.340709,-120.591747,56,10943.671003851809
2697,37.340709,-120.592262,57,10989.60114283433
2697,37.340684,-120.592949,58,11050.93461089927
2697,37.340615,-120.594419,59,11182.262275756255
2697,37.340633,-120.594783,60,11214.787623007926
2697,37.340726,-120.595105,61,11245.326101575345
2697,37.340795,-120.595427,62,11275.059687060324
2697,37.340837,-120.59562,63,11292.900098366497
2697,37.341716,-120.597927,64,11520.872608244834
2697,37.342526,-120.600169,65,11740.336428621406
2697,37.343481,-120.602776,66,11996.13384544634
2697,37.344155,-120.604643,67,12178.861142813847
2697,37.344659,-120.606038,68,12315.409725247659
2697,37.344821,-120.606338,69,12347.707890612855
2697,37.345111,-120.606768,70,12397.904521768967
2697,37.345443,-120.607631,71,12483.332857574542
2697,37.345529,-120.607855,72,12505.498117890595
2697,37.345352,-120.607979,73,12528.15086834735
2697,37.345519,-120.608473,74,12575.990643258883
2697,37.345748,-120.609113,75,12638.533289942981
2697,37.345941,-120.609025,76,12661.474750990155
2697,37.346799,-120.611317,77,12887.217367769297
2697,37.346961,-120.611756,78,12930.344611921148
2697,37.34697,-120.612057,79,12957.204910978415
2697,37.346996,-120.61225,80,12974.658849492862
2697,37.34703,-120.612422,81,12990.459977968518
2697,37.347234,-120.613012,82,13047.794953210667
2697,37.347358,-120.613344,83,13080.480258297015
2697,37.347571,-120.613983,84,13142.22942322124
2697,37.347874,-120.61479,85,13221.753249723946
2697,37.348382,-120.616145,86,13355.241704758195
2697,37.348842,-120.617437,87,13481.389257445488
2697,37.349486,-120.619154,88,13650.55106290998
2697,37.349976,-120.620522,89,13784.250867225597
2697,37.350817,-120.622694,90,13999.503614461975
2697,37.352471,-120.624679,91,14255.350474643592
2697,37.352932,-120.625312,92,14331.750764291486
2697,37.353384,-120.626085,93,14417.187256490159
2697,37.353827,-120.627061,94,14517.294922852667
2697,37.354126,-120.627995,95,14607.020587701225
2697,37.354381,-120.629025,96,14703.17388183135
2697,37.35462,-120.630441,97,14832.21958658365
2697,37.355115,-120.633187,98,15083.223250232648
2697,37.355507,-120.634539,99,15211.474225118021
2697,37.355951,-120.63587,100,15340.091856200992
2697,37.35665,-120.637779,101,15527.349179778517
2697,37.357366,-120.639753,102,15720.664896243312
2697,37.358185,-120.64162,103,15910.600429558486
2697,37.359259,-120.643508,104,16117.296330331303
2697,37.360283,-120.645225,105,16308.381785493777
2697,37.361229,-120.647081,106,16504.70656528402
2697,37.361818,-120.648658,107,16659.928686723622
2697,37.362278,-120.650235,108,16809.6131197406
2697,37.362705,-120.652092,109,16981.897290865963
2697,37.36308,-120.65428,110,17181.40196009693
2697,37.36366,-120.656748,111,17410.758471468762
2697,37.366286,-120.664001,112,18120.743473380902
2697,37.370191,-120.674622,113,19163.131090168
2697,37.371675,-120.677433,114,19463.549850646803
2697,37.372681,-120.678978,115,19641.281194199102
2697,37.373738,-120.681145,116,19867.65107635114
2697,37.374454,-120.683119,117,20060.916463689442
2697,37.374915,-120.685029,118,20238.771404027313
2697,37.375324,-120.687647,119,20476.5423768622
2697,37.375767,-120.689771,120,20672.21079453564
2697,37.376432,-120.691831,121,20870.266897131478
2697,37.377524,-120.694835,122,21164.471331728546
2697,37.38119,-120.704792,123,22141.76282093679
2697,37.382332,-120.70771,124,22431.40344773293
2697,37.38327,-120.709491,125,22621.574702153346
2697,37.383355,-120.709566,126,22633.1843615206
2697,37.383739,-120.710102,127,22697.377253841627
2697,37.384574,-120.71124,128,22835.147339762716
2697,37.385614,-120.712645,129,23005.928632319145
2697,37.385972,-120.712473,130,23048.746882560554
2697,37.386458,-120.712291,131,23105.393999558863
2697,37.386722,-120.71227,132,23134.93644637591
2697,37.387345,-120.712248,133,23204.53975168441
2697,37.389007,-120.712152,134,23390.346427335702
2697,37.389561,-120.712119,135,23452.28615620712
2697,37.389557,-120.712495,136,23485.79406873754
2697,37.38957,-120.714673,137,23679.878207215337
2697,37.389568,-120.718152,138,23989.885966009955
2697,37.389544,-120.718246,139,23998.680495954286
2697,37.389433,-120.718803,140,24049.838284786096
2697,37.389425,-120.718889,141,24057.553484230928
2697,37.389442,-120.719136,142,24079.64490543056
2697,37.390107,-120.720949,143,24257.44915066348
2697,37.389817,-120.721193,144,24296.4567551322
2697,37.389508,-120.721319,145,24332.74546183662
2697,37.388615,-120.721807,146,24441.541044709382
2697,37.388376,-120.722065,147,24476.768005339985
2697,37.387711,-120.72287,148,24580.019643310403
2697,37.387438,-120.723106,149,24617.0568736054
2697,37.387277,-120.723202,150,24636.96812708506
2697,37.387157,-120.723245,151,24650.906343644445
2697,37.387012,-120.723277,152,24667.34859162044
2697,37.386126,-120.723315,153,24766.35190264718
2697,37.386049,-120.72332,154,24774.96252880194
2697,37.386023,-120.725487,155,24968.088700245913
2697,37.385964,-120.730637,156,25427.057144428218
2697,37.385945,-120.737099,157,26002.890672679183
2697,37.38749,-120.73708,158,26175.435383756947
2697,37.388257,-120.737059,159,26261.109818520494
2697,37.388427,-120.737112,160,26280.67300094845
2697,37.38876,-120.737048,161,26318.295190490775
2697,37.38905,-120.736978,162,26351.275861655136
2697,37.38957,-120.736817,163,26411.09219348925
2697,37.391326,-120.73627,164,26613.15833231104
2697,37.39147,-120.736667,165,26652.016015894482
2697,37.391871,-120.737418,166,26732.533990797972
2697,37.392434,-120.738201,167,26826.45081708776
2697,37.392945,-120.738748,168,26901.49671759684
2697,37.393644,-120.739285,169,26993.053734825302
2697,37.393772,-120.739381,170,27009.7117375685
2697,37.393823,-120.739467,171,27019.259114757093
2697,37.394505,-120.739778,172,27100.30476527861
2697,37.395886,-120.740304,173,27261.48957486752
2697,37.396934,-120.740798,174,27386.525998111687
2697,37.397923,-120.741398,175,27509.227882064923
2697,37.40256,-120.745239,176,28129.910337051093
2697,37.404861,-120.747149,177,28438.09972590749
2697,37.40665,-120.749059,178,28700.51920475267
2697,37.408236,-120.751033,179,28950.100736036078
2697,37.409633,-120.752492,180,29153.150401593717
2697,37.410877,-120.753522,181,29319.63359465105
2697,37.412889,-120.755088,182,29584.095968413454
2697,37.415189,-120.757535,183,29920.957297666457
2697,37.418802,-120.761611,184,30463.71470231895
2697,37.419586,-120.762491,185,30581.222053040525
2697,37.421376,-120.76453,186,30851.286347007812
2697,37.4225,-120.766118,187,31040.38169904052
2697,37.422799,-120.766568,188,31092.545323848888
2697,37.422875,-120.766606,189,31101.682057598373
2697,37.423557,-120.76755,190,31215.12089639089
2697,37.4244,-120.768676,191,31352.6636276453
2697,37.424852,-120.769213,192,31422.19651499549
2697,37.425244,-120.769578,193,31476.72004709022
2697,37.42613,-120.770264,194,31593.000424921258
2697,37.42619,-120.769696,195,31644.026468256892
2697,37.426394,-120.767582,196,31833.665759109837
2697,37.426599,-120.765705,197,32002.385669627554
2697,37.427851,-120.765656,198,32142.263260249536
2697,37.428942,-120.765592,199,32264.22732242424
2697,37.429334,-120.765764,200,32310.604049274287
2697,37.42976,-120.766107,201,32367.137302143525
2697,37.429998,-120.766622,202,32420.143790651266
2697,37.430169,-120.767115,203,32468.019625598376
2697,37.430186,-120.767716,204,32521.573721135315
2697,37.430186,-120.769047,205,32640.102151238985
2697,37.430177,-120.770495,206,32769.053324567896
2697,37.430254,-120.771514,207,32860.20352851534
2697,37.430356,-120.772136,208,32916.752560148285
2697,37.430612,-120.772609,209,32967.65847323401
2697,37.430986,-120.772952,210,33019.39984444765
2697,37.4335,-120.776,211,33409.88621560096
2697,37.434053,-120.776492,212,33485.600802346074
2697,37.434036,-120.777029,213,33533.45635846608
2697,37.434036,-120.777479,214,33573.527188903056
2697,37.433917,-120.777823,215,33606.91723725602
2697,37.433764,-120.778123,216,33638.62735497852
2697,37.432895,-120.779368,217,33785.96074762067
2697,37.430833,-120.7772,218,34086.44275493891
2697,37.430083,-120.776213,219,34207.848198947344
2697,37.428891,-120.777887,220,34407.698463026136
2697,37.427493,-120.779775,221,34637.12982082865
2697,37.426897,-120.780634,222,34738.52599045668
2697,37.426812,-120.780848,223,34759.81647982205
2697,37.426812,-120.781256,224,34796.150685009474
2697,37.426863,-120.784571,225,35091.42005563677
2697,37.426888,-120.791904,226,35744.454127905585
2697,37.426922,-120.795193,227,36037.372573817374
2697,37.430577,-120.794967,228,36445.9994141855
2697,37.43407,-120.794978,229,36836.04211989769
2697,37.434053,-120.790461,230,37238.25870433677
2697,37.434002,-120.785848,231,37649.06167159515
2697,37.435008,-120.785762,232,37761.6577432305
2697,37.435416,-120.78559,233,37809.72260686191
2697,37.435825,-120.785333,234,37860.80623762257
2697,37.436149,-120.785011,235,37906.96938495488
2697,37.436422,-120.784571,236,37956.61098052292
2697,37.436831,-120.783745,237,38043.18637310279
2697,37.437274,-120.782672,238,38150.77508259609
2697,37.437665,-120.783166,239,38212.75185826427
2697,37.438006,-120.783681,240,38272.356499218644
2697,37.438568,-120.784432,241,38364.06157305502
2697,37.439199,-120.785247,242,38465.20865210822
2697,37.439983,-120.786191,243,38586.57185582964
2697,37.441448,-120.787586,244,38791.97090650633
2697,37.444404,-120.790687,245,39222.29816684384
2697,37.446039,-120.793262,246,39515.36765310082
2697,37.447538,-120.795493,247,39775.11450872615
2697,37.449514,-120.797853,248,40079.79108767449
2697,37.451286,-120.79927,249,40314.44891960926
2697,37.453909,-120.80133,250,40660.0132095073
2697,37.455749,-120.803604,251,40948.439615268624
2697,37.457009,-120.805836,252,41191.89331062239
2697,37.458372,-120.809183,253,41526.444769338
2697,37.46498,-120.825963,254,43192.30639895254
2697,37.472542,-120.845232,255,45103.77354314002
2697,37.477515,-120.857935,256,46363.180242662085
2697,37.47857,-120.859823,257,46568.35971230731
2697,37.479796,-120.861626,258,46779.25295501217
2697,37.481022,-120.862956,259,46960.20131956837
2697,37.482351,-120.864158,260,47143.11250507938
2697,37.484632,-120.865574,261,47427.24863374488
2697,37.493179,-120.87008,262,48462.31519421955
2697,37.504006,-120.875884,263,49776.79000196514
2697,37.506079,-120.876995,264,50028.4528603737
2697,37.50836,-120.878218,265,50305.38355641839
2697,37.510819,-120.879527,266,50603.5940157276
2697,37.513985,-120.8812,267,50987.113681022885
2697,37.51664,-120.882627,268,51309.56464106875
2697,37.518538,-120.883614,269,51538.93249695599
2697,37.51864,-120.883604,270,51550.35527970737
2697,37.519568,-120.883968,271,51658.90367289954
2697,37.520589,-120.884312,272,51776.92974857793
2697,37.521031,-120.884376,273,51826.6052860727
2697,37.521482,-120.884419,274,51877.10352938082
2697,37.52184,-120.884462,275,51917.25601097642
2697,37.521769,-120.882504,276,52091.55346195134
2697,37.521704,-120.877928,277,52498.54597041043
2697,37.521729,-120.877445,278,52541.58826458253
2697,37.521763,-120.877231,279,52560.99354230888
2697,37.521746,-120.875514,280,52713.69307020714
2697,37.521772,-120.870944,281,53120.1019909578
2697,37.521848,-120.870718,282,53141.91755594271
2697,37.521814,-120.869731,283,53229.771351264135
2697,37.521831,-120.867757,284,53405.32552451768
2697,37.521857,-120.863519,285,53782.21537548477
2697,37.521783,-120.861881,286,53928.11498593301
2697,37.521801,-120.861583,287,53954.69193410237
2697,37.52181,-120.860671,288,54035.80149843716
2697,37.521827,-120.859759,289,54116.92714707605
2697,37.521818,-120.858943,290,54189.500435100505
2697,37.52181,-120.858171,291,54258.15977913594
2697,37.519861,-120.858139,292,54475.78931609787
2697,37.519138,-120.858128,293,54556.5200808569
2697,37.5167,-120.858112,294,54828.732871915236
2697,37.514649,-120.858091,295,55057.74000661266
2697,37.50936,-120.858187,296,55648.33239671973
2697,37.507385,-120.858112,297,55868.947185046825
2697,37.506919,-120.858128,298,55920.99676442154
2697,37.506826,-120.858367,299,55944.65563910351
2697,37.506926,-120.858739,300,55979.57708515879
2697,37.507148,-120.858934,301,56009.82979837305
2697,37.507086,-120.859184,302,56033.1191496963
2697,37.506657,-120.858645,303,56100.88935961973
2697,37.506672,-120.858444,304,56118.84611178626
2697,37.506794,-120.858287,305,56138.35414270448
2697,37.506828,-120.858058,306,56159.07385852825
2697,37.507222,-120.858034,307,56203.11675994192
2697,37.507422,-120.85823,308,56231.44664852874
2697,37.5073,-120.867242,309,57033.14588343231
2697,37.507292,-120.871759,310,57434.913139010336
2697,37.5074,-120.873,311,57545.95045797163
2697,37.507283,-120.875106,312,57733.722909359145
2697,37.507275,-120.877166,313,57916.95070225039
2697,37.507266,-120.878475,314,58033.383061377244
2697,37.507096,-120.878422,315,58052.940044630996
2697,37.505241,-120.877081,316,58291.940066708965
2697,37.504236,-120.876426,317,58418.37124281556
2697,37.504177,-120.876308,318,58430.76302358735
2697,37.503555,-120.875975,319,58506.26189680486
2697,37.499197,-120.873674,320,59034.12821681326
2697,37.494294,-120.870992,321,59631.281358232074
2697,37.492192,-120.869898,322,59885.35050571695
2697,37.488157,-120.867709,323,60376.15214138595
2697,37.48327,-120.865134,324,60967.93762002543
2697,37.482282,-120.864447,325,61094.05290845283
2697,37.481363,-120.863675,326,61217.53037271364
2697,37.480478,-120.862795,327,61343.60475498591
2697,37.479643,-120.861851,328,61469.09212801231
2697,37.478724,-120.860585,329,61621.46754656319
2697,37.477804,-120.858954,330,61799.27041000526
2697,37.476561,-120.856143,331,62085.32464521522
2697,37.475624,-120.85374,332,62323.37654885565
2697,37.472644,-120.846187,333,63073.351134749515
2697,37.469936,-120.839299,334,63756.84721833681
2697,37.468012,-120.834364,335,64245.76737921818
2697,37.465832,-120.828892,336,64790.214031284224
2697,37.462324,-120.82003,337,65670.86924751275
2697,37.458917,-120.811318,338,66534.60563963052
2697,37.456958,-120.806404,339,67023.6630655234
2697,37.456566,-120.805696,340,67100.39495801569
2697,37.456107,-120.804838,341,67192.373474036
2697,37.455425,-120.803808,342,67311.56175482979
2697,37.454608,-120.802692,343,67446.43831379699
2697,37.453756,-120.801748,344,67573.37362850153
2697,37.452921,-120.800976,345,67689.20220075466
2697,37.451678,-120.799967,346,67854.5279383426
2697,37.450877,-120.799409,347,67956.8383808523
2697,37.449787,-120.798572,348,68099.54836688552
2697,37.448748,-120.797628,349,68242.8063622936
2697,37.447623,-120.796319,350,68414.15771993733
2697,37.446652,-120.79501,351,68573.3339617289
2697,37.44563,-120.793229,352,68768.69307376217
2697,37.444625,-120.791577,353,68953.69607333654
2697,37.444046,-120.790805,354,69048.05856863865
2697,37.442887,-120.789453,355,69224.80404642758
2697,37.44069,-120.787414,356,69529.99849607893
2697,37.440076,-120.786856,357,69614.66951754072
2697,37.439991,-120.786851,358,69624.17149246704
2697,37.439403,-120.786379,359,69702.12859716474
2697,37.438023,-120.785306,360,69883.44053809707
2697,37.43666,-120.784276,361,70061.13708827419
2697,37.436452,-120.784684,362,70104.25647076221
2697,37.43629,-120.784931,363,70132.73373521806
2697,37.436009,-120.785242,364,70174.58395111824
2697,37.435651,-120.785564,365,70223.7792070629
2697,37.435404,-120.785703,366,70254.01034478864
2697,37.435165,-120.78581,367,70282.34807671631
2697,37.434697,-120.785928,368,70335.65327871336
2697,37.434296,-120.785928,369,70380.43108230886
2697,37.43416,-120.785971,370,70396.09282105978
2697,37.434083,-120.786079,371,70408.99295505408
2697,37.434058,-120.786443,372,70441.52532466014
2697,37.434117,-120.790488,373,70801.77117043166
2697,37.434143,-120.794361,374,71146.65095126732
2697,37.434143,-120.795069,375,71209.69389098357
2697,37.430905,-120.795241,376,71571.5852470482
2697,37.428222,-120.795316,377,71871.25337869182
2697,37.426841,-120.795273,378,72025.50847737968
2697,37.42682,-120.792068,379,72310.93176812315
2697,37.426714,-120.784062,380,73023.99225206763
2697,37.426714,-120.781755,381,73229.44047648738
2697,37.426731,-120.780832,382,73311.65969570776
2697,37.426799,-120.780661,383,73328.6761623804
2697,37.426969,-120.780382,384,73359.94431457478
2697,37.427353,-120.779791,385,73427.8317729791
2697,37.42835,-120.77845,386,73591.09846515817
2697,37.430079,-120.776079,387,73877.20675748405
2697,37.430714,-120.77675,388,73969.93460715542
2697,37.432865,-120.779212,389,74295.14097600145
2697,37.433853,-120.777817,390,74461.2815609628
2697,37.43393,-120.777506,391,74490.27910758092
2697,37.433964,-120.777217,392,74516.29207146855
2697,37.433964,-120.776519,393,74578.44648013634
2697,37.432622,-120.775119,394,74773.37955736092
2697,37.430931,-120.773064,395,75036.33277747026
2697,37.430735,-120.772893,396,75062.99579764767
2697,37.43059,-120.772721,397,75085.2843173323
2697,37.430454,-120.77255,398,75106.79067529668
2697,37.430343,-120.772324,399,75130.42706291426
2697,37.430241,-120.772035,400,75158.57080808489
2697,37.430173,-120.771702,401,75189.18177650533
2697,37.430096,-120.770532,402,75293.72662340722
2697,37.430088,-120.768333,403,75489.55429103374
2697,37.430088,-120.767807,404,75536.39581424861
2697,37.430045,-120.767174,405,75592.97014722244
2697,37.429951,-120.766724,406,75634.39577668987
2697,37.429806,-120.76638,407,75669.04591033277
2697,37.429645,-120.766155,408,75695.96637632011
2697,37.42944,-120.765941,409,75725.75284166
2697,37.42921,-120.765801,410,75754.30277124041
2697,37.428946,-120.765705,411,75784.9979468944
2697,37.428209,-120.765764,412,75867.4654937248
2697,37.426663,-120.76579,413,76040.1211668943
2697,37.426177,-120.770372,414,76451.77222857896
2697,37.425938,-120.772539,415,76646.59475253672
2697,37.425589,-120.772195,416,76696.16650725168
2697,37.425086,-120.771638,417,76771.10385003232
2697,37.424959,-120.771444,418,76793.45618708347
2697,37.423817,-120.769106,419,77037.62421933895
2697,37.42334,-120.768258,420,77130.04153717872
2697,37.423297,-120.768119,421,77143.31957573933
2697,37.422973,-120.76755,422,77205.5855142987
2697,37.421359,-120.76512,423,77487.2272941143
2697,37.420967,-120.764669,424,77546.63795117663
2697,37.418018,-120.7613,425,77992.15412530156
2697,37.415667,-120.75864,426,78345.79011422025
2697,37.413093,-120.755786,427,78729.51672654747
2697,37.412156,-120.754949,428,78857.99693913119
2697,37.411116,-120.754176,429,78993.0122456414
2697,37.409514,-120.75291,430,79204.48777196507
2697,37.408866,-120.752288,431,79295.62718810629
2697,37.408082,-120.751473,432,79409.36338746916
2697,37.407281,-120.750464,433,79536.17083759097
2697,37.406378,-120.749305,434,79680.4918756743
2697,37.405679,-120.748512,435,79785.77087171921
2697,37.404895,-120.747696,436,79899.56663260271
2697,37.403344,-120.746387,437,80108.3688877081
2697,37.398503,-120.742375,438,80756.45391139801
2697,37.397667,-120.741709,439,80867.07363419383
2697,37.396985,-120.741237,440,80954.07351945044
2697,37.396338,-120.740916,441,81031.7806542812
2697,37.395315,-120.740529,442,81151.11264195402
2697,37.393832,-120.73995,443,81324.57331928011
2697,37.393218,-120.739607,444,81399.64334462918
2697,37.392962,-120.739499,445,81429.80787521116
2697,37.392796,-120.739424,446,81449.51339827791
2697,37.392063,-120.738963,447,81541.09811327737
2697,37.391211,-120.738394,448,81648.9090507784
2697,37.390776,-120.738147,449,81702.24018567492
2697,37.39029,-120.737869,450,81761.89931887438
2697,37.39,-120.737622,451,81801.0554801603
2697,37.389813,-120.737396,452,81830.06630575722
2697,37.389548,-120.736903,453,81883.03353020872
2697,37.388892,-120.737091,454,81958.18263031285
2697,37.388397,-120.737171,455,82013.91901690165
2697,37.388274,-120.737225,456,82028.47333574043
2697,37.387779,-120.737249,457,82083.79332811912
2697,37.385891,-120.737257,458,82294.63508101646
2697,37.385891,-120.735154,459,82482.03313255483
2697,37.385908,-120.731474,460,82809.96441547511
2697,37.385942,-120.727569,461,83157.96271435113
2697,37.38593,-120.723224,462,83545.1538518492
2697,37.386266,-120.723159,463,83583.12158939624
2697,37.386974,-120.723224,464,83662.40044483017
2697,37.387144,-120.723181,465,83681.76827432726
2697,37.387315,-120.723106,466,83702.00065950253
2697,37.387485,-120.722977,467,83724.19457597146
2697,37.38769,-120.722795,468,83752.25066258207
2697,37.388201,-120.722162,469,83832.48954320532
2697,37.388611,-120.721738,470,83891.8526961692
2697,37.388917,-120.721545,471,83930.10932846447
2697,37.389128,-120.7214,472,83956.98305945299
2697,37.38935,-120.721225,473,83986.27172325311
2697,37.390017,-120.720922,474,84065.50247421284
2697,37.389412,-120.719281,475,84226.58283805313
2697,37.389369,-120.719109,476,84242.64411985977
2697,37.389352,-120.718948,477,84257.11560538373
2697,37.389493,-120.718103,478,84334.04088037983
2697,37.389497,-120.717929,479,84349.55212917078
2697,37.389514,-120.716545,480,84472.89253288803
2697,37.389518,-120.7125,481,84833.33711610817
2697,37.389497,-120.712189,482,84861.14905005772
2697,37.387579,-120.712296,483,85075.56047797343
2697,37.386514,-120.712361,484,85194.63900008524
2697,37.386309,-120.712404,485,85217.85154121362
2697,37.38567,-120.712683,486,85293.42108073684
2697,37.384178,-120.713348,487,85470.26976163081
2697,37.383879,-120.712264,488,85572.47931382568
2697,37.383504,-120.711105,489,85683.93231601073
2697,37.383266,-120.710515,490,85742.84746297973
2697,37.382967,-120.709893,491,85807.55903499553
2697,37.382567,-120.70911,492,85890.41222339022
2697,37.382567,-120.708863,493,85912.42430236368
2697,37.381701,-120.707002,494,86104.41296452416
2697,37.380559,-120.703847,495,86413.15965778884
2697,37.379502,-120.700972,496,86695.26968704772
2697,37.377609,-120.695736,497,87207.57878723419
2697,37.376245,-120.69211,498,87564.85535781844
2697,37.375682,-120.690501,499,87721.44131845336
2697,37.375171,-120.688527,500,87906.40650969885
2697,37.374813,-120.68593,501,88141.3046755272
2697,37.374471,-120.684278,502,88293.42191870288
2697,37.374045,-120.682776,503,88435.49998630286
2697,37.373465,-120.68121,504,88589.37935002093
2697,37.37292,-120.680008,505,88712.60039516908
2697,37.372204,-120.67872,506,88852.50981692194
2697,37.37118,-120.677176,507,89031.45098753298
2697,37.370464,-120.67591,508,89169.75865244176
2697,37.369935,-120.674815,509,89283.85261052076
2697,37.3691,-120.672519,510,89508.76012659461
2697,37.365774,-120.66355,511,90390.35467930867
2697,37.363523,-120.657327,512,90999.42072481524
2697,37.36325,-120.656533,513,91076.4922707388
2697,37.362892,-120.654945,514,91223.59873925503
2697,37.362125,-120.65074,515,91608.1372331625
2697,37.36163,-120.648894,516,91781.74824145486
2697,37.361289,-120.647972,517,91872.3410418683
2697,37.360556,-120.646298,518,92042.56295717617
2697,37.359873,-120.645053,519,92177.24592141621
2697,37.358611,-120.643036,520,92405.7305218189
2697,37.35781,-120.64147,521,92571.55389533141
2697,37.357264,-120.640247,522,92696.48837152406
2697,37.356241,-120.6375,523,92966.74901701369
2697,37.355166,-120.634775,524,93237.76034795081
2697,37.354501,-120.63308,525,93406.15536445346
2697,37.353938,-120.631492,526,93561.08154951489
2697,37.353153,-120.629443,527,93763.72824681753
2697,37.352787,-120.62837,528,93867.76968659951
2697,37.352437,-120.62734,529,93967.58389417846
2697,37.351934,-120.626031,530,94097.11987009498
2697,37.351593,-120.62513,531,94186.0302065282
2697,37.351303,-120.624368,532,94261.30150866866
2697,37.350296,-120.621622,533,94530.75519405668
2697,37.349789,-120.620313,534,94660.48979587223
2697,37.349205,-120.618714,535,94817.2855743402
2697,37.348671,-120.617223,536,94963.00576080635
2697,37.34804,-120.615525,537,95130.01974972668
2697,37.347571,-120.614251,538,95255.12220677877
2697,37.34736,-120.613674,539,95311.71607417104
2697,37.347162,-120.61309,540,95368.29501720695
2697,37.346949,-120.612599,541,95418.12582098496
2697,37.346889,-120.612266,542,95448.56773577265
2697,37.346855,-120.612051,543,95468.11274142237
2697,37.346915,-120.611976,544,95477.58081830641
2697,37.346906,-120.611783,545,95494.82081608233
2697,37.346546,-120.610735,546,95596.55954576326
2697,37.345934,-120.609073,547,95759.7741419243
2697,37.345794,-120.608695,548,95796.93328832547
2697,37.345755,-120.608629,549,95804.25565514882
2697,37.345691,-120.608586,550,95812.36779225596
2697,37.345646,-120.608532,551,95819.32866211489
2697,37.345596,-120.608435,552,95829.62502930503
2697,37.345553,-120.608321,553,95840.86863682781
2697,37.345553,-120.608213,554,95850.4997069079
2697,37.345571,-120.608134,555,95857.82593569931
2697,37.345484,-120.607858,556,95884.28761810726
2697,37.345064,-120.606784,557,95990.93606614231
2697,37.344799,-120.606387,558,96037.08320289552
2697,37.34462,-120.606043,559,96073.70075291225
2697,37.343844,-120.603962,560,96278.52555240548
2697,37.34271,-120.600775,561,96589.6905208237
2697,37.341588,-120.597755,562,96886.75116346379
2697,37.34094,-120.596017,563,97057.81911175959
2697,37.339788,-120.592831,564,97369.74084786371
2697,37.338415,-120.589108,565,97735.49066801107
2697,37.337041,-120.585337,566,98105.18554234962
2697,37.336077,-120.582697,567,98364.10311728045
2697,37.336094,-120.58259,568,98373.83370985716
2697,37.334815,-120.579307,569,98699.646896496
2697,37.332972,-120.574157,570,99203.0242632322
2697,37.331368,-120.56978,571,99632.59385970123
2697,37.328366,-120.561583,572,100437.00888604386
2697,37.326062,-120.555253,573,101057.56929685408
2697,37.323076,-120.547121,574,101856.03519381472
2697,37.320141,-120.539117,575,102641.78265138334
2697,37.317018,-120.530641,576,103474.6021238871
2697,37.314219,-120.522981,577,104226.19056471527
2697,37.313861,-120.522037,578,104319.43310058853
2697,37.313366,-120.520728,579,104448.66090614216
2697,37.312837,-120.519204,580,104596.93098947979
2697,37.312342,-120.517938,581,104722.70372307701
2697,37.311608,-120.5159,582,104922.18668486364
2697,37.311028,-120.514333,583,105076.29506942816
2697,37.310448,-120.512692,584,105236.42010214973
2697,37.309944,-120.511442,585,105361.36652740327
2697,37.309304,-120.509629,586,105538.24221320891
2697,37.308809,-120.50803,587,105691.26970763742
2697,37.308553,-120.506925,588,105793.93856216689
2697,37.308127,-120.505047,589,105968.15035758397
2697,37.307666,-120.503781,590,106092.30936224917
2697,37.307094,-120.502269,591,106241.6038033149
2697,37.305899,-120.498943,592,106567.05484912141
2697,37.30537,-120.497596,593,106701.00381394496
2697,37.305072,-120.497135,594,106753.92693056332
2697,37.304969,-120.496405,595,106820.08159460219
2697,37.303723,-120.492967,596,107156.99811341609
2697,37.30193780321628,-120.4881344049282,597,107632.16416537721
2697,37.301923,-120.488088,598,107637.47786490982
2693,37.301814,-120.488202,0,0
2693,37.301735,-120.48803199999998,1,17.552268229079036
2693,37.301649,-120.48787600000004,2,34.46813202378084
2693,37.301786,-120.487688,3,57.178780887731676
2693,37.301479,-120.48690499999998,4,135.02219484597248
2693,37.301022,-120.48566,5,257.3039097845417
2693,37.300548,-120.48447199999998,6,375.8195050642968
2693,37.299772,-120.482372,7,582.3224828050196
2693,37.30182,-120.48123499999996,8,832.6189283000678
2693,37.301998,-120.481098,9,855.9633070026687
2693,37.304635,-120.479583,10,1180.1153953466037
2693,37.304739,-120.479465,11,1195.7965543188784
2693,37.304193,-120.478005,12,1339.6657277317786
2693,37.306881,-120.47648200000005,13,1669.2985810661262
2693,37.307034,-120.476957,14,1715.0051665268138
2693,37.307495,-120.47812299999998,15,1831.1093486260354
2693,37.307128,-120.478314,16,1875.5128251958802
2693,37.304833,-120.47969,17,2159.801558687955
2693,37.302424,-120.473033,18,2812.030520497874
2693,37.299334,-120.464624,19,3638.1299784117173
2693,37.297508,-120.45964600000002,20,4127.036184078085
2693,37.295699,-120.454718,21,4611.107960653643
2693,37.295426,-120.453941,22,4686.872883401082
2693,37.29537,-120.453828,23,4698.742119998399
2693,37.295294,-120.453772,24,4708.595279568321
2693,37.295198,-120.453737,25,4719.766652758619
2693,37.295144,-120.453238,26,4764.713932778172
2693,37.295128,-120.45254899999998,27,4826.239844549672
2693,37.295119,-120.45164799999998,28,4906.6692442769
2693,37.293819,-120.45169900000002,29,5051.9843286901905
2693,37.292304,-120.451709,30,5221.251524325279
2693,37.291271,-120.45172000000002,31,5336.66862746171
2693,37.288996,-120.451732,32,5590.847468780404
2693,37.287822,-120.45174099999996,33,5722.0162216900635
2693,37.2878,-120.44799999999998,34,6055.9803348028545
2693,37.2878,-120.445,35,6323.788658186744
2693,37.287729,-120.43679600000002,36,7056.205254127661
2693,37.287703,-120.43359900000002,37,7341.620104556963
2693,37.280533,-120.433588,38,8142.720069852958
2693,37.2805,-120.435,39,8268.837300056743
2693,37.2806,-120.44,40,8715.374396054907
2693,37.2806,-120.44299999999998,41,8983.210818748263
2693,37.2806,-120.44600000000004,42,9251.045910953855
2693,37.280584,-120.446484,43,9294.293480739037
2693,37.2827,-120.449,44,9620.400236102996
2693,37.284331,-120.45128,45,9893.597314036844
2693,37.284852,-120.45145200000002,46,9953.797744021498
2693,37.285347,-120.45151599999996,47,10009.39646552522
2693,37.287172,-120.451595,48,10213.418361818485
2693,37.288991,-120.451576,49,10416.655036502341
2693,37.290067,-120.451441,50,10537.47473336192
2693,37.291484,-120.45149400000004,51,10695.861174697662
2693,37.291553,-120.451527,52,10704.113895785402
2693,37.291553,-120.453286,53,10861.129397449797
2693,37.291514,-120.454407,54,10961.289033266232
2693,37.291589,-120.456033,55,11106.673420350227
2693,37.291625,-120.460646,56,11518.463888120232
2693,37.291582,-120.46155299999998,57,11599.567593484087
2693,37.292188314103434,-120.46282664187244,58,11731.906838127526
2693,37.292722,-120.46392400000002,59,11846.579089806424
2693,37.293046,-120.46457299999996,60,11914.888960385404
2693,37.293144,-120.464696,61,11930.39437195494
2693,37.293264,-120.46477099999998,62,11945.379685789003
2693,37.293452,-120.46472799999998,63,11966.73152166622
2693,37.293648,-120.46468600000004,64,11988.947930888473
2693,37.293849,-120.46468,65,12011.41075388807
2693,37.294015,-120.464696,66,12030.011772779782
2693,37.29422,-120.46477099999998,67,12053.873416251252
2693,37.294416,-120.46486800000002,68,12077.420757079677
2693,37.294572,-120.464973,69,12097.209717622125
2693,37.294711,-120.46518400000002,70,12121.620161894098
2693,37.294839,-120.465345,71,12141.89381629097
2693,37.294937,-120.465555,72,12163.601506031777
2693,37.295193,-120.465512,73,12192.459073372782
2693,37.295163,-120.46383300000002,74,12342.36059366119
2693,37.295154,-120.461794,75,12524.360872682186
2693,37.295163,-120.45972899999998,76,12708.682454999736
2693,37.295171,-120.45901500000002,77,12772.41944308947
2693,37.295159,-120.45721300000002,78,12933.269569441747
2693,37.295129,-120.454906,79,13139.217886538021
2693,37.295154,-120.453533,80,13261.803009841024
2693,37.295265,-120.45360800000005,81,13275.896062433116
2693,37.295406,-120.45376399999998,82,13296.92122106639
2693,37.295595,-120.45419500000004,83,13340.806112944276
2693,37.296016,-120.45532500000002,84,13452.096793413995
2693,37.297602,-120.459635,85,13875.642169417162
2693,37.299615,-120.46513800000002,86,14415.849334000839
2693,37.302392,-120.472534,87,15145.221380126648
2693,37.304321,-120.477823,88,15664.1170229506
2693,37.306838,-120.47639600000002,89,15972.812625545443
2693,37.307014,-120.47693700000002,90,16024.943100311148
2693,37.307367,-120.47808099999996,91,16134.387998460601
2693,37.304585,-120.479743,92,16478.772497477967
2693,37.302255,-120.48117,93,16768.56513926118
2693,37.30188,-120.48131,94,16812.283809063218
2693,37.29996,-120.48246899999998,95,17050.424997925773
2693,37.301086,-120.485387,96,17339.643557622952
2693,37.300429,-120.48573,97,17419.171160601723
2693,37.301538,-120.48875599999997,98,17716.29846854425
2693,37.301803,-120.488608,99,17748.71689226347
2693,37.301807,-120.48843,100,17764.609047612805
2693,37.301814,-120.488202,101,17767.842890999862
20185,37.301814,-120.488202,0,0
20185,37.30185,-120.488353,1,14.063571259263291
20185,37.301816,-120.48845,2,23.517155583393954
20185,37.301841,-120.488579,3,35.36388858094803
20185,37.301805,-120.488675,4,44.82857785936653
20185,37.300768,-120.489255,5,171.71940404903313
20185,37.299644,-120.486127,6,477.83044293349093
20185,37.300924,-120.485387,7,635.3460067570537
20185,37.299917,-120.482651,8,904.2007395459646
20185,37.29757,-120.476353,9,1524.4557459065197
20185,37.297314,-120.475731,10,1586.9056644401526
20185,37.296921,-120.475034,11,1663.0494659083486
20185,37.296742,-120.474926,12,1685.2496157127703
20185,37.296452,-120.474454,13,1738.3956694482536
20185,37.296059,-120.473639,14,1823.3623957797824
20185,37.29419,-120.468585,15,2320.4509377397876
20185,37.29425,-120.468457,16,2333.6973646322704
20185,37.294676,-120.468156,17,2388.350871453901
20185,37.294941,-120.467899,18,2425.8043077638426
20185,37.295103,-120.467598,19,2458.1985982466804
20185,37.295171,-120.467019,20,2510.4341576434535
20185,37.295136,-120.463772,21,2800.2807454692875
20185,37.295111,-120.459729,22,3161.1633227468988
20185,37.295052,-120.45776,23,3337.037684574316
20185,37.295151,-120.455,24,3583.641342778852
20185,37.295069,-120.447224,25,4277.787560680766
20185,37.294933,-120.425434,26,6222.872743230687
20185,37.295069,-120.41522,27,7134.7488287397155
20185,37.295052,-120.406895,28,7877.890582807005
20185,37.29524,-120.397711,29,8697.989452256572
20185,37.295854,-120.380202,30,10262.499836663901
20185,37.295948,-120.379107,31,10360.812789253594
20185,37.295957,-120.37636,32,10606.039177280494
20185,37.295598,-120.352178,33,12765.189395301808
20185,37.295428,-120.337329,34,14090.974642606427
20185,37.295342,-120.324787,35,15210.734492882384
20185,37.295329,-120.322754,36,15392.243836643336
20185,37.294416,-120.322797,37,15494.343754123413
20185,37.293708,-120.322759,38,15573.535436019138
20185,37.293721,-120.321166,39,15715.767300301333
20185,37.291821,-120.32115,40,15928.097626391565
20185,37.2918178816451,-120.320709009688,41,15967.472242943268
20185,37.2917999221481,-120.31952444047546,42,16073.25370258363
20185,37.291820960990414,-120.31808660118864,43,16201.650753413123
20185,37.29180024318584,-120.31685847354126,44,16311.327143335362
20185,37.2918130077568,-120.31486299601744,45,16489.49723803557
20185,37.29178378944792,-120.31293681847004,46,16661.505816988854
20185,37.290767,-120.312942,47,16775.134831329
20185,37.290784,-120.314632,48,16926.039508982238
20185,37.2908,-120.321,49,17494.609253286984
20185,37.290804,-120.321174,50,17510.15118673413
20185,37.290138,-120.321174,51,17584.576871802084
20185,37.290108,-120.321281,52,17594.70155393252
20185,37.29002,-120.321378,53,17607.80557452001
20185,37.2883,-120.319278,54,17876.323570461707
20185,37.28801,-120.319637,55,17921.905801239955
20185,37.287972,-120.319701,56,17929.025333786238
20185,37.28796782286662,-120.32494769115448,57,18397.490638504314
20185,37.28464251282544,-120.32494278440856,58,18769.092906568898
20185,37.28464678094879,-120.32354248877716,59,18894.128196106973
20185,37.284638127107264,-120.3229656010202,60,18945.64848483253
20185,37.28436916287081,-120.32235194054024,61,19008.14557025164
20185,37.28428380004307,-120.32198179569616,62,19042.545684383927
20185,37.284284,-120.320786,63,19149.321007433988
20185,37.284254,-120.320678,64,19159.530705637622
20185,37.284272,-120.319905,65,19228.583085875664
20185,37.284272,-120.318945,66,19314.303967630967
20185,37.284263,-120.318156,67,19384.763103685807
20185,37.284267,-120.317486,68,19444.590972469567
20185,37.28425,-120.316697,69,19515.068720414296
20185,37.284241,-120.316166,70,19562.494004357522
20185,37.284306,-120.315828,71,19593.536878973187
20185,37.284429,-120.315635,72,19615.580738145145
20185,37.283939,-120.315002,73,19694.278070823228
20185,37.280562,-120.310791,74,20227.021269109322
20185,37.262885,-120.28892,75,23005.14162122056
20185,37.234347,-120.253193,76,27517.43478174794
20185,37.234031,-120.252829,77,27565.449105762666
20185,37.233707,-120.252614,78,27606.441810379856
20185,37.232295,-120.25446,79,27834.734663354026
20185,37.23206652949014,-120.25477562698364,80,27872.78184697017
20185,37.23179292526986,-120.25444337168884,81,27915.404389445066
20185,37.231259135871866,-120.2538422685089,82,27995.683229802235
20185,37.230507857670936,-120.25292469577026,83,28113.04683950141
20185,37.2297517263516,-120.25198061376956,84,28232.461755625467
20185,37.229248864118496,-120.25128825404234,85,28316.050982857614
20185,37.2288,-120.252,86,28397.061327839834
20185,37.228436,-120.252239,87,28443.009530348936
20185,37.2284,-120.248,88,28821.87020817346
20185,37.228436,-120.246257,89,28977.69481386787
20185,37.233002,-120.251906,90,29695.52541750156
20185,37.233433,-120.252298,91,29755.08632452162
20185,37.234027,-120.252732,92,29831.972384471166
20185,37.234292,-120.253027,93,29871.622578703656
20185,37.242304,-120.262957,94,31132.233386164902
20185,37.262432,-120.287987,95,34304.04655871201
20185,37.280652,-120.310743,96,37180.92852379894
20185,37.284015,-120.314927,97,37710.86179648138
20185,37.284557,-120.315624,98,37797.707197038064
20185,37.284365,-120.315877,99,37828.863718601424
20185,37.284314,-120.316182,100,37856.68804330842
20185,37.284322,-120.316713,101,37904.111041498065
20185,37.284327,-120.317497,102,37974.118881570845
20185,37.284335,-120.318162,103,38033.505292406306
20185,37.28434,-120.318961,104,38104.85229665216
20185,37.284344,-120.319905,105,38189.1456019035
20185,37.284309123009336,-120.3206404490738,106,38254.93116672108
20185,37.2843414537227,-120.32080133682092,107,38269.74456242322
20185,37.284337185582025,-120.3219493222793,108,38372.25183298999
20185,37.2844438890259,-120.32231946712336,109,38407.38803135869
20185,37.28469570855355,-120.32294710403283,110,38470.09928834705
20185,37.28471551385226,-120.32355287039184,111,38524.234331834545
20185,37.28471063737262,-120.3248140555725,112,38636.84856874829
20185,37.28787346412006,-120.32479714022828,113,38990.296448272784
20185,37.287891,-120.319637,114,39451.03837875492
20185,37.287925,-120.319546,115,39460.00808621942
20185,37.288309,-120.319138,116,39516.29812828762
20185,37.289897,-120.321069,117,39763.72099202354
20185,37.29053,-120.321075,118,39834.46095901165
20185,37.2905,-120.321,119,39841.94965798632
20185,37.290507,-120.317341,120,40168.644962585495
20185,37.290533,-120.315034,121,40374.647284009654
20185,37.290533,-120.312814,122,40572.861987928685
20185,37.29186447319416,-120.31282954232788,123,40721.663042841945
20185,37.29189407952947,-120.31486291136169,124,40903.24111865579
20185,37.291884949045475,-120.31863886508177,125,41240.374355298285
20185,37.29188558524503,-120.3200613227539,126,41367.376328118386
20185,37.29187718120339,-120.3210264490738,127,41453.55110174382
20185,37.2924,-120.321,128,41512.02396423932
20185,37.293789,-120.321069,129,41667.36732591639
20185,37.293814,-120.322593,130,41803.45993957639
20185,37.294681,-120.322539,131,41900.46707031307
20185,37.295397254835926,-120.3225603558197,132,41980.53125794692
20185,37.29540178985956,-120.32397663558196,133,42106.97584059145
20185,37.29540205737009,-120.32473363558196,134,42174.55967150048
20185,37.295398,-120.3249,135,42189.41934501612
20185,37.295871,-120.353873,136,44776.55205032616
20185,37.29623,-120.376318,137,46780.65538266836
20185,37.296196,-120.378807,138,47002.87984629222
20185,37.295513,-120.397668,139,48688.30028066537
20185,37.295317,-120.415778,140,50305.05955200385
20185,37.295342,-120.431807,141,51735.87133678333
20185,37.295278,-120.455233,142,53826.90896484654
20185,37.295285,-120.458774,143,54142.97578497399
20185,37.295289,-120.464079,144,54616.49109669325
20185,37.295462,-120.466955,145,54873.92244255839
20185,37.295359,-120.467491,146,54923.12883271112
20185,37.295103,-120.468071,147,54982.273414548414
20185,37.294745,-120.468457,148,55035.06342923441
20185,37.294574,-120.468607,149,55058.392450849686
20185,37.29547,-120.471547,150,55339.253820897466
20185,37.296255,-120.473639,151,55545.54789847804
20185,37.296913,-120.474755,152,55669.34606301507
20185,37.29693,-120.474873,153,55680.04795487049
20185,37.297382,-120.475667,154,55767.066866982066
20185,37.297689,-120.47631,155,55833.924876355195
20185,37.297869,-120.476847,156,55885.90164140873
20185,37.301018,-120.48543,157,56728.860730309454
20185,37.301419,-120.486546,158,56838.07250992775
20185,37.301675,-120.487211,159,56903.95350817385
20185,37.301758,-120.487468,160,56928.6933991661
20185,37.301756,-120.487742,161,56953.148004536204
20185,37.301696,-120.487881,162,56967.24848168778
20185,37.301768,-120.488164,163,56993.755239787584
20185,37.301814,-120.488202,164,56994.44105294831
8182,37.30195,-120.488176,0,0
8182,37.301923,-120.488088,1,8.413030315141626
8182,37.3015,-120.48691,2,123.67848263478716
8182,37.302554,-120.48632,3,252.6676813747976
8182,37.303557,-120.485773,4,374.8944828047071
8182,37.304124,-120.487307,5,525.7401323093864
8182,37.304798,-120.489078,6,700.8106495580563
8182,37.306633,-120.494013,7,1186.592417865964
8182,37.307982,-120.497843,8,1560.128714562589
8182,37.306002,-120.49898,9,1803.4898238276035
8182,37.307051,-120.501866,10,2086.4432288583685
8182,37.307154,-120.50192,11,2098.9183365191234
8182,37.308195,-120.50442,12,2350.504369864645
8182,37.308587,-120.504892,13,2411.2650136336333
8182,37.309176,-120.505085,14,2479.28235025287
8182,37.309577,-120.505149,15,2524.4430706301514
8182,37.309927,-120.505149,16,2563.543702601627
8182,37.311578,-120.505064,17,2748.142867894799
8182,37.315917,-120.504968,18,3232.95474044814
8182,37.318998,-120.504892,19,3577.2188847715406
8182,37.31916,-120.504892,20,3595.3168961054835
8182,37.326344,-120.504677,21,4398.114786205602
8182,37.326335,-120.503905,22,4466.995906134224
8182,37.326316,-120.503299,23,4521.101763339149
8182,37.326318,-120.50281,24,4564.728446455028
8182,37.326271,-120.501662,25,4667.28188284619
8182,37.326226,-120.499662,26,4845.783457047227
8182,37.326207,-120.499082,27,4897.572029053859
8182,37.32628,-120.498632,28,4938.539028058565
8182,37.326429,-120.498235,29,4977.674197128851
8182,37.326779,-120.497736,30,5036.926097305251
8182,37.327227,-120.497189,31,5106.829181559474
8182,37.327401,-120.496931,32,5136.9567194300935
8182,37.327534,-120.496518,33,5176.685432306605
8182,37.327653,-120.495794,34,5242.630641407323
8182,37.327734,-120.495091,35,5305.997835067691
8182,37.327734,-120.494678,36,5342.843402620008
8182,37.32764,-120.494249,37,5382.5310288687315
8182,37.327423,-120.493766,38,5431.973198681233
8182,37.327005,-120.492833,39,5527.415686245684
8182,37.326864,-120.492446,40,5565.365825930815
8182,37.326774,-120.491958,41,5610.049150684347
8182,37.326762,-120.49095,42,5699.988982446592
8182,37.32674,-120.490065,43,5778.983626480949
8182,37.326382,-120.488681,44,5908.775458752862
8182,37.326339,-120.487683,45,5997.943603688084
8182,37.326336,-120.486846,46,6072.619187234825
8182,37.326574,-120.486803,47,6099.483740754072
8182,37.327026,-120.486808,48,6149.982890888681
8182,37.32805,-120.486766,49,6264.444932429216
8182,37.328447,-120.486712,50,6309.058426444674
8182,37.329086,-120.486696,51,6380.461417342427
8182,37.329615,-120.486696,52,6439.561000636982
8182,37.329841,-120.486631,53,6465.466952104932
8182,37.330208,-120.486647,54,6506.492828861386
8182,37.330733,-120.486535,55,6565.990532290971
8182,37.331172,-120.486385,56,6616.828208359235
8182,37.331637,-120.486358,57,6668.833584524431
8182,37.331961,-120.486331,58,6705.110755224458
8182,37.332226,-120.486336,59,6734.7197827115
8182,37.332222,-120.486588,60,6757.205219503358
8182,37.332217,-120.487232,61,6814.659329643942
8182,37.332209,-120.487844,62,6869.263259878613
8182,37.332202,-120.48851,63,6928.682313644871
8182,37.332191,-120.489268,64,6996.314642231166
8182,37.332184,-120.489692,65,7034.147723799323
8182,37.332187,-120.490209,66,7080.270426085553
8182,37.332182,-120.490617,67,7116.672297568608
8182,37.332171,-120.491143,68,7163.61269377753
8182,37.332165,-120.491652,69,7209.0253496012465
8182,37.332164,-120.491977,70,7238.018680442741
8182,37.332161,-120.492349,71,7271.206320859426
8182,37.332154,-120.492622,72,7295.573065868121
8182,37.332149,-120.493091,73,7337.416026241698
8182,37.332144,-120.49344,74,7368.555115749327
8182,37.332143,-120.493851,75,7405.220325972862
8182,37.332137,-120.494183,76,7434.845395499755
8182,37.332131,-120.494463,77,7459.832979288609
8182,37.332123,-120.494863,78,7495.527855496544
8182,37.332119,-120.49511,79,7517.567052241979
8182,37.332118,-120.495177,80,7523.545109506797
8182,37.332128,-120.49519,81,7525.155400210762
8182,37.332307,-120.495194,82,7545.156082796065
8182,37.33246,-120.495193,83,7562.249149951144
8182,37.33257,-120.495196,84,7574.541029583862
8182,37.332688,-120.495196,85,7587.723738325781
8182,37.332813,-120.495201,86,7601.695593680579
8182,37.332957,-120.495205,87,7617.786923753515
8182,37.333128,-120.49521,88,7636.895885562781
8182,37.333301,-120.49521,89,7656.223076533314
8182,37.333424,-120.49521,90,7669.964374122289
8182,37.333564,-120.49521,91,7685.604875403786
8182,37.333668,-120.495212,92,7697.224903230371
8182,37.333787,-120.495216,93,7710.524117041471
8182,37.33391,-120.495216,94,7724.265414369629
8182,37.334116,-120.49521,95,7747.285517784306
8182,37.334308,-120.495191,96,7768.802208914876
8182,37.334649,-120.495202,97,7806.910637112652
8182,37.334929,-120.4952,98,7838.192148160779
8182,37.335098,-120.495206,99,7857.0800523361195
8182,37.335269,-120.495202,100,7876.187139138797
8182,37.335341,-120.495146,101,7885.655818940047
8182,37.335415,-120.495068,102,7896.461337060257
8182,37.335454,-120.495,103,7903.92988561216
8182,37.335472,-120.494858,104,7916.755645249262
8182,37.33548,-120.494666,105,7933.906343194193
8182,37.335484,-120.494478,106,7950.682874092887
8182,37.33549,-120.494329,107,7963.991343620042
8182,37.335489,-120.49419,108,7976.391375283472
8182,37.335502,-120.494013,109,7992.24735930545
8182,37.335493,-120.493857,110,8006.199658863664
8182,37.335498,-120.49369,111,8021.107413495725
8182,37.335505,-120.493499,112,8038.163567711061
8182,37.335508,-120.493306,113,8055.383461293819
8182,37.335515,-120.493132,114,8070.924882909824
8182,37.335518,-120.492937,115,8088.323161920977
8182,37.335522,-120.492693,116,8110.09387011086
8182,37.335521,-120.492465,117,8130.433019138982
8182,37.335524,-120.492221,118,8152.201736870259
8182,37.335531,-120.491954,119,8176.032443875455
8182,37.335537,-120.491732,120,8195.847415073991
8182,37.335545,-120.491439,121,8221.999923395728
8182,37.335546,-120.491179,122,8245.193649943018
8182,37.335551,-120.490905,123,8269.642377724209
8182,37.335552,-120.490629,124,8294.263398320725
8182,37.335552,-120.490373,125,8317.100061726243
8182,37.335551,-120.490154,126,8336.636440819584
8182,37.33553,-120.489914,127,8358.173994417124
8182,37.335421,-120.489737,128,8378.113767776484
8182,37.335318,-120.489572,129,8396.796943064588
8182,37.335325,-120.489391,130,8412.962182274237
8182,37.335421,-120.489255,131,8429.155149204522
8182,37.335501,-120.48919,132,8439.808812676472
8182,37.335555,-120.489032,133,8455.14018685314
8182,37.335622,-120.488795,134,8477.56792688936
8182,37.33572,-120.488553,135,8501.773352985721
8182,37.335849,-120.488321,136,8526.99263668918
8182,37.335964,-120.488109,137,8549.855527663976
8182,37.336089,-120.487895,138,8573.508132452882
8182,37.336205,-120.487637,139,8599.920947441384
8182,37.336281,-120.487425,140,8620.651053483905
8182,37.336347,-120.487191,141,8642.789106622386
8182,37.33638,-120.487016,142,8658.829455082569
8182,37.33638,-120.486918,143,8667.571568775465
8182,37.336264,-120.486853,144,8681.769038250137
8182,37.335961,-120.486741,145,8717.063647578247
8182,37.335293,-120.486481,146,8795.213308967246
8182,37.335091,-120.48646,147,8817.858262196904
8182,37.3347,-120.486424,148,8861.65846801776
8182,37.334417,-120.486426,149,8893.275583621486
8182,37.334085,-120.486418,150,8930.373315777877
8182,37.333664,-120.486425,151,8977.411362013032
8182,37.333436,-120.486424,152,9002.883559668848
8182,37.333078,-120.486428,153,9042.880725434426
8182,37.332928,-120.486399,154,9059.837166885216
8182,37.332806,-120.48637,155,9073.710299349303
8182,37.332645,-120.486399,156,9091.882237144744
8182,37.332461,-120.486428,157,9112.600779305456
8182,37.33225,-120.486458,158,9136.325028103864
8182,37.331998,-120.48645,159,9164.487380920269
8182,37.332001,-120.486047,160,9200.440815330205
8182,37.331999,-120.485819,161,9220.782070001076
8182,37.331999,-120.48553,162,9246.563958211744
8182,37.332004,-120.485258,163,9270.83570388033
8182,37.332011,-120.484962,164,9297.253666082817
8182,37.332023,-120.484743,165,9316.836771125752
8182,37.33204,-120.484502,166,9338.420298041867
8182,37.332096,-120.484347,167,9353.597450137957
8182,37.332095,-120.484001,168,9384.464585785488
8182,37.332091,-120.48355,169,9424.701161651146
8182,37.33209,-120.483162,170,9459.315177533037
8182,37.332091,-120.482832,171,9488.755009339748
8182,37.332091,-120.482305,172,9535.769222936025
8182,37.332091,-120.481822,173,9578.858186961046
8182,37.332088,-120.481374,174,9618.826199028708
8182,37.33209,-120.480485,175,9698.135336877625
8182,37.332125,-120.479456,176,9790.01710213857
8182,37.332116,-120.478845,177,9844.534600557725
8182,37.33212,-120.478581,178,9868.090693115213
8182,37.332157,-120.478137,179,9907.915750439382
8182,37.332269,-120.478093,180,9921.029751872427
8182,37.33244,-120.478078,181,9940.180854703647
8182,37.332719,-120.478066,182,9971.369396932552
8182,37.332948,-120.47806,183,9996.959109033423
8182,37.333218,-120.478052,184,10027.132225943544
8182,37.333476,-120.478038,185,10055.983295035065
8182,37.333675,-120.478036,186,10078.216494377724
8182,37.333927,-120.478034,187,10106.370757299537
8182,37.334314,-120.478024,188,10149.615995346025
8182,37.334606,-120.477979,189,10182.484605025134
8182,37.334753,-120.477957,190,10199.024448299737
8182,37.334937,-120.478062,191,10221.614603139136
8182,37.335205,-120.47806,192,10251.55636661774
8182,37.335567,-120.478056,193,10292.00094797926
8182,37.33584,-120.478056,194,10322.500784828457
8182,37.336059,-120.478047,195,10346.980856127348
8182,37.336088,-120.478103,196,10352.935090254556
8182,37.336353,-120.478097,197,10382.545994387468
8182,37.336781,-120.47809,198,10430.366661842834
8182,37.336786,-120.478396,199,10457.669424668886
8182,37.336361,-120.478404,200,10505.15619076979
8182,37.336107,-120.478408,201,10533.535555063883
8182,37.335861,-120.478413,202,10561.022527510902
8182,37.335587,-120.478416,203,10591.635237113236
8182,37.335227,-120.478424,204,10631.861109470627
8182,37.33497,-120.478429,205,10660.576857285409
8182,37.334632,-120.478436,206,10698.343700239897
8182,37.334331,-120.478439,207,10731.972770090024
8182,37.333963,-120.478447,208,10773.092272084166
8182,37.33343,-120.478459,209,10832.649157887497
8182,37.332772,-120.478483,210,10906.192711133088
8182,37.331948,-120.478468,211,10998.260494592318
8182,37.331469,-120.478472,212,11051.776017816937
8182,37.331154,-120.478472,213,11086.968116177295
8182,37.330588,-120.478494,214,11150.23262375483
8182,37.329865,-120.478536,215,11231.093725970166
8182,37.328796,-120.478515,216,11350.538106769754
8182,37.32706,-120.478542,217,11544.500624347147
8182,37.32648,-120.478558,218,11609.314492845197
8182,37.325798,-120.478499,219,11685.689793796313
8182,37.325456,-120.478435,220,11724.32267192284
8182,37.325252,-120.478359,221,11748.101047552826
8182,37.324522,-120.478397,222,11829.72780185565
8182,37.322799,-120.478413,223,12022.22833717489
8182,37.322779,-120.478491,224,12029.537616765863
8182,37.322786,-120.478799,225,12057.029355662793
8182,37.322803,-120.479585,226,12127.184092266996
8182,37.322947,-120.480477,227,12208.38025331124
8182,37.323149,-120.481071,228,12265.983005725906
8182,37.323313,-120.481424,229,12302.420021274367
8182,37.323449,-120.482139,230,12367.997909780323
8182,37.323513,-120.48275,231,12422.979073889557
8182,37.323504,-120.484239,232,12555.833227258225
8182,37.323494,-120.485305,233,12650.94938676702
8182,37.323519,-120.48561,234,12678.30471824426
8182,37.323507,-120.485921,235,12706.08476987988
8182,37.323499,-120.486161,236,12727.516410876266
8182,37.323484,-120.486469,237,12755.047464785397
8182,37.323462,-120.487077,238,12809.349332046504
8182,37.323485,-120.487908,239,12883.536198891417
8182,37.323454,-120.488357,240,12923.74565416091
8182,37.323459,-120.489849,241,13056.863702611136
8182,37.323416,-120.490366,242,13103.240076863829
8182,37.32315,-120.490377,243,13132.973473041371
8182,37.322997,-120.490377,244,13150.06644577369
8182,37.322813,-120.490381,245,13170.62579831264
8182,37.322646,-120.490382,246,13189.28304722747
8182,37.322554,-120.490385,247,13199.564659274838
8182,37.322281,-120.490399,248,13230.089452603386
8182,37.322038,-120.49042,249,13257.301694752208
8182,37.321742,-120.490424,250,13290.372376524216
8182,37.321386,-120.490459,251,13330.266666022344
8182,37.320895,-120.490462,252,13385.12123260174
8182,37.320559,-120.490478,253,13422.685873298124
8182,37.319807,-120.490472,254,13506.700089602164
8182,37.319305,-120.490488,255,13562.801076366464
8182,37.319262,-120.4928,256,13769.145335497707
8182,37.319262,-120.495,257,13965.439789385184
8182,37.319262,-120.496652,258,14112.83861255426
8182,37.319253,-120.497757,259,14211.436560340855
8182,37.319248,-120.499206,260,14340.723478626212
8182,37.319247,-120.499809,261,14394.525634493335
8182,37.318829,-120.499807,262,14441.223703355814
8182,37.318344,-120.499785,263,14495.442020576314
8182,37.317807,-120.499731,264,14555.627254441057
8182,37.31739,-120.499566,265,14604.484219302663
8182,37.316805,-120.498911,266,14692.158883378808
8182,37.316403,-120.498187,267,14770.836507259113
8182,37.316109,-120.497237,268,14861.743784199394
8182,37.31611,-120.496535,269,14924.382005200598
8182,37.316271,-120.49582,270,14990.667090884088
8182,37.31657,-120.495381,271,15042.146930559295
8182,37.316873,-120.495108,272,15083.850950801987
8182,37.317252,-120.494946,273,15128.591425132583
8182,37.317739,-120.494936,274,15183.005382542677
8182,37.318281,-120.494925,275,15243.564465592519
8182,37.319041,-120.494936,276,15328.475779274371
8182,37.319053,-120.494732,277,15346.726956409693
8182,37.319062,-120.494066,278,15406.159261315737
8182,37.31907,-120.493321,279,15472.63790708801
8182,37.319074,-120.492543,280,15542.056490039395
8182,37.31907,-120.491551,281,15630.569067549708
8182,37.319079,-120.489812,282,15785.735380819578
8182,37.319091,-120.488509,283,15902.004144429988
8182,37.319104,-120.487077,284,16029.78380889361
8182,37.3191,-120.48683,285,16051.827151964455
8182,37.317728,-120.486712,286,16205.46742139837
8182,37.317146,-120.486642,287,16270.787459740253
8182,37.316156,-120.486578,288,16381.537076111641
8182,37.315277,-120.48676,289,16481.072254484676
8182,37.313788,-120.487415,290,16657.39124625694
8182,37.312777,-120.487801,291,16775.474609613564
8182,37.310546,-120.489131,292,17051.53388497585
8182,37.309812,-120.489517,293,17140.476332178445
8182,37.307807,-120.490676,294,17387.19767336727
8182,37.30677,-120.491274,295,17514.75002511706
8182,37.30732,-120.492758,296,17660.74200704318
8182,37.307871,-120.494262,297,17808.400188756324
8182,37.307329,-120.494601,298,17876.087885861514
8182,37.306844,-120.494887,299,17935.981262871417
8182,37.306217,-120.493235,300,18099.200723863003
8182,37.305554,-120.491459,301,18274.146410885372
8182,37.304673,-120.489071,302,18508.88758605385
8182,37.3038,-120.486631,303,18747.486221781623
8182,37.303514,-120.48588,304,18821.735511584615
8182,37.302524,-120.486401,305,18941.71403792224
8182,37.301602,-120.486953,306,19055.893952149618
8182,37.301777,-120.487527,307,19110.725608963778
8182,37.30184,-120.487726,308,19129.82948504498
8182,37.301674,-120.4879,309,19154.017893569708
8182,37.301725,-120.488096,310,19172.41479002855
8182,37.301814,-120.488202,311,19186.139135139932
8182,37.301812,-120.488361,312,19200.33108647522
8182,37.301782,-120.488525,313,19215.346344226706
8182,37.301692,-120.488724,314,19235.755096950248
8182,37.300809,-120.489233,315,19344.359920129733
8182,37.301226,-120.490238,316,19445.43043061594
8182,37.301415,-120.490805,317,19500.261912755537
8182,37.30179,-120.491878,318,19604.786408554886
8182,37.302469,-120.493739,319,19787.37539119857
8182,37.301487,-120.494313,320,19908.453337166527
8182,37.300109,-120.495099,321,20077.62943134775
8182,37.299618,-120.495418,322,20139.431134172057
8182,37.299028,-120.495708,323,20210.244094376183
8182,37.29725,-120.49677,324,20430.33359253393
8182,37.2972,-120.497,325,20451.607689415374
8182,37.296989,-120.49691,326,20476.511127394402
8182,37.295807,-120.49758,327,20621.470160653018
8182,37.295717,-120.497641,328,20632.90414163538
8182,37.295492,-120.497763,329,20660.297691214182
8182,37.296264,-120.499887,330,20868.565863484917
8182,37.2967,-120.501,331,20979.201582240872
8182,37.297024,-120.501941,332,21070.654299354348
8182,37.297397,-120.502926,333,21167.94144935333
8182,37.297476,-120.503075,334,21183.90180861692
8182,37.297676,-120.50369,335,21243.16354792071
8182,37.298607,-120.503154,336,21357.64529204694
8182,37.299332,-120.50273,337,21447.043557303354
8182,37.299992,-120.502349,338,21528.239361506992
8182,37.300659,-120.501979,339,21609.743229283602
8182,37.301235,-120.503524,340,21761.903667654336
8182,37.301466,-120.504011,341,21812.450058688988
8182,37.301777,-120.504967,342,21904.570737768587
8182,37.30275,-120.504447,343,22022.762251576798
8182,37.30276,-120.505106,344,22081.583960535554
8182,37.302861,-120.505579,345,22125.277815005957
8182,37.30279,-120.505884,346,22153.628997738746
8182,37.302763,-120.506523,347,22210.734804903677
8182,37.302725,-120.508524,348,22389.359606592123
8182,37.302737,-120.510235,349,22542.059061113796
8182,37.301854,-120.510256,350,22640.72135847955
8182,37.300544,-120.51031,351,22787.147552892657
8182,37.299072,-120.510364,352,22951.66287036927
8182,37.299068,-120.509221,353,23053.672739537786
8182,37.299,-120.509,354,23074.808654061013
8182,37.299057,-120.508682,355,23103.894743960394
8182,37.299059,-120.50707,356,23247.760950187352
8182,37.299051,-120.505525,357,23385.650698819278
8182,37.298112,-120.505546,358,23490.568804759787
8182,37.29693,-120.505815,359,23624.781869687824
8182,37.295513,-120.505621,360,23784.027561807805
8182,37.295462,-120.505686,361,23792.1588196845
8182,37.295483,-120.508427,362,24036.807977604232
8182,37.295483,-120.511013,363,24267.610887565508
8182,37.295509,-120.515202,364,24641.492179246998
8182,37.295515,-120.518019,365,24892.910006125367
8182,37.295531,-120.518606,366,24945.330018715184
8182,37.296736,-120.518575,367,25079.973400490286
8182,37.296923,-120.518568,368,25100.87319354179
8182,37.297043,-120.518562,369,25114.289523090854
8182,37.297507,-120.518554,370,25166.129577163912
8182,37.297712,-120.518548,371,25189.03713661103
8182,37.297768,-120.519354,372,25261.24164397684
8182,37.29765,-120.519483,373,25278.743522730423
8182,37.297273,-120.519482,374,25320.859602181292
8182,37.297264,-120.519112,375,25353.896439083022
8182,37.297262,-120.518786,376,25382.991964746026
8182,37.297258,-120.518638,377,25396.208149099173
8182,37.297052,-120.518641,378,25419.222716990884
8182,37.296924,-120.518649,379,25433.53987707387
8182,37.29674,-120.518658,380,25454.110874814873
8182,37.296235,-120.518678,381,25510.554493394553
8182,37.296063,-120.51868,382,25529.770068133887
8182,37.295562,-120.518693,383,25585.750624948545
8182,37.295466,-120.518686,384,25596.493315737847
8182,37.295458,-120.518385,385,25623.372326820627
8182,37.295455,-120.517998,386,25657.91359536838
8182,37.295456,-120.51773,387,25681.83279507132
8182,37.295451,-120.517308,388,25719.500362787785
8182,37.295451,-120.516698,389,25773.942803742062
8182,37.295452,-120.516217,390,25816.87219068018
8182,37.295451,-120.515693,391,25863.639353500854
8182,37.295449,-120.515181,392,25909.335968205993
8182,37.295451,-120.514278,393,25989.929242287668
8182,37.295447,-120.513694,394,26042.05336072349
8182,37.295439,-120.512877,395,26114.976461101225
8182,37.295437,-120.512424,396,26155.407580498668
8182,37.295429,-120.511812,397,26210.03628347231
8182,37.2954,-120.511,398,26282.580283763073
8182,37.295415,-120.510582,399,26319.92476115034
8182,37.29542,-120.50996,400,26375.441649476503
8182,37.295424,-120.509419,401,26423.728513344493
8182,37.29542,-120.50852,402,26503.96651009297
8182,37.295418,-120.507952,403,26554.66169891746
8182,37.295419,-120.507258,404,26616.602215226525
8182,37.295417,-120.50681,405,26656.587468286667
8182,37.295418,-120.50622,406,26709.245960152384
8182,37.295413,-120.505703,407,26755.392399448563
8182,37.29542,-120.505639,408,26761.15778414326
8182,37.295397,-120.505628,409,26763.90842727432
8182,37.294469,-120.505655,410,26867.608907918224
8182,37.2938,-120.505775,411,26943.110453241392
8182,37.29317,-120.505707,412,27013.752748186547
8182,37.291783,-120.505697,413,27168.705445892083
8182,37.291783,-120.505461,414,27189.769855329516
8182,37.291877,-120.505278,415,27209.188192777503
8182,37.291996,-120.505182,416,27225.004527616835
8182,37.292211,-120.505054,417,27251.60218110504
8182,37.29241,-120.504935,418,27276.240653094508
8182,37.292586,-120.504834,419,27297.87077767491
8182,37.292879,-120.504673,420,27333.619029361827
8182,37.293093,-120.504541,421,27360.271687008946
8182,37.293105,-120.504506,422,27363.67109926426
8182,37.293019,-120.504294,423,27384.892484702217
8182,37.292936,-120.504052,424,27408.398297203257
8182,37.292861,-120.503836,425,27429.419356633804
8182,37.292784,-120.503623,426,27450.286250752957
8182,37.292683,-120.50336,427,27476.33135881151
8182,37.292594,-120.503142,428,27498.182190828382
8182,37.292077,-120.503441,429,27561.80717193029
8182,37.291764,-120.503644,430,27601.189981361757
8182,37.291586,-120.503713,431,27622.00736178733
8182,37.291087,-120.502263,432,27762.92527222213
8182,37.290451,-120.500579,433,27929.18262392962
8182,37.291143,-120.500187,434,28014.040093416093
8182,37.2912,-120.5,435,28031.904707302045
8182,37.291378,-120.500042,436,28052.140620924012
8182,37.291847,-120.499782,437,28109.445294878155
8182,37.293413,-120.498905,438,28301.10788163865
8182,37.294711,-120.498133,439,28461.655209411416
8182,37.295696,-120.497549,440,28583.417527476777
8182,37.296302,-120.497226,441,28657.00068709326
8182,37.297369,-120.496593,442,28788.913859351294
8182,37.298073,-120.496212,443,28874.599348125594
8182,37.298462,-120.495976,444,28922.89285114331
8182,37.299038,-120.497532,445,29075.948672349223
8182,37.299567,-120.49898,446,29218.051887867532
8182,37.300147,-120.498658,447,29288.934715638836
8182,37.301233,-120.498012,448,29423.26138626933
8182,37.301517,-120.497838,449,29458.58548308312
8182,37.301278,-120.497172,450,29523.744852875145
8182,37.300757,-120.495767,451,29661.986341000906
8182,37.300446,-120.494839,452,29751.80006481624
8182,37.303015,-120.493358,453,30067.776204166334
8182,37.30371,-120.492956,454,30153.308167593626
8182,37.302819,-120.490478,455,30395.82531152836
8182,37.301978,-120.488241,456,30616.471613548867
8182,37.30195,-120.488176,457,30619.625640136957
20183,37.301571,-120.487346,0,0
20183,37.299336,-120.481138,1,607.7213349727641
20183,37.297587,-120.476407,2,1072.9920751202965
20183,37.300568,-120.474653,3,1440.992125390038
20183,37.302488,-120.473545,4,1677.1945263961684
20183,37.304453,-120.472394,5,1919.5725274620706
20183,37.305771,-120.471482,6,2087.819613620099
20183,37.30671,-120.47101,7,2200.867764345168
20183,37.30805,-120.470293,8,2363.676909730965
20183,37.309313,-120.469562,9,2519.1324201504635
20183,37.310305,-120.469323,10,2631.9948824684584
20183,37.312598,-120.469197,11,2888.4216386191147
20183,37.315812,-120.469212,12,3247.500863117522
20183,37.319702,-120.469143,13,3682.145729940956
20183,37.321899,-120.469119,14,3927.6098212246698
20183,37.324979,-120.468982,15,4271.932774083356
20183,37.325482,-120.469015,16,4328.2063719630705
20183,37.327082,-120.469021,17,4506.963491388193
20183,37.330616,-120.468931,18,4901.873154336604
20183,37.331897,-120.468961,19,5045.014957725984
20183,37.332085,-120.468972,20,5066.041737206088
20183,37.332051,-120.468221,21,5133.148380046019
20183,37.332038,-120.465828,22,5346.6409190875265
20183,37.332085,-120.462824,23,5614.690456976498
20183,37.332008,-120.459874,24,5878.012924077698
20183,37.332665,-120.459831,25,5951.516013971987
20183,37.333186,-120.45996,26,6010.85119130806
20183,37.33484,-120.459917,27,6195.683086457253
20183,37.338031,-120.459852,28,6552.242668946909
20183,37.338048,-120.460399,29,6601.075954834233
20183,37.338133,-120.460968,30,6652.715491003439
20183,37.338346,-120.461408,31,6698.617003190186
20183,37.338449,-120.461966,32,6749.707106217895
20183,37.33844,-120.462588,33,6805.202593029604
20183,37.338432,-120.4635,34,6886.563639650981
20183,37.338662,-120.464047,35,6941.711877345673
20183,37.338858,-120.464616,36,6996.992017474379
20183,37.338892,-120.465249,37,7053.58671373156
20183,37.338811,-120.467083,38,7217.439389279691
20183,37.338833,-120.467824,39,7283.586108605977
20183,37.338918,-120.4691,40,7397.80710160728
20183,37.336005,-120.469138,41,7723.272849686505
20183,37.334568,-120.469154,42,7883.824649767165
20183,37.332179,-120.469143,43,8150.73188564395
20183,37.332136,-120.472298,44,8432.238925795846
20183,37.33217,-120.475066,45,8679.207682605864
20183,37.332162,-120.478081,46,8948.182811247141
20183,37.333314,-120.478059,47,9076.900387685031
20183,37.334606,-120.477979,48,9221.42027469592
20183,37.336735,-120.477995,49,9459.278623395918
20183,37.33719463664933,-120.47791993121338,50,9511.064504752303
20183,37.34149442103651,-120.47790864285278,51,9991.441910108015
20183,37.34369979885749,-120.47782493420756,52,10237.942113637278
20183,37.34497921945546,-120.47759962865032,53,10382.286177188285
20183,37.34570113588685,-120.47739725364612,54,10464.934789705436
20183,37.34745359181125,-120.47735886787424,55,10660.751053932348
20183,37.3486948661147,-120.47734897388386,56,10799.430412345817
20183,37.34984501065449,-120.47735362157448,57,10927.926510260106
20183,37.352574191526664,-120.47727851972206,58,11232.907208945962
20183,37.353425910152566,-120.47729067016816,59,11328.068336489934
20183,37.35489278723059,-120.47726384807802,60,11491.966939837173
20183,37.35712716117929,-120.47717801738956,61,11741.711041984448
20183,37.35725508133895,-120.47665766884066,62,11790.267431597635
20183,37.35745122516021,-120.4763411681769,63,11826.001280185941
20183,37.3577413851389,-120.47603069327693,64,11868.633692903928
20183,37.35814219763023,-120.47592340491632,65,11914.423811323535
20183,37.35855153583763,-120.47595559142452,66,11960.24562367195
20183,37.359063205457375,-120.4764383890472,67,12031.810801673517
20183,37.35924228900018,-120.47695337317803,68,12081.905650108147
20183,37.35985628647415,-120.4770177461944,69,12150.741955182208
20183,37.36052997236737,-120.47704993270258,70,12226.06162901888
20183,37.36105015607136,-120.47709284804682,71,12284.30302150228
20183,37.361092793919994,-120.46883164428095,72,13021.033349659807
20183,37.35891823275262,-120.46877800010066,73,13264.028210013244
20183,37.35731677426359,-120.46886919520716,74,13443.132167740334
20183,37.35610616742553,-120.46883700869898,75,13578.414842653803
20183,37.35347556858475,-120.4689121105514,76,13872.388661344212
20183,37.34827589594471,-120.46889065287928,77,14453.313099444253
20183,37.34669880006608,-120.46888091784224,78,14629.51261031355
20183,37.34518911601887,-120.4688755534242,79,14798.179237475766
20183,37.34446099866391,-120.46886626820014,80,14879.53067897015
20183,37.34351422298459,-120.46888236145423,81,14985.316740690118
20183,37.34286315655936,-120.46890214351654,82,15058.077029017786
20183,37.341100317464026,-120.46898964981484,83,15255.18075151002
20183,37.34014496946719,-120.46905938724922,84,15362.095904952655
20183,37.33200873030018,-120.46912145767212,85,16271.115079968973
20183,37.331194,-120.46917,86,16362.241879887493
20183,37.32991,-120.469138,87,16505.722185589344
20183,37.328937,-120.469154,88,16614.43771345812
20183,37.326472,-120.469315,89,16890.20840786576
20183,37.324863,-120.469326,90,17069.972821653224
20183,37.321788,-120.469406,91,17413.59408706265
20183,37.319063,-120.469456,92,17718.070955921172
20183,37.317462,-120.469444,93,17896.942102624045
20183,37.316357,-120.469524,94,18020.60182636154
20183,37.314782,-120.469508,95,18196.57076193647
20183,37.312176,-120.46956,96,18487.75691623743
20183,37.310615,-120.469567,97,18662.15706253938
20183,37.310213,-120.469605,98,18707.197397889126
20183,37.309812,-120.469562,99,18752.162209328424
20183,37.309343,-120.469733,100,18806.737013711434
20183,37.308355,-120.470222,101,18925.43200152333
20183,37.305908,-120.471756,102,19231.177484547778
20183,37.305063,-120.472196,103,19333.423733147618
20183,37.304481,-120.472593,104,19407.472420098387
20183,37.303663,-120.47299,105,19505.488831720628
20183,37.302488,-120.473738,106,19652.76122757281
20183,37.300032,-120.475141,107,19954.37077895099
20183,37.297796,-120.476439,108,20229.735338248727
20183,37.298859,-120.479432,109,20522.076291314876
20183,37.300245,-120.483322,110,20902.225106064856
20183,37.300992,-120.485414,111,21106.735562204714
20183,37.301619,-120.487334,112,21291.85517629696
20189,37.301814,-120.488202,0,0
20189,37.301922,-120.488332,1,16.738809310349517
20189,37.301807,-120.488482,2,35.29343942808666
20189,37.301819,-120.488636,3,49.10262290975807
20189,37.301163,-120.489029,4,130.3508643828524
20189,37.300339,-120.489501,5,231.58771825485624
20189,37.298795,-120.490397,6,421.7163724767745
20189,37.298201,-120.488745,7,583.4036471911963
20189,37.29748,-120.486814,8,773.6424536941918
20189,37.296793,-120.484979,9,954.5128221314205
20189,37.295991,-120.482919,10,1159.045141188393
20189,37.295257,-120.483413,11,1252.149991529758
20189,37.290554,-120.486159,12,1831.925322373755
20189,37.288343,-120.487576,13,2109.437344056417
20189,37.283367,-120.487726,14,2665.514094357826
20189,37.277775,-120.487833,15,3290.3216887302706
20189,37.271065,-120.48794,16,4040.0193107812693
20189,37.260289,-120.488048,17,5243.945504403615
20189,37.258411,-120.487983,18,5453.834709288775
20189,37.246472,-120.488133,19,6787.719334287957
20189,37.234138,-120.488112,20,8165.6672867353755
20189,37.222008,-120.488091,21,9520.824874175541
20189,37.211464,-120.488069,22,10698.796136284038
20189,37.200441,-120.488198,23,11930.333460704538
20189,37.189057,-120.488262,24,13202.160482802548
20189,37.185707,-120.488219,25,13576.440404028071
20189,37.18516,-120.488284,26,13637.826523783471
20189,37.184459,-120.48852,27,13718.933231786294
20189,37.183843,-120.488884,28,13795.056340484974
20189,37.183348,-120.489228,29,13858.331411982965
20189,37.182219,-120.490065,30,14004.983438173627
20189,37.181672,-120.490537,31,14079.24400592608
20189,37.181211,-120.490794,32,14135.637943116955
20189,37.180954,-120.491095,33,14174.986761907354
20189,37.180117,-120.491567,34,14277.573798705695
20189,37.179245,-120.491953,35,14380.922945994782
20189,37.178561,-120.49191,36,14457.435220232735
20189,37.176082,-120.491953,37,14734.412798565443
20189,37.167584,-120.491974,38,15683.80105852582
20189,37.159786,-120.492039,39,16555.003756452177
20189,37.156828,-120.492103,40,16885.51755446134
20189,37.150842,-120.492167,41,17554.290847176206
20189,37.149491,-120.492167,42,17705.222963769644
20189,37.142821,-120.492189,43,18450.390088138964
20189,37.142256,-120.492168,44,18513.539161676785
20189,37.136637,-120.492125,45,19141.299102643534
20189,37.127681,-120.492382,46,20142.11704262243
20189,37.124054,-120.492275,47,20547.43429455926
20189,37.120376,-120.492339,48,20958.37609920558
20189,37.1136,-120.492339,49,21715.383037711646
20189,37.106037,-120.492404,50,22560.3327977845
20189,37.098592,-120.492382,51,23392.08213460548
20189,37.090753,-120.492425,52,24267.854943680883
20189,37.085361,-120.492489,53,24870.270437400715
20189,37.084437,-120.492597,54,24973.95029714928
20189,37.084026,-120.492897,55,25027.14182304081
20189,37.083513,-120.493348,56,25097.242910515964
20189,37.083239,-120.493927,57,25157.432638486633
20189,37.082879,-120.494828,58,25247.5509197851
20189,37.082229,-120.496609,59,25422.72421173001
20189,37.08163,-120.49824,60,25583.318517041927
20189,37.075895,-120.512273,61,26993.383439722205
20189,37.07206,-120.521672,62,27937.530514933016
20189,37.071067,-120.524032,63,28176.14360239189
20189,37.070365,-120.526178,64,28383.63833729648
20189,37.068345,-120.533538,65,29080.06511676983
20189,37.067386,-120.536456,66,29362.39720262146
20189,37.06665,-120.538001,67,29523.298247122264
20189,37.065537,-120.539825,68,29728.53256864302
20189,37.064424,-120.54137,69,29914.513123632034
20189,37.062044,-120.54358,70,30245.919107083806
20189,37.059355,-120.546048,71,30618.81486049086
20189,37.057797,-120.5477,72,30847.212628897923
20189,37.056273,-120.549781,73,31099.591693002498
20189,37.055845,-120.550618,74,31188.482267717805
20189,37.055263,-120.551927,75,31322.504315483293
20189,37.054321,-120.55418,76,31550.017826158943
20189,37.053996,-120.556154,77,31730.445450630043
20189,37.053191,-120.561476,78,32215.349593527008
20189,37.052454,-120.566862,79,32704.55066616086
20189,37.050827,-120.578191,80,33735.02382422712
20189,37.049851,-120.585036,81,34357.50039655957
20189,37.048978,-120.590465,82,34853.262623166374
20189,37.048721,-120.592074,83,35000.15461754817
20189,37.048396,-120.593791,84,35158.11222139713
20189,37.048122,-120.595722,85,35333.69009037549
20189,37.048036,-120.599327,86,35656.60165959957
20189,37.047933,-120.611107,87,36711.35835249918
20189,37.047933,-120.617974,88,37326.169723922554
20189,37.048276,-120.622995,89,37777.33055343145
20189,37.048601,-120.625355,90,37991.71533230183
20189,37.04932,-120.628917,91,38320.571411020646
20189,37.049851,-120.631235,92,38536.40396316579
20189,37.050451,-120.633187,93,38723.56809854676
20189,37.050725,-120.634367,94,38833.55165147253
20189,37.05113,-120.635438,95,38939.56781564696
20189,37.051135,-120.635594,96,38953.54478626567
20189,37.048524,-120.635595,97,39245.17445816523
20189,37.048681,-120.636217,98,39303.556269913264
20189,37.048523,-120.636046,99,39326.918691182225
20189,37.048327,-120.636026,100,39348.88354996489
20189,37.048318,-120.635707,101,39377.46057603536
20189,37.048309,-120.635525,102,39393.78560704926
20189,37.051188,-120.635513,103,39715.350745154894
20189,37.051219,-120.635845,104,39745.27381672818
20189,37.051504,-120.637651,105,39910.05795650187
20189,37.051744,-120.638895,106,40024.60580813811
20189,37.052429,-120.640976,107,40226.001060467046
20189,37.053062,-120.642865,108,40409.29185330143
20189,37.053636,-120.644732,109,40588.30097586758
20189,37.054013,-120.64647,110,40749.48356779081
20189,37.054304,-120.648251,111,40912.196249992645
20189,37.054424,-120.649785,112,41050.170306540465
20189,37.054449,-120.652714,113,41312.383957075355
20189,37.054475,-120.655096,114,41525.63506967381
20189,37.054484,-120.662595,115,42196.92407218785
20189,37.054535,-120.671693,116,43011.358685496605
20189,37.054561,-120.673785,117,43198.646444278136
20189,37.054603,-120.680673,118,43815.23839976801
20189,37.054612,-120.683463,119,44064.98312071405
20189,37.054655,-120.694932,120,45091.61261775992
20189,37.054689,-120.698655,121,45424.88482868937
20189,37.054535,-120.700768,122,45614.80183824114
20189,37.054672,-120.706744,123,46149.93462185519
20189,37.054912,-120.721872,124,47504.28638427973
20189,37.05522,-120.737697,125,48921.137493983806
20189,37.055485,-120.753522,126,50337.83869907941
20189,37.055734,-120.769926,127,51806.273563020906
20189,37.056042,-120.786073,128,53251.809605634946
20189,37.056187,-120.796148,129,54153.627327256654
20189,37.056282,-120.801523,130,54634.77866031395
20189,37.056481,-120.807056,131,55130.44626604777
20189,37.056532,-120.808631,132,55271.51298331809
20189,37.056592,-120.810353,133,55425.76524637373
20189,37.05665,-120.812595,134,55626.51193485607
20189,37.056697,-120.814553,135,55801.81612130327
20189,37.05675,-120.81642,136,55969.0021044453
20189,37.056954,-120.817946,137,56107.45269224814
20189,37.057129,-120.819153,138,56217.22156812323
20189,37.057189,-120.819923,139,56286.454335447495
20189,37.057198,-120.820572,140,56344.54240987871
20189,37.057945,-120.820585,141,56427.96011516064
20189,37.058004,-120.820762,142,56445.11514929036
20189,37.058,-120.821269,143,56490.48852416725
20189,37.05799,-120.822712,144,56619.626511793474
20189,37.05799,-120.823149,145,56658.73331035235
20189,37.057937,-120.823177,146,56665.15984642882
20189,37.05745,-120.823169,147,56719.54247559005
20189,37.057129,-120.823158,148,56755.39851967093
20189,37.057112,-120.823957,149,56826.92637057345
20189,37.057086,-120.825609,150,56974.792415124386
20189,37.057078,-120.828173,151,57204.245893102685
20189,37.057044,-120.828441,152,57228.52771159394
20189,37.057027,-120.833334,153,57666.40269805215
20189,37.057009,-120.83402,154,57727.824952664545
20189,37.057001,-120.835211,155,57834.409797101536
20189,37.057009,-120.837389,156,58029.31781971739
20189,37.056958,-120.837647,157,58053.09769997983
20189,37.056949,-120.838451,158,58125.05332907813
20189,37.056958,-120.838859,159,58161.57835620325
20189,37.057836,-120.838891,160,58259.6542951005
20189,37.058033,-120.838902,161,58281.67257593197
20189,37.058131,-120.838961,162,58293.82204163752
20189,37.058229,-120.839041,163,58306.89814187431
20189,37.059338,-120.841509,164,58560.09403346497
20189,37.059878,-120.842727,165,58684.651950849104
20189,37.06049,-120.844084,166,58823.987916865924
20189,37.060729,-120.844604,167,58877.62814046687
20189,37.061235,-120.84572,168,58992.36470931471
20189,37.06192,-120.847169,169,59142.90095107749
20189,37.062583,-120.848655,170,59295.086810372704
20189,37.062947,-120.849448,171,59376.85940314954
20189,37.063191,-120.850011,172,59434.131100410465
20189,37.063741,-120.849614,173,59505.07516008164
20189,37.064513,-120.84903,174,59605.874757155776
20189,37.065127,-120.848614,175,59683.88387030458
20189,37.064916,-120.848107,176,59735.00149525883
20189,37.064779,-120.847799,177,59766.52118762113
20189,37.064398,-120.846933,178,59854.91835215274
20189,37.064045,-120.846152,179,59935.149671898616
20189,37.063518,-120.84498,180,60055.399506020825
20189,37.06326,-120.844527,181,60105.12751552124
20189,37.062808,-120.84483,182,60162.41729265159
20189,37.062276,-120.845205,183,60230.64027513873
20189,37.062182,-120.845243,184,60241.672907914886
20189,37.06177,-120.845507,185,60293.38578060476
20189,37.061736,-120.845565,186,60299.815946686365
20189,37.061681,-120.845608,187,60307.06281081684
20189,37.061498,-120.84572,188,60329.82113481584
20189,37.0614,-120.84579,189,60342.42929728801
20189,37.061377,-120.845845,190,60347.980529636894
20189,37.061365,-120.845915,191,60354.385966469825
20189,37.061397,-120.845996,192,60362.46681155201
20189,37.061541,-120.846307,193,60394.606446741454
20189,37.061714,-120.846684,194,60433.47981329041
20189,37.061935,-120.847165,195,60483.09204802376
20189,37.062596,-120.848646,196,60634.778359772215
20189,37.062959,-120.849443,197,60716.80649119576
20189,37.063228,-120.850091,198,60782.10645289729
20189,37.062467,-120.850658,199,60881.0697177765
20189,37.062258,-120.85079,200,60907.22432488247
20189,37.062664,-120.851685,201,60999.24864117208
20189,37.062857,-120.852147,202,61045.86754659886
20189,37.063268,-120.852957,203,61131.65170686897
20189,37.063341,-120.853204,204,61155.207984067514
20189,37.063422,-120.853413,205,61175.981058090496
20189,37.063491,-120.853681,206,61201.16842453036
20189,37.063486,-120.854496,207,61274.09535056063
20189,37.063473,-120.855703,208,61382.10521436418
20189,37.063473,-120.857919,209,61580.38824335325
20189,37.063472,-120.859261,210,61700.46730084219
20189,37.063439,-120.85963,211,61733.68946658359
20189,37.063294,-120.860403,212,61804.7251019333
20189,37.062926,-120.86139,213,61902.12985172359
20189,37.062438,-120.862141,214,61988.641886551355
20189,37.06177,-120.862784,215,62082.83827423441
20189,37.061076,-120.863267,216,62171.562512629505
20189,37.060597,-120.863482,217,62228.398691180584
20189,37.058842,-120.86434,218,62438.851387124014
20189,37.056907,-120.865311,219,62671.71483913219
20189,37.055605,-120.865982,220,62828.997513453716
20189,37.054501,-120.866556,221,62962.53468738466
20189,37.053602,-120.867038,222,63071.784372574075
20189,37.052486,-120.867514,223,63203.46696755162
20189,37.052859,-120.868629,224,63311.58960385519
20189,37.052966,-120.869146,225,63359.37282173221
20189,37.052984,-120.86972,226,63410.778578993755
20189,37.052967,-120.870594,227,63489.01455405666
20189,37.05295,-120.871933,228,63608.854502407434
20189,37.053367,-120.87193,229,63655.41346268698
20189,37.053372,-120.872069,230,63667.8647833536
20189,37.053367,-120.872228,231,63682.10428238812
20189,37.053299,-120.873062,232,63757.12221641676
20189,37.053222,-120.874027,233,63843.90470789479
20189,37.053226,-120.874837,234,63916.39103748406
20189,37.053232,-120.875542,235,63979.483270273726
20189,37.053175,-120.876108,236,64030.531398937856
20189,37.05316,-120.876545,237,64069.67323574545
20189,37.053164,-120.876987,238,64109.22916148862
20189,37.053168,-120.877156,239,64124.35910659428
20189,37.053618,-120.877159,240,64174.60205544738
20189,37.053969,-120.877234,241,64214.36154452929
20189,37.054277,-120.877358,242,64250.49549749258
20189,37.054302,-120.877364,243,64253.33790255339
20189,37.054758,-120.877661,244,64310.76952082436
20189,37.054959,-120.877789,245,64335.96511298648
20189,37.055197,-120.87795,246,64366.19197035725
20189,37.055368,-120.878061,247,64387.71325611966
20189,37.055529,-120.878139,248,64406.996331171016
20189,37.055747,-120.878214,249,64432.24419240877
20189,37.05595,-120.878252,250,64455.16264277655
20189,37.05613,-120.878273,251,64475.34716437253
20189,37.056419,-120.878289,252,64507.645533334944
20189,37.056652,-120.878293,253,64533.6622598568
20189,37.056847,-120.87829,254,64555.43550930592
20189,37.056825,-120.878985,255,64617.67447741298
20189,37.0568,-120.880305,256,64735.824472409884
20189,37.056842,-120.882767,257,64956.179827615364
20189,37.056855,-120.885454,258,65196.622117869476
20189,37.056881,-120.8901,259,65612.36272025158
20189,37.056903,-120.893072,260,65878.31102502396
20189,37.056948,-120.893965,261,65958.37489650535
20189,37.057,-120.894013,262,65965.59657790388
20189,37.057066,-120.894024,263,65973.03069029494
20189,37.057245,-120.894046,264,65993.11212161092
20189,37.057418,-120.89404,265,66012.43441319306
20189,37.05753,-120.894088,266,66025.65588320477
20189,37.057577,-120.894274,267,66043.10671807335
20189,37.057587,-120.894502,268,66063.53859137837
20189,37.057588,-120.894631,269,66075.08199453884
20189,37.057626,-120.894716,270,66083.79100652419
20189,37.057554,-120.894829,271,66096.70820872604
20189,37.057569,-120.895164,272,66126.73059619092
20189,37.057941,-120.89518,273,66168.28766030366
20189,37.057941,-120.895666,274,66211.77446330315
20189,37.05792,-120.895912,275,66233.91080476544
20189,37.057829,-120.895939,276,66244.3538961874
20189,37.057623,-120.895936,277,66267.35455733241
20189,37.05752,-120.895813,278,66283.27218566969
20189,37.057499,-120.895365,279,66323.42751062269
20189,37.057502,-120.894952,280,66360.38409490907
20189,37.057481,-120.894692,281,66383.766643071
20189,37.057469,-120.894341,282,66415.20258031467
20189,37.057436,-120.894241,283,66424.8793858455
20189,37.057048,-120.89419,284,66468.43789668831
20189,37.056691,-120.894195,285,66508.29817175494
20189,37.056655,-120.893919,286,66533.31977196198
20189,37.056637,-120.893662,287,66556.4039774556
20189,37.056618,-120.893367,288,66582.88592567612
20189,37.056621,-120.89293,289,66621.99051850093
20189,37.056646,-120.892471,290,66663.1570105375
20189,37.056667,-120.889564,291,66923.28933391624
20189,37.056718,-120.886753,292,67174.88635452461
20189,37.056765,-120.884762,293,67353.1219020491
20189,37.05677,-120.882563,294,67549.89377932808
20189,37.056675,-120.881672,295,67630.32497536881
20189,37.056682,-120.881185,296,67673.90995948999
20189,37.056686,-120.880956,297,67694.4063276153
20189,37.056709,-120.880328,298,67750.6600340134
20189,37.056678,-120.879589,299,67816.87825572767
20189,37.056662,-120.879066,300,67863.71184451152
20189,37.056661,-120.878477,301,67916.41738735363
20189,37.056401,-120.878494,302,67945.48600229615
20189,37.056121,-120.878506,303,67976.76620512948
20189,37.055935,-120.878471,304,67997.76779287116
20189,37.055723,-120.878416,305,68021.94367895722
20189,37.055486,-120.878318,306,68049.81983899305
20189,37.055323,-120.878252,307,68068.95299322242
20189,37.055154,-120.878113,308,68091.55258541516
20189,37.054904,-120.877955,309,68122.84152531727
20189,37.054666,-120.877788,310,68153.32797306425
20189,37.0542393523863,-120.87760566222,311,68203.6799024622
20189,37.053936,-120.877418,312,68241.48368496909
20189,37.053632,-120.877343,313,68276.0822856252
20189,37.053186,-120.877357,314,68325.89366191038
20189,37.053088,-120.877284,315,68338.63705076092
20189,37.053097,-120.876968,316,68366.93290810465
20189,37.053109,-120.876528,317,68406.33015794035
20189,37.05312,-120.876107,318,68444.0243917348
20189,37.053189,-120.875538,319,68495.52225699031
20189,37.053183,-120.874835,320,68558.43556118503
20189,37.053165,-120.874017,321,68631.66404758464
20189,37.053235,-120.873063,322,68717.39236028628
20189,37.053292,-120.8722,323,68794.88211149878
20189,37.053305,-120.87206,324,68807.49420648463
20189,37.052877,-120.87205,325,68855.28891537995
20189,37.052902,-120.870653,326,68980.33541088316
20189,37.05292,-120.869711,327,69064.65759807445
20189,37.052911,-120.869177,328,69112.4551120449
20189,37.052765,-120.868532,329,69172.4330847027
20189,37.052403,-120.867447,330,69277.60529572236
20189,37.053593,-120.866894,331,69419.38709197477
20189,37.05442,-120.866433,332,69520.51939246104
20189,37.055561,-120.865886,333,69656.99394540321
20189,37.056761,-120.865316,334,69800.35636571785
20189,37.057977,-120.864699,335,69946.92154215557
20189,37.059783,-120.863809,336,70163.72164747294
20189,37.061025,-120.863171,337,70313.68468249048
20189,37.061676,-120.862779,338,70394.39088355545
20189,37.062433,-120.862044,339,70501.48436443212
20189,37.062874,-120.861341,340,70581.3670710504
20189,37.063259,-120.860327,341,70681.76543598215
20189,37.063388,-120.859523,342,70755.13312456582
20189,37.063358,-120.859262,343,70778.72578140476
20189,37.063414,-120.858327,344,70862.62077298999
20189,37.063426,-120.856492,345,71026.81814813819
20189,37.063443,-120.854046,346,71245.68997202041
20189,37.063443,-120.85371,347,71275.75469861046
20189,37.063422,-120.85359,348,71286.74513349055
20189,37.063366,-120.853423,349,71302.9434475807
20189,37.063225,-120.853075,350,71337.83552393697
20189,37.062553,-120.851567,351,71492.22811486527
20189,37.062176,-120.850757,352,71576.04366576472
20189,37.062472,-120.850532,353,71614.74270639087
20189,37.062664,-120.850425,354,71638.2211735122
20189,37.06287,-120.850291,355,71664.15958721358
20189,37.063769,-120.849663,356,71779.19525408398
20189,37.064531,-120.849078,357,71879.08857709699
20189,37.065181,-120.848628,358,71962.08520015502
20189,37.064815,-120.847936,359,72036.27325663518
20189,37.064802,-120.847777,360,72050.57404606685
20189,37.064423,-120.846922,361,72138.00137970259
20189,37.064068,-120.846141,362,72218.34261918772
20189,37.063534,-120.844969,363,72338.97681253895
20189,37.063266,-120.844501,364,72390.44584927431
20189,37.062802,-120.844817,365,72449.46774792414
20189,37.06231,-120.845168,366,72512.74667344838
20189,37.062173,-120.84522,367,72528.73544646786
20189,37.061753,-120.845481,368,72581.12428159402
20189,37.061702,-120.845504,369,72587.17919105953
20189,37.061639,-120.84554,370,72594.91598038896
20189,37.061481,-120.845638,371,72614.61677213237
20189,37.061366,-120.845705,372,72628.78777590195
20189,37.06121,-120.845797,373,72648.05340220897
20189,37.060948,-120.845216,374,72707.70787067698
20189,37.059968,-120.843054,375,72929.97142199219
20189,37.05891,-120.840715,376,73170.31216469023
20189,37.058187,-120.839111,377,73334.99191588385
20189,37.058092,-120.839004,378,73349.28169436252
20189,37.057943,-120.838966,379,73366.26243220724
20189,37.056894,-120.838961,380,73483.39060124746
20189,37.056868,-120.836837,381,73673.48619630288
20189,37.056871,-120.835276,382,73813.17846844615
20189,37.056847,-120.83471,383,73863.90000821723
20189,37.056875,-120.833285,384,73991.46016499169
20189,37.056924,-120.831741,385,74129.7397308475
20189,37.056971,-120.829031,386,74372.31283418166
20189,37.056968,-120.828426,387,74426.45509664042
20189,37.056906,-120.828146,388,74452.45095521832
20189,37.056928,-120.825597,389,74680.57408196256
20189,37.056967,-120.823951,390,74827.93933837788
20189,37.057019,-120.823093,391,74904.94127333003
20189,37.058613,-120.823109,392,75082.93144531122
20189,37.058616,-120.822808,393,75109.86956494887
20189,37.058523,-120.822685,394,75125.00196860828
20189,37.058367,-120.822309,395,75162.8911218063
20189,37.058313,-120.821982,396,75192.76874369074
20189,37.058313,-120.821572,397,75229.45924252717
20189,37.05832,-120.820611,398,75315.46183394095
20189,37.057988,-120.82061,399,75352.5328699694
20189,37.05797,-120.82271,400,75540.47143218738
20189,37.05797,-120.823135,401,75578.50437044686
20189,37.057931,-120.823155,402,75583.21252740333
20189,37.057452,-120.823148,403,75636.70084245988
20189,37.057098,-120.823134,404,75676.2479690797
20189,37.056967,-120.82313,405,75690.87967405633
20189,37.05697,-120.822641,406,75734.64179274882
20189,37.056982,-120.821849,407,75805.5309692782
20189,37.056992,-120.821545,408,75832.75901969947
20189,37.056989,-120.821081,409,75874.28403769879
20189,37.056991,-120.820845,410,75895.40502632977
20189,37.056988,-120.820459,411,75929.95008258267
20189,37.056991,-120.820098,412,75962.2580016038
20189,37.056976,-120.819732,413,75995.05445539003
20189,37.056957,-120.819436,414,76021.62859363116
20189,37.056945,-120.819203,415,76042.52300217134
20189,37.056918,-120.818873,416,76072.20853694162
20189,37.056868,-120.818525,417,76103.84793064038
20189,37.056788,-120.818057,418,76146.67187296286
20189,37.056743,-120.817563,419,76191.16527170436
20189,37.056671,-120.816629,420,76275.13617105686
20189,37.056624,-120.815127,421,76409.65533154462
20189,37.056474,-120.810004,422,76868.43091369848
20189,37.0562,-120.808368,423,77018.00429996503
20189,37.055896,-120.806442,424,77193.68004226824
20189,37.055841,-120.803964,425,77415.53192521071
20189,37.055794,-120.799157,426,77845.76580180794
20189,37.055669,-120.792773,427,78417.27731702696
20189,37.055575,-120.786749,428,78956.50817986036
20189,37.055451,-120.778729,429,79674.41512082554
20189,37.055211,-120.764229,430,80972.43834013616
20189,37.05492,-120.747621,431,82459.24784024773
20189,37.054595,-120.728652,432,84157.4604883291
20189,37.054218,-120.708203,433,85988.303804957
20189,37.054064,-120.699148,434,86799.00781113254
20189,37.054167,-120.690072,435,87611.50270754247
20189,37.054081,-120.674558,436,89000.25692243727
20189,37.05403,-120.659709,437,90329.49720341251
20189,37.053961,-120.649538,438,91240.01969333054
20189,37.05367,-120.64647,439,91516.58169694999
20189,37.053174,-120.644131,440,91733.17419406223
20189,37.052249,-120.641384,441,91999.91064483406
20189,37.051221,-120.638938,442,92247.16106866993
20189,37.050558,-120.63735,443,92407.45602598497
20189,37.04991,-120.635645,444,92576.38673265345
20189,37.048495,-120.635627,445,92734.44011910616
20189,37.048652,-120.636278,446,92795.30335364498
20189,37.048519,-120.636082,447,92818.29431636549
20189,37.048292,-120.636075,448,92843.65628530023
20189,37.048277,-120.635708,449,92876.55565821215
20189,37.048264,-120.635488,450,92896.30522593377
20189,37.049864,-120.635484,451,93075.01394935124
20189,37.04977,-120.63418,452,93192.22712877156
20189,37.049624,-120.632608,453,93333.90430404794
20189,37.049487,-120.631283,454,93453.51021796597
20189,37.048866,-120.628236,455,93734.9809119246
20189,37.048194,-120.624642,456,94065.38608303611
20189,37.047642,-120.620828,457,94412.3755773926
20189,37.047471,-120.614862,458,94946.86043112994
20189,37.047539,-120.606108,459,95730.66380351647
20189,37.047591,-120.595765,460,96656.72927684487
20189,37.048396,-120.59098,461,97094.4855503281
20189,37.049526,-120.584114,462,97722.05079305744
20189,37.051204,-120.572762,463,98755.57593164228
20189,37.052574,-120.562828,464,99658.07082390964
20189,37.053722,-120.554717,465,100395.51096093103
20189,37.054321,-120.552614,466,100595.33499569171
20189,37.055485,-120.550275,467,100841.83522834697
20189,37.057078,-120.547636,468,101137.62463942339
20189,37.06004,-120.544953,469,101546.5031059694
20189,37.064098,-120.541306,470,102105.15986652079
20189,37.066273,-120.538151,471,102477.7282782728
20189,37.067557,-120.534611,472,102825.57960876657
20189,37.069303,-120.528216,473,103430.36970864687
20189,37.070622,-120.524311,474,103809.72365073851
20189,37.073293,-120.517809,475,104463.78816433372
20189,37.077983,-120.506458,476,105606.98887016444
20189,37.080859,-120.499291,477,106324.47042169761
20189,37.08151,-120.497146,478,106529.77994308196
20189,37.081617,-120.495611,479,106667.69467502831
20189,37.081869,-120.494404,480,106779.3394630137
20189,37.082396,-120.493401,481,106886.69972937071
20189,37.082858,-120.492902,482,106954.95601825904
20189,37.083453,-120.492532,483,107029.22177716043
20189,37.084095,-120.492361,484,107102.5602218365
20189,37.08469,-120.492355,485,107169.03514680118
20189,37.085755,-120.492371,486,107288.0244086903
20189,37.087103,-120.492323,487,107438.68277278464
20189,37.088558,-120.492328,488,107601.2344112519
20189,37.090432,-120.492312,489,107810.60055197921
20189,37.092516,-120.492328,490,108043.4271620732
20189,37.094814,-120.492307,491,108300.16408451031
20189,37.099345,-120.492275,492,108806.37053246691
20189,37.105027,-120.492232,493,109441.16897696252
20189,37.111059,-120.49221,494,110115.06021064188
20189,37.117039,-120.492189,495,110783.14177660347
20189,37.122566,-120.492157,496,111400.618642603
20189,37.127519,-120.492167,497,111953.96291527565
20189,37.131385,-120.492157,498,112385.86894636274
20189,37.136577,-120.492028,499,112966.02802916977
20189,37.140999,-120.491985,500,113460.06382873873
20189,37.145993,-120.491953,501,114017.99517499289
20189,37.150312,-120.491964,502,114500.50991649943
20189,37.157213,-120.491931,503,115271.48732073206
20189,37.163762,-120.491899,504,116003.13958449909
20189,37.170003,-120.491878,505,116700.37932535025
20189,37.175107,-120.491856,506,117270.59558039217
20189,37.17868,-120.491792,507,117669.80792334168
20189,37.179416,-120.491695,508,117752.4889278611
20189,37.180817,-120.490934,509,117923.15124624844
20189,37.183365,-120.489024,510,118255.08744391517
20189,37.184493,-120.488359,511,118394.42279579445
20189,37.185279,-120.488133,512,118484.52802961257
20189,37.186083,-120.488112,513,118574.37010622086
20189,37.19016,-120.488155,514,119029.86662860727
20189,37.194681,-120.488112,515,119534.9649629719
20189,37.203193,-120.488058,516,120485.93327386247
20189,37.207705,-120.488015,517,120990.02611217565
20189,37.212977,-120.487962,518,121579.0301238183
20189,37.218565,-120.487962,519,122203.31840637895
20189,37.224143,-120.487972,520,122826.49006318142
20189,37.229816,-120.487951,521,123460.2771401659
20189,37.235197,-120.487962,522,124061.44011274095
20189,37.241467,-120.487972,523,124761.92132103481
20189,37.247992,-120.487951,524,125490.89273715991
20189,37.255985,-120.487897,525,126383.87875433925
20189,37.262808,-120.487844,526,127146.15472769392
20189,37.268819,-120.487822,527,127817.70271000854
20189,37.276435,-120.487726,528,128668.60054222631
20189,37.282223,-120.487586,529,129315.35302819617
20189,37.28743,-120.487479,530,129897.15425373148
20189,37.288283,-120.487382,531,129992.84344013961
20189,37.289897,-120.48632,532,130196.55871542779
20189,37.293055,-120.484453,533,130586.74696408125
20189,37.296034,-120.482748,534,130952.70377860358
20189,37.296913,-120.485247,535,131196.40950550162
20189,37.298841,-120.490258,536,131692.8135173519
20189,37.302042,-120.488477,537,132084.15996728357
20189,37.301923,-120.488088,538,132121.3352636711
20189,37.301835,-120.487747,539,132153.31689316785
20189,37.301637,-120.48786,540,132177.6277475066
20189,37.301786,-120.488152,541,132208.55055080485
20189,37.301814,-120.488202,542,132208.65134570625
6274,37.301923,-120.488088,0,0
6274,37.301453,-120.486926,1,116.2401442619216
6274,37.303531,-120.485719,2,372.1672970054573
6274,37.303921,-120.48669,3,469.16077439338164
6274,37.304798,-120.489078,4,703.7178112152438
6274,37.305814,-120.491722,5,965.5552390246921
6274,37.308639,-120.490038,6,1315.1130865792707
6274,37.310426,-120.489083,7,1532.1834016520404
6274,37.312709,-120.487683,8,1816.1907268944242
6274,37.313306,-120.487441,9,1886.2958857232327
6274,37.314032,-120.487162,10,1971.1389905038818
6274,37.314676,-120.486841,11,2048.5783633680744
6274,37.315465,-120.48654,12,2140.7261365785826
6274,37.316067,-120.486449,13,2208.469678385963
6274,37.317214,-120.486422,14,2336.634606586758
6274,37.317748,-120.486422,15,2396.29282757285
6274,37.318021,-120.48646,16,2426.9801455350985
6274,37.318059,-120.48646,17,2431.225486792416
6274,37.318042,-120.486948,18,2474.8097900285043
6274,37.318038,-120.488069,19,2574.8344289559
6274,37.318046,-120.488772,20,2637.567390000035
6274,37.318093,-120.489432,21,2696.6907597130835
6274,37.318225,-120.489963,22,2746.3120850315054
6274,37.318362,-120.490467,23,2793.8154584249887
6274,37.318405,-120.490585,24,2805.3883195512335
6274,37.317969,-120.490805,25,2857.904341804875
6274,37.317385,-120.491164,26,2930.5873776483845
6274,37.316536,-120.491213,27,3025.53721920793
6274,37.316425,-120.491298,28,3040.073466066679
6274,37.316404,-120.491593,29,3066.5002266824513
6274,37.316404,-120.492666,30,3162.242340597653
6274,37.316434,-120.493133,31,3204.0465277526882
6274,37.316425,-120.493444,32,3231.8147190517457
6274,37.316429,-120.493975,33,3279.196989168913
6274,37.316451,-120.49427,34,3305.6337766658116
6274,37.316527,-120.494517,35,3329.252017590367
6274,37.316805,-120.495096,36,3389.5315752634733
6274,37.316852,-120.495241,37,3403.494445531067
6274,37.31651,-120.495611,38,3453.9895191337578
6274,37.316297,-120.496008,39,3496.6634807167284
6274,37.316207,-120.496684,40,3557.8138814913627
6274,37.316237,-120.497269,41,3610.119715306955
6274,37.31637,-120.497784,42,3658.4145042322843
6274,37.31654,-120.498256,43,3704.61407259051
6274,37.316788,-120.49868,44,3751.506520832982
6274,37.317018,-120.498975,45,3788.290686245888
6274,37.317434,-120.499381,46,3847.215912747128
6274,37.317863,-120.499635,47,3900.2309216664594
6274,37.318247,-120.499678,48,3943.3015061285023
6274,37.320358,-120.499704,49,4179.147657279379
6274,37.320905,-120.49956,50,4241.592920661283
6274,37.321536,-120.499243,51,4317.54867194891
6274,37.322142,-120.498766,52,4397.514847477326
6274,37.322577,-120.498143,53,4471.347658459676
6274,37.323029,-120.497339,54,4559.071505456113
6274,37.323238,-120.496529,55,4635.017723400978
6274,37.323289,-120.495177,56,4755.777199607309
6274,37.323285,-120.49449,57,4817.072823630209
6274,37.323285,-120.492849,58,4963.4827815268445
6274,37.323349,-120.489351,59,5275.657285485877
6274,37.323357,-120.487114,60,5475.245944278675
6274,37.32337,-120.486803,61,5503.031612586689
6274,37.323353,-120.485387,62,5629.382798019519
6274,37.323392,-120.484003,63,5752.941749292369
6274,37.323417,-120.48323,64,5821.966340812977
6274,37.323417,-120.48264,65,5874.606954749836
6274,37.323366,-120.482211,66,5913.304727724285
6274,37.323264,-120.48175,67,5955.985291420966
6274,37.323119,-120.481299,68,5999.362753449659
6274,37.322956,-120.480838,69,6044.345100311365
6274,37.32282,-120.48043,70,6083.791463212151
6274,37.322726,-120.479915,71,6130.925886843328
6274,37.322683,-120.479432,72,6174.287394409654
6274,37.322627,-120.478719,73,6238.210197806813
6274,37.322666,-120.478354,74,6271.06675509454
6274,37.323268,-120.478338,75,6338.337939071117
6274,37.325013,-120.478284,76,6533.350595603669
6274,37.325461,-120.478199,77,6583.972882079646
6274,37.326642,-120.478199,78,6715.915393595828
6274,37.327747,-120.478161,79,6839.413652999572
6274,37.329406,-120.478113,80,7024.80828149646
6274,37.330908,-120.478134,81,7192.623702437588
6274,37.332682,-120.478091,82,7390.853899601911
6274,37.334606,-120.477979,83,7606.037237196685
6274,37.336777,-120.478005,84,7848.59467397369
6274,37.336794,-120.47837,85,7881.210225519015
6274,37.335659,-120.478402,86,8008.0456339896
6274,37.334269,-120.478413,87,8163.340856309425
6274,37.333228,-120.478445,88,8279.677395223549
6274,37.332179,-120.478445,89,8396.872670827468
6274,37.332136,-120.480967,90,8621.915032661167
6274,37.332145,-120.483112,91,8813.275376102516
6274,37.332128,-120.484432,92,8931.048947134614
6274,37.332213,-120.485258,93,9005.346272026918
6274,37.332204,-120.487629,94,9216.866334637902
6274,37.33217,-120.489861,95,9416.01930366498
6274,37.332128,-120.492811,96,9679.229672049483
6274,37.332102,-120.495214,97,9893.61935432123
6274,37.333459,-120.495225,98,10045.223674402201
6274,37.334308,-120.495191,99,10140.120624960085
6274,37.335131,-120.495236,100,10232.152016201357
6274,37.335352,-120.495139,101,10258.31404666073
6274,37.335497,-120.494839,102,10289.596501494503
6274,37.335583,-120.491298,103,10605.618743446968
6274,37.335583,-120.490183,104,10705.083036643164
6274,37.335506,-120.48985,105,10736.009060191716
6274,37.335395,-120.489668,106,10756.438709615742
6274,37.335344,-120.489507,107,10771.889777671064
6274,37.335378,-120.489346,108,10786.745768428826
6274,37.335497,-120.489196,109,10805.608266258654
6274,37.3356,-120.488981,110,10827.974689684226
6274,37.335898,-120.488294,111,10897.71813341271
6274,37.336214,-120.487715,112,10960.280421650928
6274,37.336359,-120.487318,113,10999.224015406813
6274,37.336427,-120.486857,114,11041.04343314227
6274,37.336043,-120.486739,115,11085.21620046323
6274,37.335293,-120.486481,116,11172.109196123953
6274,37.335049,-120.486433,117,11199.702999618094
6274,37.334806,-120.486374,118,11227.356323765789
6274,37.333749,-120.486363,119,11345.447900457384
6274,37.33293,-120.486406,120,11437.026535870677
6274,37.332435,-120.486492,121,11492.857319538993
6274,37.331786,-120.486529,122,11565.438347991843
6274,37.331309,-120.486647,123,11619.758317258138
6274,37.330861,-120.486787,124,11671.343430128945
6274,37.330524,-120.486889,125,11710.076926376416
6274,37.329605,-120.486932,126,11812.818694982661
6274,37.3286,-120.486964,127,11925.132973934229
6274,37.325791,-120.486977,128,12238.954892871196
6274,37.323503,-120.48713,129,12494.933073034477
6274,37.323463,-120.489247,130,12683.86578955319
6274,37.323409,-120.494737,131,13173.7208887198
6274,37.323392,-120.49633,132,13315.860321001486
6274,37.323242,-120.497183,133,13393.787653220854
6274,37.322914,-120.497961,134,13472.278932639882
6274,37.322453,-120.498712,135,13556.789219834694
6274,37.321843,-120.499243,136,13639.786667742404
6274,37.320913,-120.499763,137,13753.571880682231
6274,37.32029,-120.499876,138,13823.898050454894
6274,37.319232,-120.49986,139,13942.103299418708
6274,37.318153,-120.499903,140,14062.707026634673
6274,37.31776,-120.499753,141,14108.606461461093
6274,37.31739,-120.499566,142,14153.182309861306
6274,37.316873,-120.499125,143,14223.070035580911
6274,37.316544,-120.498594,144,14283.034630111208
6274,37.316195,-120.497795,145,14364.292488508447
6274,37.316088,-120.497269,146,14412.724752982482
6274,37.316054,-120.496706,147,14463.10358442514
6274,37.316203,-120.495992,148,14528.951218676611
6274,37.316634,-120.495209,149,14613.801918669524
6274,37.316672,-120.495172,150,14619.179818780896
6274,37.316404,-120.494598,151,14678.50594193978
6274,37.316314,-120.494292,152,14707.602226082106
6274,37.316293,-120.493857,153,14746.487363109894
6274,37.316293,-120.493273,154,14798.596725559119
6274,37.316319,-120.492791,155,14841.702801657417
6274,37.316314,-120.491315,156,14973.405332058974
6274,37.316421,-120.491154,157,14992.094151604548
6274,37.316557,-120.491003,158,15012.40141453938
6274,37.317116,-120.491057,159,15075.037750776472
6274,37.317372,-120.490971,160,15104.649278467929
6274,37.317756,-120.490746,161,15152.014447359197
6274,37.318151,-120.490649,162,15196.984088239366
6274,37.31823,-120.490494,163,15213.390379562517
6274,37.317995,-120.489684,164,15290.284752552465
6274,37.317918,-120.48889,165,15361.651337101308
6274,37.317931,-120.488069,166,15434.92122350691
6274,37.317927,-120.487286,167,15504.787599753237
6274,37.31794,-120.486776,168,15550.316720125864
6274,37.317728,-120.486712,169,15574.679954832322
6274,37.317329,-120.486723,170,15619.266824017035
6274,37.317236,-120.486658,171,15631.165911683149
6274,37.316694,-120.48661,172,15691.86915122768
6274,37.315516,-120.486728,173,15823.895207642765
6274,37.314932,-120.48698,174,15892.905533105832
6274,37.313797,-120.487495,175,16027.777370044923
6274,37.313144,-120.487736,176,16103.833697091772
6274,37.312001,-120.488289,177,16240.731767879923
6274,37.310546,-120.489131,178,16419.80810901594
6274,37.308993,-120.490086,179,16613.10767267698
6274,37.307235,-120.491116,180,16829.953451315676
6274,37.305746,-120.491958,181,17012.48583348657
6274,37.30482,-120.492414,182,17123.653255318168
6274,37.303741,-120.493007,183,17255.30250543741
6274,37.303512,-120.492382,184,17316.66717474759
6274,37.302524,-120.489729,185,17577.897862961356
6274,37.302129,-120.488635,186,17685.042314171613
6274,37.301948,-120.488128,187,17734.60300133677
17632,37.361465999999986,-120.42805645767211,0,0
17632,37.361462,-120.427902,1,13.782373923068667
17632,37.361364,-120.427909,2,24.74971634818842
17632,37.361251,-120.427907,3,37.376489336450014
17632,37.361255,-120.428114,4,55.84300132577771
17632,37.361255,-120.428398,5,81.17126704190346
17632,37.361255,-120.428608,6,99.89990657139418
17632,37.36126,-120.428878,7,123.98605508504409
17632,37.361264,-120.42931,8,162.51609285978148
17632,37.361262,-120.429565,9,185.25907248787055
17632,37.361261,-120.42987,10,212.46036421692804
17632,37.361257,-120.430302,11,250.990340295286
17632,37.361249,-120.430678,12,284.5353247806496
17632,37.361245,-120.431262,13,336.6204898887681
17632,37.361238,-120.432164,14,417.06784508251803
17632,37.36124,-120.432309,15,430.0013782015469
17632,37.360684,-120.432325,16,492.13930544127527
17632,37.359765,-120.432322,17,594.8189640530944
17632,37.358739,-120.432335,18,709.4591833786932
17632,37.357831,-120.432362,19,810.9380451569139
17632,37.356827,-120.432384,20,923.1315103541389
17632,37.355801,-120.432411,21,1037.7911515413036
17632,37.35487,-120.432421,22,1141.8150330226954
17632,37.354034,-120.432445,23,1235.2453233890653
17632,37.353441,-120.432467,24,1301.529897359697
17632,37.352514,-120.432502,25,1405.1500665975077
17632,37.351488,-120.432537,26,1519.8269044575497
17632,37.350682,-120.432547,27,1609.8851957489435
17632,37.349588,-120.432561,28,1732.1235078361517
17632,37.348682,-120.432585,29,1833.3729520994325
17632,37.347484,-120.432606,30,1967.2378434747263
17632,37.346548,-120.432633,31,2071.8442605955056
17632,37.34532,-120.43266,32,2209.069058503275
17632,37.344168,-120.432676,33,2337.789199206914
17632,37.342987,-120.432695,34,2469.752462748043
17632,37.342016,-120.432724,35,2578.2725126815326
17632,37.340767,-120.432757,36,2717.8535291654184
17632,37.339585,-120.432789,37,2849.948477479382
17632,37.338451,-120.43281,38,2976.663414225636
17632,37.337323,-120.432848,39,3102.7397074484393
17632,37.336269,-120.432872,40,3220.521902967407
17632,37.334919,-120.432901,41,3371.37870725258
17632,37.333604,-120.432958,42,3518.390770222841
17632,37.332755,-120.432979,43,3613.2674777489956
17632,37.332379,-120.433001,44,3655.323534912152
17632,37.33219,-120.433001,45,3676.4403788281174
17632,37.332198,-120.433384,46,3710.622629960949
17632,37.332202,-120.434369,47,3798.503566345727
17632,37.332209,-120.435221,48,3874.521265107086
17632,37.33223,-120.437976,49,4120.327077490252
17632,37.3322,-120.438486,50,4165.9512477235385
17632,37.332183,-120.441758,51,4457.875971842346
17632,37.332187,-120.443244,52,4590.452913681011
17632,37.332183,-120.444548,53,4706.792231781316
17632,37.332149,-120.44584,54,4822.122451933862
17632,37.332155,-120.44849,55,5058.5462466785175
17632,37.332145,-120.449252,56,5126.5379568762555
17632,37.332141,-120.450679,57,5253.849638793198
17632,37.332209,-120.451435,58,5321.723149927275
17632,37.332179,-120.453302,59,5488.321929173886
17632,37.3322,-120.4543,60,5577.3895513293755
17632,37.332183,-120.456349,61,5760.200784672162
17632,37.332175,-120.457304,62,5845.4055222788165
17632,37.332149,-120.458876,63,5985.680868482588
17632,37.332226,-120.4596,64,6050.842431648902
17632,37.332187,-120.46011,65,6096.549850798388
17632,37.332145,-120.463446,66,6394.204737552186
17632,37.33217,-120.464294,67,6469.909497873931
17632,37.332904,-120.464283,68,6551.92045958128
17632,37.333894,-120.464315,69,6662.563611610747
17632,37.334482,-120.464315,70,6728.257057473466
17632,37.334934,-120.464326,71,6778.765633660331
17632,37.336218,-120.464278,72,6922.28256280351
17632,37.337178,-120.464243,73,7029.582609283922
17632,37.337805,-120.464262,74,7099.653778301798
17632,37.338308,-120.464128,75,7157.108001835734
17632,37.338487,-120.46401,76,7179.707658457432
17632,37.338692,-120.46453,77,7231.440855996796
17632,37.338756,-120.464814,78,7257.7649833317
17632,37.338777,-120.465265,79,7298.065062526982
17632,37.338777,-120.4663,80,7390.392733053142
17632,37.338769,-120.466805,81,7435.450310716996
17632,37.338811,-120.467083,82,7460.689412442358
17632,37.338756,-120.467491,83,7497.600225972665
17632,37.338764,-120.467802,84,7525.357444616693
17632,37.338867,-120.468285,85,7569.95374875938
17632,37.338888,-120.46865,86,7602.5979807954645
17632,37.33888,-120.469063,87,7639.450443834641
17632,37.338478,-120.469101,88,7684.490694374321
17632,37.337336,-120.469138,89,7812.120650907604
17632,37.336005,-120.469138,90,7960.823502546239
17632,37.335167,-120.469092,91,8054.53698085609
17632,37.334412,-120.469143,92,8139.010201733575
17632,37.332721,-120.469176,93,8327.956150027554
17632,37.332286,-120.469213,94,8376.66747187963
17632,37.332175,-120.469278,95,8390.357488800813
17632,37.332187,-120.469626,96,8421.432494757817
17632,37.332192,-120.470388,97,8489.41491235304
17632,37.3322,-120.471042,98,8547.766829100978
17632,37.332149,-120.472453,99,8673.774585041256
17632,37.332162,-120.474175,100,8827.405054719626
17632,37.332162,-120.475522,101,8947.573727030816
17632,37.332153,-120.476444,102,9029.833261931588
17632,37.332141,-120.477726,103,9144.210608143681
17632,37.332175,-120.478027,104,9171.330645391445
17632,37.33223,-120.478134,105,9182.68300087064
17632,37.332495,-120.47815,106,9212.323456183749
17632,37.333433,-120.478043,107,9317.55161154862
17632,37.333885,-120.478043,108,9368.049513025662
17632,37.334239,-120.478022,109,9407.643100115705
17632,37.334606,-120.477979,110,9448.823767388936
17632,37.334794,-120.478102,111,9472.520778001017
17632,37.335335,-120.478097,112,9532.963488867956
17632,37.335685,-120.478064,113,9572.1765007999
17632,37.336265,-120.478086,114,9637.00439992798
17632,37.336598,-120.47807,115,9674.234865063514
17632,37.336739,-120.478091,116,9690.098525676143
17632,37.336802,-120.478225,117,9703.97037683109
17632,37.336747,-120.478402,118,9720.91334259259
17632,37.33638,-120.478376,119,9761.9804796658
17632,37.33551,-120.478429,120,9859.292629620753
17632,37.334043,-120.478435,121,10023.18813282228
17632,37.332772,-120.478483,122,10165.250004630945
17632,37.331283,-120.478456,123,10331.619931034042
17632,37.329865,-120.478536,124,10490.200916715965
17632,37.329082,-120.47852,125,10577.690058936347
17632,37.327103,-120.478579,126,10798.848449174116
17632,37.326693,-120.478542,127,10844.772829129044
17632,37.325785,-120.478526,128,10946.225492239077
17632,37.325252,-120.478429,129,11006.398362188764
17632,37.324851,-120.478435,130,11051.201668623567
17632,37.324522,-120.478397,131,11088.113900982496
17632,37.322999,-120.478456,132,11258.346351044742
17632,37.322317,-120.478494,133,11334.615446941949
17632,37.321707,-120.478496,134,11402.76546816248
17632,37.320657,-120.478488,135,11520.074653742475
17632,37.31977,-120.478499,136,11619.17601224459
17632,37.318891,-120.478531,137,11717.420240717965
17632,37.318422,-120.478585,138,11770.038442870133
17632,37.317739,-120.478542,139,11846.440259531217
17632,37.317338,-120.478579,140,11891.361848779805
17632,37.316434,-120.478542,141,11992.411546734578
17632,37.316003,-120.478526,142,12040.584445005283
17632,37.315312,-120.478531,143,12117.784925182676
17632,37.314936,-120.478595,144,12160.178424595457
17632,37.31374,-120.478711,145,12294.197013666628
17632,37.312747,-120.478767,146,12405.248392231682
17632,37.3125,-120.478832,147,12433.446459127925
17632,37.311932,-120.479153,148,12503.0694506074
17632,37.311668,-120.478402,149,12576.288867401252
17632,37.311275,-120.477324,150,12682.032013677961
17632,37.31084,-120.476176,151,12795.419200873801
17632,37.310072,-120.476605,152,12889.37439255223
17632,37.309577,-120.476884,153,12950.022603069903
17632,37.308865,-120.477297,154,13037.691538882884
17632,37.308327,-120.477592,155,13103.30996654397
17632,37.307877,-120.477834,156,13158.026714688489
17632,37.307467,-120.478091,157,13209.253353875636
17632,37.307418,-120.47811,158,13214.984262878976
17632,37.30725,-120.477673,159,13258.264319327385
17632,37.306972,-120.476951,160,13329.791820285782
17632,37.306897,-120.476784,161,13346.889222953256
17632,37.306851,-120.476621,162,13362.316824302734
17632,37.30636,-120.476916,163,13423.162324067107
17632,37.306646,-120.4777,164,13500.079186011686
17632,37.306902,-120.478424,165,13570.737567121243
17632,37.305848,-120.478998,166,13699.15094263315
17632,37.304585,-120.479743,167,13855.133760296963
17632,37.304013,-120.480098,168,13926.460449258388
17632,37.303207,-120.480527,169,14024.3086961337
17632,37.302255,-120.48117,170,14145.160321321193
17632,37.300821,-120.481889,171,14317.74075520535
17632,37.299921,-120.482426,172,14429.127187023947
17632,37.300548,-120.484153,173,14598.431194217666
17632,37.301005,-120.485419,174,14722.419356210527
17632,37.30162,-120.487087,175,14886.374867257115
17632,37.301747,-120.487441,176,14921.007950245963
17632,37.301766,-120.487602,177,14935.532607386036
17632,37.301821,-120.487749,178,14950.019511594372
17632,37.301676,-120.487838,179,14968.061344284224
17632,37.301814,-120.488202,180,15004.019888116354
17632,37.301839,-120.488369,181,15019.183488184735
17632,37.301796,-120.488467,182,15029.162110295738
17632,37.301835,-120.488651,183,15046.151650692238
17632,37.301683,-120.48874,184,15064.898786006648
17632,37.301547,-120.488809,185,15081.293076324459
17632,37.301035,-120.489114,186,15144.63979223474
17632,37.300778,-120.489261,187,15176.206944273617
17632,37.300548,-120.488638,188,15237.458593724423
17632,37.30028,-120.487876,189,15311.764819407961
17632,37.299981,-120.487023,190,15394.90007307203
17632,37.299812,-120.486548,191,15441.307690284284
17632,37.299661,-120.486122,192,15482.902400777948
17632,37.300376,-120.485709,193,15570.876199477905
17632,37.300926,-120.485392,194,15638.522426832993
17632,37.300647,-120.484631,195,15713.251249390305
17632,37.300361,-120.483858,196,15789.28042419773
17632,37.299849,-120.482399,197,15931.504883727415
17632,37.301223,-120.4816,198,16100.763602577439
17632,37.30188,-120.481205,199,16182.190732869929
17632,37.301998,-120.481098,200,16198.469075411102
17632,37.302545,-120.480838,201,16263.83732190144
17632,37.30354,-120.48028,202,16385.644426304403
17632,37.304282,-120.479851,203,16476.955467945136
17632,37.304635,-120.479583,204,16523.078784100762
17632,37.305259,-120.479266,205,16598.31413508734
17632,37.306441,-120.478601,206,16743.09090262906
17632,37.306838,-120.47837,207,16792.000872667864
17632,37.306484,-120.477448,208,16883.293586315685
17632,37.306283,-120.476863,209,16940.12523464468
17632,37.306876,-120.476541,210,17012.33966333253
17632,37.306995,-120.476864,211,17044.08307104527
17632,37.307034,-120.476957,212,17053.45677230141
17632,37.307209,-120.477415,213,17098.764937563592
17632,37.307437,-120.478016,214,17158.140534682145
17632,37.307915,-120.477743,215,17216.83800357943
17632,37.308681,-120.477335,216,17309.83991946519
17632,37.30965,-120.476772,217,17429.18817096432
17632,37.310473,-120.476294,218,17530.54752257579
17632,37.310866,-120.476058,219,17579.243614936382
17632,37.31128,-120.477179,220,17689.453717424454
17632,37.311847,-120.478724,221,17841.180008653235
17632,37.311962,-120.479046,222,17872.655504602677
17632,37.312385,-120.478821,223,17924.001762776326
17632,37.312611,-120.478724,224,17950.693174015865
17632,37.313306,-120.478655,225,18028.582976185382
17632,37.314249,-120.478569,226,18134.21496840226
17632,37.315277,-120.478467,227,18249.424217535812
17632,37.316203,-120.478445,228,18352.89647249071
17632,37.317509,-120.478467,229,18498.817279621122
17632,37.318174,-120.478359,230,18573.734115702675
17632,37.321233,-120.478349,231,18915.489801922315
17632,37.321544,-120.478317,232,18950.352145935325
17632,37.322573,-120.478349,233,19065.34849746281
17632,37.324447,-120.478255,234,19274.881558459703
17632,37.325473,-120.478263,235,19389.509526954294
17632,37.327777,-120.478209,236,19646.95979552082
17632,37.329539,-120.478131,237,19843.935173253343
17632,37.330891,-120.478145,238,19994.987143993192
17632,37.33264,-120.478081,239,20190.47059318794
17632,37.334508,-120.477938,240,20399.555011664885
17632,37.336854,-120.478016,241,20661.744891702307
17632,37.338986,-120.477973,242,20899.96499144386
17632,37.339967,-120.477941,243,21009.600482384874
17632,37.339976,-120.477576,244,21042.17483882731
17632,37.339933,-120.477329,245,21064.72546478986
17632,37.339745,-120.477115,246,21093.107733615856
17632,37.33943,-120.476686,247,21145.097464244474
17632,37.339251,-120.476471,248,21172.805704172402
17632,37.339118,-120.476482,249,21187.697000368782
17632,37.338978,-120.476528,250,21203.86727816037
17632,37.338773,-120.476477,251,21227.21761445405
17632,37.338773,-120.475913,252,21277.52864392808
17632,37.338786,-120.47527,253,21334.905222732945
17632,37.339234,-120.475275,254,21384.95845048013
17632,37.339234,-120.474229,255,21478.265428609848
17632,37.339251,-120.473295,256,21561.603373520535
17632,37.339268,-120.472491,257,21633.348416273573
17632,37.339259,-120.471858,258,21689.82347182592
17632,37.339225,-120.4716,259,21713.149484154124
17632,37.339106,-120.4713,260,21743.03125543809
17632,37.338935,-120.470871,261,21785.803618493075
17632,37.338868,-120.470541,262,21816.177929309848
17632,37.338839,-120.469739,263,21887.79346250195
17632,37.33885,-120.468907,264,21962.022094379965
17632,37.338833,-120.468451,265,22002.74387917683
17632,37.338777,-120.468071,266,22037.214347883677
17632,37.338709,-120.467711,267,22070.214617122372
17632,37.338722,-120.46733,268,22104.232854242488
17632,37.33873,-120.465973,269,22225.287898089977
17632,37.33873,-120.465034,270,22309.051934130945
17632,37.338696,-120.464745,271,22335.110725445866
17632,37.338632,-120.464482,272,22359.637263472498
17632,37.338474,-120.464093,273,22398.57018290018
17632,37.338156,-120.464254,274,22436.89143650056
17632,37.337882,-120.464315,275,22467.983573198166
17632,37.337054,-120.464337,276,22560.511478368233
17632,37.336286,-120.464358,277,22646.33560232012
17632,37.335131,-120.46438,278,22775.39120806857
17632,37.33426,-120.464396,279,22872.71287295242
17632,37.33345,-120.464353,280,22963.29020705413
17632,37.332597,-120.464369,281,23058.60107715853
17632,37.332077,-120.464358,282,23116.705607076332
17632,37.332085,-120.462824,283,23253.56254577343
17632,37.332085,-120.460488,284,23461.96671412464
17632,37.332094,-120.458683,285,23623.001868141673
17632,37.332102,-120.456081,286,23855.14030812037
17632,37.332111,-120.453882,287,24051.32682444311
17632,37.3321,-120.452144,288,24206.387993070897
17632,37.332081,-120.451704,289,24245.70018601745
17632,37.332098,-120.4504,290,24362.05292268856
17632,37.332094,-120.448158,291,24562.075521723924
17632,37.332081,-120.445781,292,24774.14757859566
17632,37.332085,-120.444124,293,24921.980121757464
17632,37.332089,-120.442584,294,25059.374732487002
17632,37.332094,-120.439693,295,25317.302057951885
17632,37.332051,-120.438623,296,25412.88553923849
17632,37.332128,-120.437365,297,25525.450513369364
17632,37.332128,-120.435594,298,25683.455189461278
17632,37.332119,-120.433856,299,25838.519399133773
17632,37.332115,-120.432901,300,25923.723994411233
17632,37.332889,-120.432901,301,26010.202511970132
17632,37.335964,-120.432834,302,26353.822264858944
17632,37.337783,-120.432791,303,26557.094165650873
17632,37.339116,-120.432759,304,26706.056759152438
17632,37.340353,-120.432732,305,26844.2869669554
17632,37.341739,-120.432689,306,26999.191369670072
17632,37.343488,-120.432641,307,27194.65294399801
17632,37.346656,-120.43258,308,27548.65342389044
17632,37.349759,-120.432504,309,27895.41595943273
17632,37.352686,-120.43244,310,28222.497687912128
17632,37.355452,-120.432365,311,28531.613572538845
17632,37.358349,-120.432301,312,28855.343962306713
17632,37.361191,-120.432223,313,29172.955116604247
17632,37.361197,-120.431266,314,29258.30644745574
17632,37.361202,-120.430677,315,29310.83861732705
17632,37.361203,-120.430305,316,29344.015166928584
17632,37.361208,-120.429865,317,29383.26002572353
17632,37.361213,-120.429069,318,29454.25261527756
17632,37.361341,-120.42907,319,29468.554332030544
17632,37.361477,-120.429078,320,29483.76635116429
17632,37.361471,-120.428891,321,29500.457164505442
17632,37.361472,-120.428783,322,29510.089650888207
17632,37.361468,-120.428624,323,29524.276901873614
17632,37.361468,-120.42844,324,29540.686709624115
17632,37.361465,-120.428291,325,29553.979317286936
17632,37.36146386811874,-120.42806182209014,326,29574.41866416071
6275,37.301923,-120.488088,0,0
6275,37.300945,-120.48539800000005,1,263.7689632505802
6275,37.303742,-120.48373200000005,2,609.8197744105614
6275,37.30677,-120.481964,3,983.0950329385091
6275,37.310704,-120.479693,4,1467.0784521701103
6275,37.312393,-120.478746,5,1673.833739241867
6275,37.312871,-120.47859499999998,6,1728.910056781734
6275,37.313264,-120.478542,7,1773.0703809604227
6275,37.318174,-120.478359,8,2321.86341137443
6275,37.319382,-120.47834899999998,9,2456.8253244770535
6275,37.319352,-120.481444,10,2733.0022435003875
6275,37.319309,-120.486336,11,3169.522950864659
6275,37.319283,-120.488155,12,3331.8504673553844
6275,37.319275,-120.490392,13,3531.4497112774275
6275,37.319558,-120.490362,14,3563.179236215853
6275,37.321643,-120.490338,15,3796.122748179917
6275,37.322696,-120.490274,16,3913.90113888491
6275,37.323366,-120.490268,17,3988.7546461826796
6275,37.323349,-120.489351,18,4070.5918319965017
6275,37.323388,-120.488184,19,4174.803373384886
6275,37.323389,-120.48602,20,4367.8772208735045
6275,37.323353,-120.485387,21,4424.497157207562
6275,37.323416,-120.485033,22,4456.856143468145
6275,37.323434,-120.483268,23,4614.344385790052
6275,37.323349,-120.48211500000002,24,4717.654084311572
6275,37.323033,-120.481042,25,4819.691068427481
6275,37.322803,-120.48024800000002,26,4895.049762996261
6275,37.322696,-120.47941100000004,27,4970.679821155192
6275,37.322627,-120.478719,28,5032.9014072216
6275,37.322688,-120.4783,29,5070.9019097874825
6275,37.322843,-120.47828400000004,30,5088.2774080923755
6275,37.324447,-120.478255,31,5267.496572675435
6275,37.327256,-120.478166,32,5581.4213227491155
6275,37.329539,-120.478131,33,5836.499508863922
6275,37.334606,-120.477979,34,6402.752316064347
6275,37.336777,-120.47793,35,6645.338063528596
6275,37.336802,-120.47844499999997,36,6691.363997598203
6275,37.334371,-120.478477,37,6962.972604080433
6275,37.332077,-120.47851000000004,38,7219.277345957476
6275,37.332077,-120.47612800000002,39,7431.779899592137
6275,37.332051,-120.47447599999998,40,7579.186963455319
6275,37.332094,-120.472223,41,7780.239921899382
6275,37.332034,-120.470366,42,7946.043504945233
6275,37.332051,-120.468221,43,8137.414901689336
6275,37.332068,-120.46490599999998,44,8433.163492913161
6275,37.332106,-120.461998,45,8692.632093696116
6275,37.332085,-120.460488,46,8827.365906909157
6275,37.332102,-120.45989500000002,47,8880.304080516313
6275,37.33293,-120.45997,48,8973.05351376874
6275,37.334363,-120.460013,49,9133.200452624129
6275,37.336239,-120.45997,50,9342.83041891313
6275,37.33798,-120.459949,51,9537.351522146802
6275,37.338048,-120.460399,52,9578.207349908324
6275,37.338039,-120.46081800000002,53,9615.598655686836
6275,37.33827,-120.46143999999998,54,9676.793758692673
6275,37.338372,-120.46205199999996,55,9732.564893571549
6275,37.338364,-120.463275,56,9841.668016433165
6275,37.338406,-120.463704,57,9880.224117891132
6275,37.338662,-120.464423,58,9950.451312572157
6275,37.338773,-120.464895,59,9994.34472475162
6275,37.338811,-120.467083,60,10189.572373747791
6275,37.338756,-120.467598,61,10235.922195714698
6275,37.338816,-120.46799499999996,62,10271.965485178918
6275,37.338909,-120.46862799999997,63,10329.380226657158
6275,37.338909,-120.46907399999998,64,10369.165598308888
6275,37.338321,-120.46909,65,10434.87402516431
6275,37.33748,-120.46911699999998,66,10528.863645475725
6275,37.336005,-120.469138,67,10693.665209695517
6275,37.335335,-120.46912199999996,68,10768.532997148488
6275,37.333595,-120.469068,69,10962.990116398101
6275,37.332243,-120.46907399999998,70,11114.040120180322
6275,37.332119,-120.469224,71,11133.301446094336
6275,37.332183,-120.47576800000002,72,11717.151434324838
6275,37.332161,-120.47846600000004,73,11957.857244592404
6275,37.329865,-120.478536,74,12214.444535048708
6275,37.326941,-120.47852,75,12541.11969181002
6275,37.324522,-120.478397,76,12811.595412824123
6275,37.323272,-120.478413,77,12951.253928586782
6275,37.322743,-120.47841800000003,78,13010.356008434072
6275,37.322786,-120.478799,79,13044.687665813632
6275,37.322747,-120.479529,80,13109.965820854146
6275,37.322875,-120.48033399999996,81,13183.199732082592
6275,37.32305,-120.48094000000005,82,13240.694678088283
6275,37.323268,-120.48157300000004,83,13302.199760964751
6275,37.323421,-120.482216,84,13362.061581395461
6275,37.323473,-120.483187,85,13448.890104199585
6275,37.323489,-120.48551600000002,86,13656.6937221586
6275,37.323519,-120.48561,87,13665.725386338645
6275,37.323451,-120.485923,88,13694.666403758765
6275,37.323434,-120.488761,89,13947.881878238231
6275,37.323421,-120.490322,90,14087.162490294695
6275,37.322044,-120.490392,91,14241.125975958434
6275,37.320388,-120.490429,92,14426.161716761908
6275,37.320559,-120.490478,93,14445.759508457182
6275,37.319074,-120.490472,94,14611.662738157616
6275,37.319109,-120.488316,95,14804.072904689332
6275,37.319134,-120.48467900000004,96,15128.59991010104
6275,37.319177,-120.48069800000002,97,15483.843191415732
6275,37.319198,-120.47851000000004,98,15679.08583343135
6275,37.318422,-120.478585,99,15766.039197207725
6275,37.313357,-120.478832,100,16332.33480387738
6275,37.312803,-120.478885,101,16394.40862148371
6275,37.312419,-120.47900300000003,102,16438.582775619176
6275,37.310419,-120.480079,103,16681.78154503195
6275,37.309031,-120.48103100000004,104,16858.596285558215
6275,37.306748,-120.48219,105,17133.82723818358
6275,37.30351,-120.484056,106,17532.066495471565
6275,37.30231,-120.484738,107,17679.300157545924
6275,37.301022,-120.48541899999998,108,17835.504124905354
6275,37.301555,-120.48692900000005,109,17982.837163964792
6275,37.301837,-120.48771499999998,110,18059.735105898013
6275,37.301662,-120.48783300000002,111,18081.941883236566
6275,37.301814,-120.488202,112,18118.99430959994
6275,37.301793,-120.48848299999996,113,18144.182076061465
6275,37.30185,-120.48864300000002,114,18159.817083499063
6275,37.301011,-120.489179,115,18265.050445772325
6275,37.30077,-120.489281,116,18293.47202620456
6275,37.299691,-120.48619200000002,117,18594.3628547002
6275,37.2969,-120.488,118,18945.45211262255
6275,37.292619,-120.490279,119,19465.18076069678
6275,37.288449,-120.49268899999998,120,19978.314746289376
6275,37.288343,-120.49281100000002,121,19994.402867522218
6275,37.288258,-120.500225,122,20656.255564110186
6275,37.28827921502373,-120.50185562698364,123,20801.82600764457
6275,37.288466,-120.50161400000002,124,20831.836024853797
6275,37.28947846430215,-120.50112581349184,125,20953.04880713479
6275,37.290289,-120.503132,126,21153.71103189364
6275,37.291194,-120.50575000000003,127,21408.32104355676
6275,37.289787,-120.50582300000002,128,21565.640467344387
6275,37.288121,-120.505857,129,21751.78407619325
6275,37.28812946414911,-120.50009610185242,130,22266.0069554593
6275,37.289715,-120.499139,131,22462.66419579681
6275,37.2899,-120.49900000000002,132,22486.769965650823
6275,37.290793,-120.49843299999998,133,22598.63643930748
6275,37.2902,-120.497,134,22742.682378555925
6275,37.289222,-120.49424899999995,135,23011.447234381616
6275,37.28854,-120.49444800000003,136,23089.68217853462
6275,37.288087,-120.494796,137,23149.06326784133
6275,37.287481,-120.494914,138,23217.57885327577
6275,37.28416,-120.494893,139,23588.59914277099
6275,37.284205,-120.49272100000002,140,23782.5518110954
6275,37.284417,-120.492767,141,23806.58944442793
6275,37.286815,-120.49265000000004,142,24074.693733576336
6275,37.287737,-120.492682,143,24177.737725408508
6275,37.288335,-120.492543,144,24245.68773843578
6275,37.288432,-120.492506,145,24257.01653496871
6275,37.290059,-120.49152400000004,146,24458.81391702393
6275,37.2928,-120.49,147,24793.88939155265
6275,37.297466,-120.487397,148,25364.600642558184
6275,37.299721,-120.48609,149,25642.224105531666
6275,37.300821,-120.48915799999996,150,25942.351548279454
6275,37.301,-120.489,151,25966.82090579617
6275,37.302033,-120.48846600000002,152,26091.67992841116
6275,37.301931,-120.48816599999998,153,26120.777954775134
6275,37.301923,-120.488088,154,26121.745277347905
20184,37.301619,-120.487334,0,0
20184,37.301252,-120.486302,1,100.81696925254555
20184,37.30094,-120.485466,2,183.16860001530154
20184,37.300378,-120.485807,3,252.9421495471006
20184,37.299725,-120.486172,4,332.8378023746235
20184,37.300135,-120.48732,5,445.0683813095867
20184,37.300592,-120.488001,6,524.4451154420032
20184,37.300558,-120.488446,7,564.3417008814802
20184,37.300843,-120.48924,8,642.0289297657977
20184,37.298777,-120.490472,9,897.6924028656233
20184,37.297583,-120.487259,10,1213.961959023427
20184,37.296768,-120.484856,11,1446.9624755414395
20184,37.295829,-120.48241,12,1689.1740016333006
20184,37.294502,-120.478968,13,2030.2923651862252
20184,37.294373,-120.478397,14,2083.256488438654
20184,37.292935,-120.474658,15,2453.6476763095725
20184,37.292566,-120.473513,16,2563.851084676959
20184,37.291642,-120.47082281349184,17,2825.227948338318
20184,37.29009816626032,-120.4716842265114,18,3014.071590723908
20184,37.28898569786286,-120.47235782300088,19,3152.1393370526557
20184,37.28836538861966,-120.47271723900889,20,3228.507725787361
20184,37.28801225577018,-120.47296400223826,21,3273.6931457083538
20184,37.28808876140532,-120.4766830228806,22,3605.781403400996
20184,37.28818692368522,-120.48140907516483,23,4027.791378661929
20184,37.28818133961676,-120.48192127116394,24,4073.5161942829163
20184,37.287891,-120.482088,25,4109.204419536863
20184,37.28746,-120.482163,26,4157.819084506049
20184,37.28591,-120.482182,27,4330.993953109194
20184,37.284549,-120.482179,28,4483.045605600728
20184,37.284459,-120.48219,29,4493.148273051795
20184,37.284365,-120.478864,30,4790.240917476014
20184,37.284378,-120.477051,31,4952.09196849344
20184,37.282658,-120.477067,32,5144.257933279482
20184,37.282677,-120.477453,33,5178.781879316641
20184,37.282684,-120.47793,34,5221.3713153559365
20184,37.28084,-120.477962,35,5427.404925723469
20184,37.280829,-120.478317,36,5459.120702102021
20184,37.280921,-120.482098,37,5796.817491988675
20184,37.281145,-120.482069,38,5821.976415232128
20184,37.282871,-120.482069,39,6014.80581257158
20184,37.28453185496984,-120.482066635582,40,6200.357295888842
20184,37.284596210549694,-120.48449117462158,41,6416.910184397736
20184,37.28463489262374,-120.48645482278442,42,6592.253433783204
20184,37.28462588390888,-120.4875107149887,43,6686.51542394134
20184,37.28624306491553,-120.48751167266794,44,6867.185908903034
20184,37.28721394077214,-120.48747948615976,45,6975.689606921777
20184,37.288154750963365,-120.48739836776734,46,7081.045471197482
20184,37.28847725154137,-120.48721126525828,47,7120.757731457828
20184,37.28840684801407,-120.48567962828687,48,7257.701977192585
20184,37.288364168902405,-120.48464966002516,49,7349.763635049446
20184,37.28810809372425,-120.48359823409132,50,7447.88090832119
20184,37.288091,-120.48138,51,7645.898070515581
20184,37.288044,-120.476455,52,8085.5563061958455
20184,37.290291,-120.475192,53,8360.748003134462
20184,37.291634,-120.47446,54,8524.399812087535
20184,37.292752,-120.473838,55,8661.08816705536
20184,37.293575,-120.476058,56,8879.536048742279
20184,37.294677,-120.478946,57,9165.203192189143
20184,37.295667,-120.481567,58,9423.970639837808
20184,37.296627,-120.484271,59,9688.071585890253
20184,37.298863,-120.490295,60,10280.921530587339
20184,37.299332,-120.490018,61,10338.857174348408
20184,37.300254,-120.489475,62,10452.69289640021
20184,37.301,-120.489,63,10546.197419267952
20184,37.302046,-120.488464,64,10672.467560776584
20184,37.301571,-120.487346,65,10785.479280328296
20187,37.334606,-120.477979,0,0
20187,37.335276,-120.478022,1,74.95131256778157
20187,37.335894,-120.478027,2,143.99634376252567
20187,37.3365,-120.478048,3,211.7251924767475
20187,37.336781,-120.478048,4,243.1187972770651
20187,37.336781,-120.47837,5,271.84314426348516
20187,37.336056,-120.478381,6,352.84677947430356
20187,37.334896,-120.478413,7,482.4745197034987
20187,37.333668,-120.478424,8,619.6713563550059
20187,37.332132,-120.478456,9,791.2984785778461
20187,37.329865,-120.478536,10,1044.6703960715988
20187,37.326971,-120.478563,11,1367.9997673587832
20187,37.326288,-120.478553,12,1444.3103860901113
20187,37.326135,-120.478542,13,1461.431840912874
20187,37.325964,-120.47852,14,1480.636690225134
20187,37.325375,-120.478445,15,1546.779679798116
20187,37.325264,-120.478359,16,1561.3625082768133
20187,37.324522,-120.478397,17,1644.3287760698095
20187,37.322722,-120.478413,18,1845.43160028711
20187,37.322767,-120.479829,19,1971.8709981493441
20187,37.322833,-120.48017,20,2003.1766427189064
20187,37.322982,-120.480773,21,2059.4941147195464
20187,37.323313,-120.481424,22,2128.350308037219
20187,37.323362,-120.481932,23,2174.004306592322
20187,37.323473,-120.482683,24,2242.1475167180943
20187,37.32349,-120.483509,25,2315.868761466279
20187,37.323519,-120.48561,26,2503.350154536343
20187,37.323473,-120.487146,27,2640.489595275054
20187,37.323131,-120.487125,28,2678.7435322785464
20187,37.322863,-120.487189,29,2709.22396664604
20187,37.322551,-120.48712,30,2744.6198922778735
20187,37.32,-120.487,31,3029.8171018279413
20187,37.319377,-120.486969,32,3099.4732312963147
20187,37.319251,-120.489343,33,3311.761861673898
20187,37.319292,-120.49044,34,3409.749164187044
20187,37.319113,-120.49044,35,3429.746824497105
20187,37.31872,-120.490462,36,3473.6961606774958
20187,37.31837,-120.490547,37,3513.526462033683
20187,37.317969,-120.490805,38,3563.8942122626854
20187,37.317457,-120.491073,39,3625.8914736402435
20187,37.317372,-120.491095,40,3635.588330160429
20187,37.317304,-120.491127,41,3643.70405734787
20187,37.316527,-120.491159,42,3730.556394114297
20187,37.316442,-120.491213,43,3741.2049621496703
20187,37.316399,-120.491298,44,3750.182767535595
20187,37.316391,-120.491438,45,3762.7066971399736
20187,37.316404,-120.492666,46,3872.2888671488363
20187,37.316391,-120.494099,47,4000.1612142729136
20187,37.316434,-120.494313,48,4019.851042325782
20187,37.316527,-120.494614,49,4048.6482596051446
20187,37.316698,-120.494946,50,4083.8975663066876
20187,37.316809,-120.495193,51,4109.18598403637
20187,37.316664,-120.495365,52,4131.500675347642
20187,37.316519,-120.495536,53,4153.754107943585
20187,37.316391,-120.495729,54,4176.138224583292
20187,37.316254,-120.496105,55,4213.014192563672
20187,37.316195,-120.496341,56,4235.079496360349
20187,37.316152,-120.496727,57,4269.8549300492505
20187,37.316186,-120.497038,58,4297.863600291628
20187,37.316246,-120.497521,59,4341.4788402282575
20187,37.31634,-120.497897,60,4376.633615721824
20187,37.316527,-120.498337,61,4421.106038075091
20187,37.316741,-120.498712,62,4462.22968311477
20187,37.317005,-120.499055,63,4504.732773240977
20187,37.317434,-120.499381,64,4560.795826637659
20187,37.317688,-120.499603,65,4595.401738458193
20187,37.317927,-120.499721,66,4624.102999935875
20187,37.318174,-120.499753,67,4651.844439169381
20187,37.318643,-120.499731,68,4704.276500290128
20187,37.319224,-120.499753,69,4769.213789628622
20187,37.319164,-120.50265,70,5027.781927209309
20187,37.319147,-120.504946,71,5232.647721423343
20187,37.319207,-120.505697,72,5299.988757644442
20187,37.31936,-120.506405,73,5365.43021238824
20187,37.319659,-120.50707,74,5433.519623011552
20187,37.319795,-120.507349,75,5462.682941531553
20187,37.319829,-120.507456,76,5472.957573963144
20187,37.320026,-120.507821,77,5512.262737627811
20187,37.321237,-120.509773,78,5732.794165593928
20187,37.324002,-120.514205,79,6234.55762093398
20187,37.326928,-120.518893,80,6765.375868613005
20187,37.329743,-120.523442,81,7278.775640557417
20187,37.331432,-120.526146,82,7585.01997368219
20187,37.332388,-120.527669,83,7757.829599058151
20187,37.332154,-120.527759,84,7785.175260067612
20187,37.331779,-120.527965,85,7830.920407234458
20187,37.331778,-120.528302,86,7860.982610092726
20187,37.331748,-120.535957,87,8543.848747443451
20187,37.331697,-120.540544,88,8953.064057296393
20187,37.331711,-120.540769,89,8973.195571007038
20187,37.332913,-120.540774,90,9107.471162284013
20187,37.3361,-120.540689,91,9463.570158345952
20187,37.338897,-120.540672,92,9776.025401856981
20187,37.339695,-120.540587,93,9865.491425673337
20187,37.340265,-120.540335,94,9933.016505458547
20187,37.343063,-120.544771,95,10437.233061769093
20187,37.344931,-120.547775,96,10776.827538129957
20187,37.34784,-120.552431,97,11304.106011345108
20187,37.34987,-120.555671,98,11671.40915027773
20187,37.352966,-120.560617,99,12231.898796942944
20187,37.356479,-120.566293,100,12872.345949561806
20187,37.358767,-120.569832,101,13278.427888839065
20187,37.358885,-120.569962,102,13295.98085350142
20187,37.359012,-120.570007,103,13310.723806602331
20187,37.359149,-120.570039,104,13326.290999985453
20187,37.359332,-120.570055,105,13346.782581168869
20187,37.359771,-120.570055,106,13395.820699095206
20187,37.359955,-120.570066,107,13416.397649656787
20187,37.360495,-120.570075,108,13476.723221414186
20187,37.361016,-120.570093,109,13534.943201099908
20187,37.36146,-120.570125,110,13584.621837332614
20187,37.36169,-120.570302,111,13614.773821449859
20187,37.36195,-120.570554,112,13651.493754301871
20187,37.362355,-120.570962,113,13709.545779502156
20187,37.363057,-120.571681,114,13810.831516441767
20187,37.362988,-120.571777,115,13822.349793046495
20187,37.362886,-120.57191,116,13838.794864732025
20187,37.362766,-120.572259,117,13872.676437170563
20187,37.362659,-120.572481,118,13895.798966148941
20187,37.362373,-120.572894,119,13944.549431238504
20187,37.361917,-120.572438,120,14009.72320708564
20187,37.362001,-120.572212,121,14031.951363241671
20187,37.362175,-120.572044,122,14056.490160204628
20187,37.362088,-120.571526,123,14103.68742446989
20187,37.362041,-120.571473,124,14110.751033621109
20187,37.362318,-120.571089,125,14156.899284402183
20187,37.362382,-120.570995,126,14167.915348327962
20187,37.363104,-120.571736,127,14272.172276882833
20187,37.363839,-120.572471,128,14377.221478161093
20187,37.364547,-120.573146,129,14476.602380088381
20187,37.365049,-120.572413,130,14562.71557239434
20187,37.365872,-120.573235,131,14680.285130088378
20187,37.36534,-120.574079,132,14776.169879644254
20187,37.365033,-120.574551,133,14830.455661228012
20187,37.36476,-120.574821,134,14869.307185949372
20187,37.364344,-120.57468,135,14917.446221622544
20187,37.364,-120.575201,136,14977.73160801567
20187,37.363686,-120.575645,137,15030.621621135386
20187,37.363768,-120.575781,138,15045.818056771885
20187,37.364013,-120.576246,139,15095.495207237787
20187,37.364146,-120.576475,140,15120.745671785466
20187,37.364306,-120.576581,141,15140.96307730328
20187,37.364456,-120.576638,142,15158.472272911677
20187,37.365504,-120.576643,143,15275.537797429626
20187,37.365787,-120.57667,144,15307.241249742765
20187,37.366154,-120.576665,145,15348.238648088683
20187,37.366162,-120.576736,146,15354.631520231182
20187,37.366161,-120.577863,147,15455.110779817238
20187,37.365998,-120.578028,148,15478.518514565796
20187,37.366048,-120.57806,149,15484.790145715482
20187,37.366018,-120.578175,150,15495.576869306697
20187,37.365819,-120.578143,151,15517.988038121059
20187,37.365279,-120.578135,152,15578.311692284582
20187,37.365277,-120.577663,153,15620.394537987655
20187,37.365279,-120.577125,154,15668.361733126674
20187,37.365279,-120.576875,155,15690.6510941703
20187,37.365276,-120.576707,156,15705.633298364473
20187,37.364597,-120.576704,157,15781.480054785345
20187,37.36441,-120.576684,158,15802.444474978354
20187,37.364298,-120.576638,159,15815.610300139384
20187,37.364091,-120.576493,160,15842.101513496887
20187,37.363912,-120.576149,161,15878.714170459676
20187,37.363824,-120.575971,162,15897.382173268394
20187,37.363655,-120.575887,163,15917.691359248014
20187,37.363554,-120.57587,164,15929.074730954724
20187,37.363406,-120.576106,165,15955.834064335231
20187,37.363248,-120.576357,166,15984.335213903712
20187,37.363128,-120.576548,167,16006.00738264728
20187,37.363007,-120.576662,168,16022.918796242402
20187,37.362266,-120.57675,169,16106.061710250182
20187,37.361449,-120.576791,170,16197.39617982095
20187,37.360606,-120.576765,171,16291.590269969463
20187,37.360581,-120.578671,172,16461.55781569064
20187,37.360573,-120.584607,173,16990.826648470167
20187,37.360538,-120.586243,174,17136.7478813889
20187,37.360534,-120.593914,175,17820.703889619424
20187,37.360526,-120.595727,176,17982.354453902357
20187,37.360518,-120.596275,177,18031.222522930977
20187,37.360526,-120.597075,178,18102.55636076803
20187,37.3605,-120.602,179,18541.678459551797
20187,37.3605,-120.608,180,19076.633199582087
20187,37.3605,-120.612408,181,19469.64330083603
20187,37.360497,-120.61383,182,19596.426351756574
20187,37.361447,-120.613859,183,19702.569235170296
20187,37.363881,-120.61379,184,19974.50737240088
20187,37.374736,-120.613586,185,21187.1061466563
20187,37.380917,-120.613403,186,21877.69325391591
20187,37.383841,-120.613468,187,22204.344438521737
20187,37.385849,-120.613446,188,22428.639042142713
20187,37.386491,-120.614053,189,22518.466636415982
20187,37.387008,-120.61483,190,22608.6354559259
20187,37.387076,-120.614766,191,22618.13415273476
20187,37.38711,-120.614766,192,22621.931816439628
20187,37.388167,-120.614755,193,22739.998549819942
20187,37.389305,-120.614702,194,22867.19632921137
20187,37.389455,-120.614744,195,22884.363775493755
20187,37.389489,-120.617437,196,23124.401422606716
20187,37.389455,-120.618746,197,23241.124538664157
20187,37.389446,-120.619379,198,23297.54794918791
20187,37.389412,-120.619712,199,23327.46767160999
20187,37.389412,-120.62307,200,23626.739589994202
20187,37.389386,-120.62705,201,23981.455283808533
20187,37.389395,-120.628906,202,24146.86719151781
20187,37.389378,-120.63161,203,24387.8573853113
20187,37.389386,-120.636599,204,24832.479349474655
20187,37.389386,-120.642596,205,25366.928889856103
20187,37.389395,-120.649871,206,26015.266932210416
20187,37.389395,-120.65781,207,26722.77018149539
20187,37.389386,-120.6662,208,27470.456285404965
20187,37.38942,-120.672691,209,28048.915379854687
20187,37.389463,-120.678924,210,28604.385088937124
20187,37.389523,-120.685405,211,29181.966942886927
20187,37.389548,-120.691965,212,29766.55008822677
20187,37.389582,-120.697383,213,30249.37046055264
20187,37.389608,-120.704765,214,30907.19004453731
20187,37.389574,-120.709657,215,31343.130533651627
20187,37.389557,-120.712495,216,31596.02910559415
20187,37.389568,-120.718152,217,32100.11701883312
20187,37.389557,-120.718133,218,32102.208793367525
20187,37.389523,-120.718337,219,32120.77916353923
20187,37.38948,-120.718519,220,32137.692861503212
20187,37.389437,-120.718862,221,32168.631880074456
20187,37.389412,-120.719077,222,32187.992483011985
20187,37.389472,-120.71927,223,32206.449583167367
20187,37.389548,-120.719538,224,32231.7939221566
20187,37.389659,-120.719785,225,32257.05432979755
20187,37.390102,-120.721,226,32376.08780588822
20187,37.390392,-120.721802,227,32454.547472416965
20187,37.390793,-120.722837,228,32557.07012651615
20187,37.391319,-120.72254,229,32621.49817089396
20187,37.391547,-120.722392,230,32650.172887910543
20187,37.391321,-120.721791,231,32709.374632115047
20187,37.390876,-120.720509,232,32833.95001612181
20187,37.389881,-120.721094,233,32956.68795402812
20187,37.389817,-120.721193,234,32968.04159466506
20187,37.389668,-120.721223,235,32984.8948100833
20187,37.389293,-120.721416,236,33030.16731122482
20187,37.388619,-120.721807,237,33113.11016120817
20187,37.38844,-120.722001,238,33139.53835256791
20187,37.388201,-120.72228,239,33176.01415813241
20187,37.387818,-120.722741,240,33235.31822488528
20187,37.38746,-120.723084,241,33285.643298985175
20187,37.387315,-120.723159,242,33303.16135197854
20187,37.387178,-120.723245,243,33320.27301632336
20187,37.386914,-120.723288,244,33350.00357134814
20187,37.386126,-120.723315,245,33438.03754211247
20187,37.385461,-120.723358,246,33512.40120282808
20187,37.384474,-120.723343,247,33622.634011342394
20187,37.382264,-120.72342,248,33869.53443388683
20187,37.382225,-120.719762,249,34195.5510246797
20187,37.382195,-120.716531,250,34483.50706238068
20187,37.381986,-120.716503,251,34506.98070883414
20187,37.378598,-120.716574,252,34885.397723530885
20187,37.378642,-120.718904,253,35093.108284952825
20187,37.378691,-120.723408,254,35494.545091316155
20187,37.37847,-120.723525,255,35521.3378417582
20187,37.376274,-120.723526,256,35766.57939597117
20187,37.375046,-120.723565,257,35903.76214543992
20187,37.375052,-120.723956,258,35938.616320778216
20187,37.375029,-120.727074,259,36216.51806916148
20187,37.375075,-120.731288,260,36592.121163641765
20187,37.37504,-120.734722,261,36898.19558015562
20187,37.37916,-120.734663,262,37358.32449849951
20187,37.379884,-120.734647,263,37439.18940029877
20187,37.380774,-120.734449,264,37540.133861287315
20187,37.38231,-120.734475,265,37711.681573287235
20187,37.382335,-120.7358,266,37829.7910207494
20187,37.382334,-120.738574,267,38076.99326308439
20187,37.382311,-120.741294,268,38319.39591031568
20187,37.382316,-120.741467,269,38334.82264070311
20187,37.385847,-120.741437,270,38729.150033061844
20187,37.385886,-120.737269,271,39100.58375472634
20187,37.38589,-120.736706,272,39150.75453826771
20187,37.385902,-120.735723,273,39238.359781180035
20187,37.385913,-120.734356,274,39360.17936342388
20187,37.38592,-120.733926,275,39398.50469272382
20187,37.385861,-120.732865,276,39493.279991972006
20187,37.385921,-120.732177,277,39554.95301056884
20187,37.38592,-120.731473,278,39617.68687017825
20187,37.385927,-120.730635,279,39692.36561178989
20187,37.385927,-120.729884,280,39759.28772469537
20187,37.385927,-120.728897,281,39847.2400776093
20187,37.385939,-120.728065,282,39921.39246962978
20187,37.385952,-120.727593,283,39963.477906296706
20187,37.385959,-120.726902,284,40025.058613426656
20187,37.385964,-120.726505,285,40060.44013999841
20187,37.385971,-120.725926,286,40112.041444393224
20187,37.385981,-120.725198,287,40176.92406712069
20187,37.385961,-120.723672,288,40312.92647435238
20187,37.386033,-120.723218,289,40354.17442180904
20187,37.386266,-120.723159,290,40380.72089595042
20187,37.386982,-120.723213,291,40460.82594941381
20187,37.387144,-120.723191,292,40479.0234531885
20187,37.387281,-120.723106,293,40496.09539845097
20187,37.387417,-120.72302,294,40513.107284396196
20187,37.387554,-120.722913,295,40531.13481891072
20187,37.388159,-120.722258,296,40620.41871049043
20187,37.388432,-120.721915,297,40663.58911876774
20187,37.388568,-120.721749,298,40684.79009844679
20187,37.388768,-120.721609,299,40710.37327584464
20187,37.389186,-120.721368,300,40761.75700079668
20187,37.38935,-120.721225,301,40784.068635950025
20187,37.389476,-120.721212,302,40798.18752354234
20187,37.38977,-120.721083,303,40832.97456525831
20187,37.389937,-120.720987,304,40853.49285307149
20187,37.390891,-120.720434,305,40970.87622382609
20187,37.391211,-120.72137,306,41061.61309420621
20187,37.391596,-120.722419,307,41164.49909569815
20187,37.391357,-120.722634,308,41197.353440469415
20187,37.39103,-120.722795,309,41236.58849548909
20187,37.39077,-120.722902,310,41267.149701795664
20187,37.389996,-120.720879,311,41467.06482555265
20187,37.389834,-120.720445,312,41509.759959108895
20187,37.389651,-120.719919,313,41560.89229999651
20187,37.389472,-120.719447,314,41607.46008508047
20187,37.389412,-120.719286,315,41623.29414138269
20187,37.389386,-120.719168,316,41634.202439471715
20187,37.389382,-120.719018,317,41647.57611889464
20187,37.389493,-120.718103,318,41730.047008908725
20187,37.38942,-120.718546,319,41770.354954163
20187,37.389472,-120.718288,320,41794.06696127214
20187,37.389497,-120.71816,321,41805.80953595406
20187,37.389514,-120.716604,322,41944.474908141245
20187,37.389518,-120.7125,323,42310.17687781891
20187,37.389523,-120.704749,324,43000.86437237302
20187,37.389514,-120.698665,325,43543.013153408436
20187,37.389506,-120.691842,326,44151.020620646865
20187,37.389472,-120.686241,327,44650.152904476614
20187,37.389412,-120.679504,328,45250.54600363412
20187,37.389386,-120.674107,329,45731.50373226805
20187,37.389335,-120.669279,330,46161.788213591695
20187,37.389327,-120.664108,331,46622.60615863053
20187,37.389327,-120.660331,332,46959.198447268536
20187,37.389327,-120.654559,333,47473.5817189806
20187,37.389327,-120.649141,334,47956.421925868024
20187,37.389318,-120.645772,335,48256.66359944589
20187,37.389318,-120.641127,336,48670.62140597771
20187,37.389327,-120.638584,337,48897.25458034988
20187,37.389335,-120.633777,338,49325.65554669936
20187,37.38931,-120.631449,339,49533.147009022876
20187,37.389335,-120.628649,340,49782.7012434684
20187,37.389344,-120.625023,341,50105.85691252849
20187,37.389344,-120.621504,342,50419.47682243298
20187,37.389352,-120.619926,343,50560.1145659181
20187,37.389369,-120.61968,344,50582.12074047953
20187,37.389395,-120.618693,345,50670.13249989588
20187,37.389412,-120.617974,346,50734.23972109816
20187,37.389412,-120.616096,347,50901.61215158863
20187,37.389386,-120.61482,348,51015.37010161761
20187,37.389165,-120.61483,349,51040.070996093724
20187,37.388099,-120.61483,350,51159.13890802155
20187,37.388091,-120.613511,351,51276.69777473025
20187,37.38636,-120.613554,352,51470.081899568344
20187,37.385806,-120.613527,353,51532.00837644342
20187,37.385486,-120.613559,354,51567.864775333386
20187,37.384182,-120.613607,355,51713.57944836517
20187,37.380904,-120.613698,356,52079.809418621255
20187,37.375128,-120.61372,357,52724.96962765189
20187,37.363749,-120.61402,358,53996.2418031076
20187,37.360352,-120.613916,359,54375.7869806539
20187,37.360346,-120.613102,360,54448.364748149055
20187,37.3604,-120.608,361,54903.291267379755
20187,37.360377,-120.605721,362,55106.50084144121
20187,37.3604,-120.602,363,55438.27299662113
20187,37.360385,-120.59775,364,55817.206671951324
20187,37.360402,-120.593898,365,56160.65846786809
20187,37.360406,-120.590755,366,56440.89207207187
20187,37.360445,-120.583583,367,57080.37528715575
20187,37.360411,-120.579275,368,57464.506634716876
20187,37.360458,-120.576518,369,57710.38542792956
20187,37.361357,-120.576577,370,57810.94408303007
20187,37.362231,-120.576572,371,57908.573481159365
20187,37.362674,-120.57656,372,57958.06945463466
20187,37.362988,-120.576571,373,57993.157891074035
20187,37.363184,-120.5763,374,58025.76401677796
20187,37.363342,-120.576051,375,58054.12538196766
20187,37.363501,-120.575825,376,58080.98563017705
20187,37.363606,-120.575657,377,58100.01010568186
20187,37.363668,-120.575679,378,58107.208116938
20187,37.363764,-120.575783,379,58121.3846574269
20187,37.36401,-120.576251,380,58171.34660489829
20187,37.364141,-120.576478,381,58196.32155360604
20187,37.364301,-120.576585,382,58216.580790800705
20187,37.364454,-120.576644,383,58234.46257609142
20187,37.365504,-120.576651,384,58351.75231681154
20187,37.365786,-120.576676,385,58383.331302850565
20187,37.366151,-120.57667,386,58424.10638046877
20187,37.366157,-120.576736,387,58430.0287508405
20187,37.366154,-120.577862,388,58530.41935948578
20187,37.365991,-120.578021,389,58553.4946605334
20187,37.366039,-120.578104,390,58562.632924156685
20187,37.366012,-120.578164,391,58568.77393264998
20187,37.36582,-120.578133,392,58590.398197995164
20187,37.365283,-120.57813,393,58650.38312437694
20187,37.365281,-120.576705,394,58777.432587375006
20187,37.364596,-120.576698,395,58853.95163541455
20187,37.364409,-120.576678,396,58874.916055813446
20187,37.364298,-120.576633,397,58887.94805798302
20187,37.364095,-120.576489,398,58914.00614425399
20187,37.363826,-120.575967,399,58969.40434024509
20187,37.363655,-120.57588,400,58990.020495024626
20187,37.363595,-120.575816,401,58998.822776638335
20187,37.363539,-120.575771,402,59006.2542854683
20187,37.36365,-120.575581,403,59027.24740986274
20187,37.363934,-120.57512,404,59079.16859885512
20187,37.364278,-120.574602,405,59139.24816647075
20187,37.364084,-120.574107,406,59188.41521509298
20187,37.364235,-120.573641,407,59233.25667484092
20187,37.364475,-120.573278,408,59275.28274457882
20187,37.36377,-120.572541,409,59377.84783068848
20187,37.363006,-120.571785,410,59486.59832870495
20187,37.3629,-120.571924,411,59503.73879752316
20187,37.362786,-120.572271,412,59537.19587070471
20187,37.362677,-120.572487,413,59559.98072655073
20187,37.362376,-120.572919,414,59611.10906292753
20187,37.361894,-120.572446,415,59679.501162869674
20187,37.362038,-120.572183,416,59707.93746506947
20187,37.362155,-120.572043,417,59726.010230517844
20187,37.362075,-120.571528,418,59772.79013639715
20187,37.362024,-120.571475,419,59780.19188369288
20187,37.362304,-120.571078,420,59827.42774810609
20187,37.362197,-120.57096,421,59843.351057767795
20187,37.361879,-120.570646,422,59888.57972227071
20187,37.361638,-120.570398,423,59923.417601343164
20187,37.361442,-120.570244,424,59949.261169891055
20187,37.361035,-120.570205,425,59994.85753418327
20187,37.360486,-120.570203,426,60056.18335088148
20187,37.359756,-120.570202,427,60137.72740230742
20187,37.359333,-120.570214,428,60184.99035541821
20187,37.359183,-120.570244,429,60201.95815272485
20187,37.359082,-120.570309,430,60214.64188748179
20187,37.358908,-120.570415,431,60236.25462716265
20187,37.358609,-120.569955,432,60289.14961853354
20187,37.357559,-120.568192,433,60485.285406754854
20187,37.355921,-120.565467,434,60789.45815889363
20187,37.353746,-120.56198,435,61184.06464443616
20187,37.351367,-120.558161,436,61616.040737627336
20187,37.348561,-120.553697,437,62122.72560564483
20187,37.346505,-120.550404,438,62495.54594811685
20187,37.344424,-120.547067,439,62873.18634462891
20187,37.342999,-120.544813,440,63129.60899109028
20187,37.34026,-120.540468,441,63623.37122314583
20187,37.339732,-120.540715,442,63686.333933628855
20187,37.33888,-120.540767,443,63781.62338653443
20187,37.336101,-120.540845,444,64092.14206560407
20187,37.331645,-120.54093,445,64589.97734756831
20187,37.331637,-120.54064,446,64615.86166481164
20187,37.33168,-120.535931,447,65035.9479207329
20187,37.331702,-120.531042,448,65472.07348119904
20187,37.331718,-120.528302,449,65716.50059659447
20187,37.331709,-120.527992,450,65744.17235852995
20187,37.331709,-120.527874,451,65754.69853041001
20187,37.331749,-120.527859,452,65759.36304652669
20187,37.331999,-120.527738,453,65789.30427423482
20187,37.332228,-120.527611,454,65817.28257918017
20187,37.330554,-120.524848,455,66126.670866045
20187,37.327977,-120.520695,456,66595.85615846772
20187,37.326169,-120.517777,457,66925.3427711466
20187,37.324121,-120.514505,458,67296.2285671826
20187,37.321672,-120.510578,459,67740.75267057677
20187,37.320026,-120.507955,460,68038.37844318294
20187,37.319787,-120.507504,461,68086.67002294908
20187,37.31971,-120.507472,462,68095.73356815137
20187,37.319574,-120.507258,463,68120.13442819864
20187,37.319369,-120.506796,464,68167.28997729707
20187,37.319275,-120.506549,465,68191.70210325127
20187,37.319079,-120.505884,466,68254.94680387614
20187,37.319036,-120.505562,467,68284.07553531844
20187,37.319019,-120.505241,468,68312.7791278538
20187,37.31901,-120.503878,469,68434.3948949949
20187,37.319019,-120.499833,470,68795.30689768125
20187,37.318763,-120.499812,471,68823.9677752017
20187,37.318447,-120.499812,472,68859.27036381431
20187,37.318149,-120.499812,473,68892.56204567211
20187,37.31785,-120.499758,474,68926.31114861679
20187,37.31762,-120.499662,475,68953.3961992798
20187,37.31739,-120.499566,476,68980.48126268976
20187,37.316963,-120.499093,477,69044.17415441883
20187,37.31669,-120.498728,478,69088.79299095385
20187,37.316442,-120.498288,479,69136.84468326268
20187,37.316289,-120.497913,480,69174.41804614739
20187,37.316203,-120.497569,481,69206.58094266425
20187,37.316126,-120.497183,482,69242.08093416915
20187,37.316118,-120.496818,483,69274.66143731082
20187,37.316126,-120.496411,484,69310.98827724301
20187,37.31622,-120.496057,485,69344.27496622418
20187,37.316348,-120.49566,486,69382.47592065741
20187,37.316553,-120.49537,487,69417.03139382853
20187,37.316741,-120.495166,488,69444.82444308301
20187,37.316562,-120.494844,489,69479.83000729917
20187,37.316442,-120.494544,490,69509.76780045053
20187,37.316357,-120.494286,491,69534.67029600372
20187,37.316331,-120.493975,492,69562.57187729001
20187,37.316319,-120.492791,493,69668.22674782918
20187,37.316348,-120.492098,494,69730.14689848656
20187,37.316331,-120.491411,495,69791.4763402523
20187,37.31634,-120.491272,496,69803.91980944814
20187,37.316391,-120.491186,497,69813.47743949435
20187,37.316459,-120.491121,498,69823.03519733137
20187,37.316553,-120.491078,499,69834.21570942011
20187,37.317022,-120.491078,500,69886.61176122776
20187,37.317295,-120.491078,501,69917.11095534929
20187,37.317372,-120.491025,502,69926.9274812095
20187,37.317492,-120.490982,503,69940.87194778472
20187,37.318132,-120.490585,504,70020.66569717054
20187,37.318498,-120.490435,505,70063.68948249405
20187,37.318592,-120.490403,506,70074.57227818626
20187,37.31884,-120.490392,507,70102.29591494799
20187,37.319121,-120.490392,508,70133.68889268504
20187,37.319094,-120.488876,509,70268.98847483366
20187,37.319079,-120.486647,510,70467.87998362153
20187,37.3206,-120.486759,511,70638.09887365082
20187,37.322782,-120.486787,512,70881.88349576539
20187,37.323336,-120.486798,513,70943.78384352004
20187,37.323353,-120.485387,514,71069.6890038895
20187,37.32343,-120.48286,515,71295.3151180781
20187,37.323413,-120.482592,516,71319.30176306514
20187,37.323387,-120.482324,517,71343.38890240669
20187,37.323251,-120.48175,518,71396.80846696845
20187,37.323157,-120.481455,519,71425.14663234082
20187,37.32291,-120.480704,520,71497.61220948525
20187,37.322739,-120.479899,521,71571.93361945881
20187,37.322679,-120.478901,522,71661.22987532869
20187,37.322645,-120.478333,523,71712.05064893697
20187,37.324447,-120.478255,524,71913.49213474274
20187,37.325264,-120.47829,525,72004.821591181
20187,37.325367,-120.478215,526,72018.1329797411
20187,37.325665,-120.478215,527,72051.42583986526
20187,37.325819,-120.478182,528,72068.88097591346
20187,37.326433,-120.47815,529,72137.53706606352
20187,37.32703,-120.478182,530,72204.29558675199
20187,37.329539,-120.478131,531,72484.64053160339
20187,37.331757,-120.478097,532,72732.45630590359
20187,37.333744,-120.478064,533,72954.46548488773
20187,37.334529,-120.478032,534,73042.21293312874
20187,37.334606,-120.477979,535,73052.45190053736
4388,37.341335,-120.610366,0,0
4388,37.341208,-120.610093,1,28.177685995207522
4388,37.341063,-120.60992199999998,2,50.42350339237073
4388,37.34236,-120.60916500000002,3,210.2522026807162
4388,37.343038,-120.61116099999998,4,403.69490212569474
4388,37.343102,-120.61174,5,455.8220918561159
4388,37.343106,-120.61215900000002,6,493.1907549415531
4388,37.343012,-120.61296299999998,7,565.6553002641383
4388,37.34297,-120.613242,8,590.974626778861
4388,37.342931,-120.613591,9,622.4014539951169
4388,37.342957,-120.61413299999998,10,670.8235793649505
4388,37.345017,-120.612953,11,923.8387683765893
4388,37.34578,-120.612465,12,1019.5310115521573
4388,37.346569,-120.61204600000002,13,1115.2532191530572
4388,37.346727,-120.61194999999998,14,1134.868027347857
4388,37.346863,-120.611917,15,1150.3411718685677
4388,37.346868,-120.61177800000002,16,1162.7490002810086
4388,37.346364,-120.61037799999995,17,1299.699285325315
4388,37.345981,-120.60929399999998,18,1405.4088252889399
4388,37.345811,-120.60880099999996,19,1453.2980560681954
4388,37.345479,-120.607894,20,1542.2769905460145
4388,37.345339,-120.607958,21,1558.9235707458708
4388,37.345482,-120.608429,22,1603.8603766729223
4388,37.345635,-120.60889299999997,23,1648.6285280086695
4388,37.345744,-120.609133,24,1673.2514688210354
4388,37.345966,-120.60903100000002,25,1699.6638795724825
4388,37.346452,-120.610297,26,1824.933208712833
4388,37.346823,-120.611271,27,1921.1686502843377
4388,37.346998,-120.61175400000002,28,1968.4678715421533
4388,37.347004,-120.611944,29,1985.4242417231862
4388,37.348561,-120.612478,30,2165.737100039897
4388,37.351166,-120.613559,31,2472.257395022441
4388,37.351669,-120.613693,32,2529.697128599404
4388,37.353152,-120.61365899999998,33,2695.3703950747768
4388,37.356233,-120.61370599999998,34,3039.5320146614586
4388,37.359337,-120.61373600000002,35,3386.247413892185
4388,37.363881,-120.61379,36,3893.8178314215347
4388,37.365894,-120.61382200000004,37,4118.680377266167
4388,37.372084,-120.613655,38,4810.240149655391
4388,37.374736,-120.613586,39,5106.5223751849835
4388,37.37873,-120.61355400000002,40,5552.646209604975
4388,37.380917,-120.613403,41,5797.296386634978
4388,37.383841,-120.613468,42,6123.947571240804
4388,37.385896,-120.613452,43,6353.48775524296
4388,37.386386,-120.61394,44,6423.396461506354
4388,37.387012,-120.61482,45,6528.4702386844
4388,37.387119,-120.614734,46,6542.668377900986
4388,37.389305,-120.614702,47,6786.852485803039
4388,37.389378,-120.61472300000004,48,6795.218333901625
4388,37.389348,-120.61339800000002,49,6913.354090424644
4388,37.392408,-120.613317,50,7255.220810020304
4388,37.392996,-120.613339,51,7320.927458830398
4388,37.392998,-120.60903100000002,52,7704.853213973558
4388,37.392992,-120.60888599999998,53,7717.79291776562
4388,37.389595,-120.60895600000003,54,8097.279049923414
4388,37.3855,-120.60899999999998,55,8554.6952269463
4388,37.383091,-120.609037,56,8823.793591622705
4388,37.385,-120.61217499999998,57,9175.494069451124
4388,37.386732,-120.61215900000002,58,9368.957599112982
4388,37.386859,-120.61213700000002,59,9383.277923663138
4388,37.38708,-120.61215900000002,60,9408.040594503866
4388,37.38708,-120.61334399999998,61,9513.65504211676
4388,37.387098,-120.613559,62,9532.922319265506
4388,37.384182,-120.613607,63,9858.656555092082
4388,37.380904,-120.613698,64,10224.88652534817
4388,37.379007,-120.61364500000002,65,10436.826873403366
4388,37.375128,-120.61372,66,10870.148016655481
4388,37.363749,-120.61402,67,12141.420192111193
4388,37.361391,-120.61396100000002,68,12404.852279971436
4388,37.359314,-120.613941,69,12636.852096824186
4388,37.356071,-120.61388699999998,70,12999.114837160447
4388,37.353221,-120.613861,71,13317.457453402552
4388,37.351695,-120.61379,72,13488.023407913766
4388,37.35103,-120.613607,73,13564.07269960088
4388,37.348868,-120.61278500000004,74,13816.439154573587
4388,37.347196,-120.61215300000003,75,14011.513847924267
4388,37.346948,-120.61201900000005,76,14041.682007595788
4388,37.346885,-120.611915,77,14053.323629637387
4388,37.346889,-120.61177299999996,78,14065.99428236857
4388,37.346379,-120.61037199999998,79,14203.302520641942
4388,37.345995,-120.609283,80,14309.465010904256
4388,37.345827,-120.608787,81,14357.51226334156
4388,37.34549,-120.60787,82,14447.534674276072
4388,37.345313,-120.60794799999996,83,14468.493027894856
4388,37.345499,-120.60842200000002,84,14515.592539338588
4388,37.345605,-120.60891300000004,85,14560.950759504729
4388,37.345725,-120.609168,86,14587.347043542974
4388,37.345966,-120.609058,87,14615.997629589652
4388,37.346433,-120.61030800000005,88,14739.068231502455
4388,37.346808,-120.61129800000003,89,14836.784048557714
4388,37.346976,-120.611762,90,14882.217295670775
4388,37.346981,-120.611947,91,14898.724000385351
4388,37.346855,-120.612006,92,14913.749048239843
4388,37.346706,-120.61208399999998,93,14931.786866377943
4388,37.34578,-120.612545,94,15043.088142914861
4388,37.343063,-120.61424,95,15382.12701060855
4388,37.342974,-120.61427200000004,96,15392.46946441468
4388,37.342253,-120.614401,97,15473.819910251148
4388,37.342053,-120.61300599999998,98,15600.215610652724
4388,37.341916,-120.611874,99,15702.320845359565
4388,37.34181,-120.611563,100,15732.47742953221
4388,37.34169,-120.61116600000004,101,15770.334418414372
4388,37.341554,-120.610769,102,15808.860515174945
4388,37.341409,-120.61044800000002,103,15841.751619083938
4388,37.341335,-120.610366,104,15844.122752777115
6249,37.341335,-120.610366,0,0
6249,37.341278,-120.61025,1,12.147220850292216
6249,37.341205,-120.610138,2,25.041105480610952
6249,37.341139,-120.610048,3,35.93920015330865
6249,37.341095,-120.609942,4,46.59368013501452
6249,37.341138,-120.60985599999998,5,55.643078817388115
6249,37.341516,-120.60963600000002,6,102.2004866938984
6249,37.341815,-120.60945900000002,7,139.14036067427114
6249,37.342155,-120.609265,8,180.87258408872697
6249,37.342357,-120.60916500000002,9,205.13390463075626
6249,37.34256,-120.60974199999998,10,261.36510505753455
6249,37.342828,-120.61048,11,333.6676495467309
6249,37.342974,-120.610968,12,380.1422991371342
6249,37.343081,-120.61161199999998,13,438.80406830269027
6249,37.343101,-120.611983,14,471.96481526131737
6249,37.343034,-120.61278900000002,15,544.2315904622947
6249,37.342955,-120.613181,16,580.2862107542154
6249,37.342923,-120.61352899999996,17,611.5256441063265
6249,37.342947,-120.613905,18,645.1639063247923
6249,37.342979,-120.613987,19,653.3033509194873
6249,37.343089,-120.614014,20,665.8236431284596
6249,37.343322,-120.61389300000002,21,693.9971953026909
6249,37.343589,-120.61375900000002,22,726.1251396310602
6249,37.343767,-120.61368600000004,23,747.0457338766876
6249,37.343965,-120.613606,24,770.2838148774493
6249,37.344248264740635,-120.61343708465574,25,805.3262628284308
6249,37.3447452647124,-120.6131364490738,26,866.9741907327353
6249,37.345145,-120.612882,27,917.0582088242193
6249,37.345459,-120.612666,28,957.0722014511111
6249,37.345842,-120.61241,29,1005.5621008962553
6249,37.346068,-120.612277,30,1033.4529114905527
6249,37.346246,-120.61218200000002,31,1055.0645280940187
6249,37.346481,-120.612074,32,1083.024280786857
6249,37.346625,-120.61199,33,1100.7673124089026
6249,37.346772,-120.61194,34,1117.7813304141769
6249,37.346863,-120.611896,35,1128.6767439355058
6249,37.34684,-120.611759,36,1141.1608412990945
6249,37.346729,-120.611427,37,1173.2580704247373
6249,37.346603,-120.611086,38,1206.7656053809324
6249,37.346466,-120.61071200000004,39,1243.4600843960006
6249,37.346374,-120.61044400000004,40,1269.4746642945556
6249,37.346177,-120.60988199999996,41,1324.209129178552
6249,37.346052,-120.60957000000002,42,1355.3386951479035
6249,37.345982,-120.60935899999998,43,1375.714642692415
6249,37.345865,-120.609009,44,1409.5517687770891
6249,37.345761,-120.60875499999996,45,1435.0076026341503
6249,37.345676,-120.60852599999998,46,1457.5281182506699
6249,37.345599,-120.608292,47,1480.0983546377242
6249,37.34554,-120.60812599999996,48,1496.302301132864
6249,37.345498,-120.607996,49,1508.8084983688173
6249,37.345467,-120.60794399999996,50,1514.5958315812172
6249,37.345417,-120.60795000000002,51,1520.2062683200495
6249,37.345366,-120.607979,52,1526.4623748741737
6249,37.345316,-120.60800799999998,53,1532.6169479816942
6249,37.345329,-120.608068,54,1538.1610936822487
6249,37.345373,-120.608182,55,1549.45289917045
6249,37.345411,-120.608311,56,1561.7147599862164
6249,37.345499,-120.60842200000002,57,1575.6646244651297
6249,37.345512,-120.608633,58,1594.5368310015376
6249,37.345629,-120.608853,59,1618.1098192765999
6249,37.345703,-120.60903100000002,60,1636.0063101456838
6249,37.345743,-120.60915699999998,61,1648.0982224695704
6249,37.345777,-120.60915999999996,62,1651.905334155657
6249,37.346014,-120.60902900000002,63,1680.840578441837
6249,37.346168,-120.60942999999996,64,1720.522155979075
6249,37.346263,-120.60969799999998,65,1746.6710162181648
6249,37.346315,-120.60984100000002,66,1760.683565865822
6249,37.346519,-120.610405,67,1815.8993387649184
6249,37.347023,-120.61181,68,1953.2559636364795
6249,37.347041,-120.611983,69,1968.8135733195631
6249,37.347209,-120.61203,70,1988.04095040049
6249,37.347413,-120.61208399999998,71,2011.3303063195397
6249,37.347584,-120.61215900000002,72,2031.5674940810018
6249,37.348561,-120.612478,73,2144.3415625955554
6249,37.351243,-120.61353200000002,74,2458.3086398543287
6249,37.351669,-120.61366099999998,75,2507.2618619788072
6249,37.353152,-120.61365899999998,76,2672.907487526028
6249,37.356233,-120.61370599999998,77,3017.06910711271
6249,37.359337,-120.61373600000002,78,3363.784506343436
6249,37.360342,-120.61382200000004,79,3476.300765845886
6249,37.360346,-120.613102,80,3540.496144002614
6249,37.3604,-120.608,81,3995.4226632333157
6249,37.3604,-120.602,82,4530.378122880956
6249,37.360385,-120.59775,83,4909.311798211156
6249,37.360402,-120.593898,84,5252.763594127918
6249,37.360406,-120.590755,85,5532.997198331699
6249,37.360445,-120.583583,86,6172.480413415587
6249,37.360411,-120.579275,87,6556.6117609767125
6249,37.360445,-120.57678599999996,88,6778.571246389999
6249,37.36047,-120.574994,89,6938.376441305388
6249,37.360479,-120.57379200000004,90,7045.5557864155
6249,37.360496,-120.573213,91,7097.216481404328
6249,37.360455,-120.573103,92,7108.04108919064
6249,37.360447,-120.57298200000002,93,7118.866856176814
6249,37.360396,-120.572862,94,7130.988625573399
6249,37.360308,-120.57272,95,7147.0178309904595
6249,37.360249,-120.57262000000004,96,7158.105536760052
6249,37.360137,-120.572433,97,7178.950988717504
6249,37.360106,-120.57230800000002,98,7190.622068502384
6249,37.360018,-120.57217200000002,99,7206.232195241101
6249,37.359675,-120.571617,100,7268.8173243729425
6249,37.359554,-120.571309,101,7299.42604953651
6249,37.359172,-120.57068500000004,102,7369.544018663923
6249,37.359026,-120.570453,103,7395.886122531868
6249,37.358957,-120.57036600000004,104,7406.821598722205
6249,37.358927,-120.570314,105,7412.542471527292
6249,37.358981,-120.57020599999998,106,7423.905605683428
6249,37.359126,-120.570129,107,7441.497786644061
6249,37.359262,-120.570091,108,7457.062817792517
6249,37.359482,-120.570064,109,7481.755369710718
6249,37.359632,-120.57007199999998,110,7498.526167472184
6249,37.360072,-120.570091,111,7547.705175894569
6249,37.360539,-120.57009900000004,112,7599.875882473493
6249,37.361031,-120.57009900000004,113,7654.834314887133
6249,37.361308,-120.57009600000004,114,7685.77751523387
6249,37.361394,-120.57009600000004,115,7695.384070454156
6249,37.361519,-120.570155,116,7710.305193515984
6249,37.3616,-120.570225,117,7721.2971001048145
6249,37.361848,-120.570469,118,7756.521309346341
6249,37.362152,-120.57077800000002,119,7800.250172776801
6249,37.362423,-120.57104900000002,120,7838.98291493376
6249,37.362813,-120.57144,121,7894.779300421884
6249,37.36305,-120.57169799999996,122,7929.851029838142
6249,37.362914,-120.57189599999998,123,7953.141530567132
6249,37.362847,-120.57208400000002,124,7971.498722218864
6249,37.362771,-120.572293,125,7991.976083233905
6249,37.362626,-120.57255099999998,126,8020.109856434866
6249,37.362394,-120.57287200000002,127,8058.720095484235
6249,37.362035,-120.57254,128,8108.563849928115
6249,37.361927,-120.57241399999998,129,8125.048759727212
6249,37.362001,-120.572212,130,8144.865795827923
6249,37.362116,-120.57208200000002,131,8162.1681273012955
6249,37.362146,-120.57194500000004,132,8174.834647642024
6249,37.362146,-120.57181300000002,133,8186.604024435788
6249,37.362129,-120.57169,134,8197.734139642245
6249,37.362091,-120.57147099999996,135,8217.716669273721
6249,37.36231,-120.57111299999995,136,8257.9327279903
6249,37.362394,-120.571073,137,8267.970799732653
6249,37.362809,-120.57149800000002,138,8327.844919269812
6249,37.36321,-120.571892,139,8384.770393350127
6249,37.363999,-120.5727,140,8498.601874560765
6249,37.364535,-120.57323200000002,141,8574.986785259696
6249,37.364725,-120.572945,142,8608.231629384865
6249,37.364894,-120.57268499999998,143,8638.12720585549
6249,37.365107,-120.57234699999998,144,8676.523203921952
6249,37.365458,-120.571802,145,8738.960156620216
6249,37.365548,-120.57166,146,8755.12666999733
6249,37.365593,-120.57162,147,8761.289951776975
6249,37.366341,-120.57240000000002,148,8869.998427033159
6249,37.366384,-120.572475,149,8878.231534699014
6249,37.365845,-120.57328,150,8971.912747164124
6249,37.36535,-120.57406300000002,151,9060.967932883555
6249,37.365082,-120.574476,152,9108.423912134449
6249,37.364952,-120.574632,153,9128.531695009699
6249,37.364792,-120.574747,154,9149.136435293582
6249,37.364553,-120.57475499999998,155,9175.843045411044
6249,37.364387,-120.574686,156,9195.379675935046
6249,37.36435,-120.574653,157,9200.453004518356
6249,37.363687,-120.575673,158,9317.735953756583
6249,37.36376,-120.57572600000005,159,9327.160546971812
6249,37.363841,-120.57588699999997,160,9344.128803268479
6249,37.363979,-120.576161,161,9373.015298604978
6249,37.364092,-120.57638300000002,162,9396.490838802867
6249,37.364229,-120.576523,163,9416.239194373142
6249,37.364361,-120.57659,164,9432.148094428558
6249,37.364532,-120.576636,165,9451.684638104587
6249,37.364715,-120.576644,166,9472.138715459092
6249,37.365499,-120.57664899999996,167,9559.714949962954
6249,37.366167,-120.57665199999995,168,9634.33298764178
6249,37.366164,-120.577883,169,9744.084956119037
6249,37.366,-120.57789100000002,170,9762.418079771096
6249,37.366,-120.57799699999998,171,9771.868662658457
6249,37.366048,-120.57806,172,9779.633788250781
6249,37.366047,-120.578175,173,9789.887378141448
6249,37.365272,-120.57818299999995,174,9876.459873410717
6249,37.365272,-120.577879,175,9903.563693550908
6249,37.365272,-120.57759,176,9929.33016657085
6249,37.365273,-120.57734800000004,177,9950.906542638828
6249,37.365275,-120.577063,178,9976.317389535647
6249,37.365281,-120.57673999999996,179,10005.123046992288
6249,37.365007,-120.57673999999996,180,10035.729646112619
6249,37.364687,-120.57673999999996,181,10071.474579551052
6249,37.364509,-120.576735,182,10091.362695764512
6249,37.364297,-120.57667400000004,183,10115.660223326973
6249,37.364135,-120.576574,184,10135.833314408133
6249,37.364007,-120.576417,185,10155.842688005994
6249,37.363899,-120.57617299999998,186,10180.718597369552
6249,37.363838,-120.576125,187,10188.764986622884
6249,37.363761,-120.57597800000002,188,10204.441654005737
6249,37.363703,-120.575919,189,10212.787098808662
6249,37.363635,-120.575893,190,10220.728768719793
6249,37.363579,-120.575922,191,10227.497457922655
6249,37.363392,-120.57621,192,10260.598635291968
6249,37.363231,-120.576461,193,10289.308502664253
6249,37.363017,-120.576662,194,10319.184755836379
6249,37.362842,-120.57671499999998,195,10339.29582529786
6249,37.362696,-120.57672300000002,196,10355.620043107516
6249,37.362531,-120.576731,197,10374.06482246054
6249,37.362321,-120.576729,198,10397.52311405669
6249,37.362104,-120.576724,199,10421.76674776174
6249,37.361906,-120.576724,200,10443.883926860823
6249,37.361744,-120.57672300000002,201,10461.98002038696
6249,37.361527,-120.57671499999998,202,10486.230048153517
6249,37.361013,-120.57669299999998,203,10543.678852336281
6249,37.360613,-120.576681,204,10588.372834680416
6249,37.360458,-120.576747,205,10606.659537941376
6249,37.360122,-120.57673599999998,206,10644.20453357926
6249,37.359774,-120.57671600000003,207,10683.11803482282
6249,37.359234,-120.57670000000002,208,10743.454486451186
6249,37.355678,-120.57670000000002,209,11140.670129780912
6249,37.355482,-120.576657,210,11162.897120504367
6249,37.353213,-120.576754,211,11416.49864116805
6249,37.352667,-120.57682899999998,212,11477.854030625113
6249,37.350561,-120.576866,213,11713.123516858626
6249,37.349597,-120.576882,214,11820.814581950175
6249,37.349686,-120.58082000000002,215,12172.130093071515
6249,37.349733,-120.58187700000002,216,12266.534677867332
6249,37.349733,-120.58257400000002,217,12328.689884897667
6249,37.349759,-120.583802,218,12438.235508280215
6249,37.349785,-120.585213,219,12564.094882749725
6249,37.349849,-120.58689200000003,220,12713.989737641728
6249,37.349806,-120.587198,221,12741.696642860697
6249,37.349844,-120.590395,222,13026.818381546735
6249,37.349865,-120.595915,223,13519.062262273474
6249,37.348898,-120.595931,224,13627.085064032763
6249,37.346625,-120.59598,225,13881.01553008602
6249,37.344736,-120.596001,226,14092.024110654935
6249,37.343934,-120.59596299999998,227,14181.671151442499
6249,37.343144,-120.595953,228,14269.918234359468
6249,37.342407,-120.59598,229,14352.275946793143
6249,37.342317,-120.59598,230,14362.328898366428
6249,37.342381,-120.59644100000004,231,14404.05876305835
6249,37.34285,-120.59777099999997,232,14533.724188020731
6249,37.344369,-120.601881,233,14937.62086464214
6249,37.345042,-120.60371499999997,234,15117.62252878414
6249,37.346228,-120.60704099999998,235,15442.464324010292
6249,37.34546,-120.60753499999998,236,15538.898267102282
6249,37.345571,-120.60785900000002,237,15570.339329535016
6249,37.345331,-120.607975,238,15599.073329926585
6249,37.345352,-120.60806000000002,239,15607.0079973914
6249,37.345394,-120.608176,240,15618.366564419304
6249,37.345436,-120.60830399999998,241,15630.707624698158
6249,37.345482,-120.608429,242,15642.981876882657
6249,37.34554,-120.60862199999995,243,15661.371859653393
6249,37.345659,-120.608838,244,15684.774962782341
6249,37.345721,-120.609014,245,15701.929924108572
6249,37.345764,-120.609124,246,15712.852039713649
6249,37.345836,-120.609085,247,15721.614025496869
6249,37.34591,-120.609041,248,15730.763652687525
6249,37.345984,-120.609009,249,15739.507971246296
6249,37.346014,-120.60909800000002,250,15748.123024756107
6249,37.346138,-120.609442,251,15781.781318113799
6249,37.346234,-120.609709,252,15807.894376161319
6249,37.346285,-120.609851,253,15821.779628155142
6249,37.346496,-120.61041,254,15876.91922244112
6249,37.3470067937526,-120.61193601719664,255,16024.47771532581
6249,37.34687379778331,-120.61198260118864,256,16039.902801088152
6249,37.34647525387762,-120.61220169067384,257,16088.517361023238
6249,37.34586967624396,-120.61251282691956,258,16161.627632618984
6249,37.34309388880019,-120.61423979629512,259,16507.815336554253
6249,37.342587,-120.61441200000002,260,16566.47860868183
6249,37.342243,-120.614423,261,16604.91459498988
6249,37.34218,-120.613875,262,16654.289106816348
6249,37.342089,-120.61300599999998,263,16732.45018634096
6249,37.341996,-120.61235999999997,264,16790.98958256328
6249,37.341944,-120.61202500000002,265,16821.424349321656
6249,37.341833,-120.61163,266,16858.76881507516
6249,37.341715,-120.61127899999995,267,16892.73289116747
6249,37.341561,-120.610882,268,16932.09511414146
6249,37.341477,-120.61064599999996,269,16955.138478063785
6249,37.341414,-120.61055299999998,270,16966.015328153637
6248,37.301923,-120.488088,0,0
6248,37.300953768913544,-120.48548340797424,1,256.4354298121574
6248,37.2998656255089,-120.4824525117874,2,553.0007249198411
6248,37.298999366759254,-120.48008143901824,3,785.6996885004742
6248,37.29848302059127,-120.47871887683868,4,920.2987506374311
6248,37.29809042443851,-120.47765135765076,5,1025.1881752611223
6248,37.29782584761451,-120.47694861888884,6,1094.525708087116
6248,37.29767648931902,-120.47656238079072,7,1132.8248266903188
6248,37.297621013305154,-120.47642290592194,8,1146.730961801305
6248,37.29772769791089,-120.47631025314332,9,1162.3244503999097
6248,37.29817150424665,-120.47606885433196,10,1216.3860165088379
6248,37.29996803967693,-120.47500669956209,11,1438.359134444917
6248,37.300568,-120.474653,12,1512.4493250224023
6248,37.302488,-120.473545,13,1748.6517260285327
6248,37.304453,-120.472394,14,1991.029727094435
6248,37.30454239695166,-120.47241032123566,15,2001.1230010321556
6248,37.30466187270414,-120.47228157520294,16,2018.7352573215755
6248,37.30544272741172,-120.4718416929245,17,2114.399995683987
6248,37.306040097123464,-120.47147154808044,18,2188.867158038364
6248,37.30643691866584,-120.47126770019533,19,2236.788356831146
6248,37.30664172896514,-120.47116041183472,20,2261.5927300265184
6248,37.30675266764433,-120.4711389541626,21,2274.1341194473134
6248,37.30761457026852,-120.47061324119568,22,2381.249069301335
6248,37.30717935334661,-120.46949207782744,23,2492.4935393712553
6248,37.30671853268354,-120.46877324581146,24,2574.7489111786695
6248,37.30635966680721,-120.46797868220904,25,2656.2086923122342
6248,37.30541285880159,-120.46510934829712,26,2933.269980488077
6248,37.304644804751106,-120.46302795410156,27,3137.888672665571
6248,37.304147,-120.46175900000004,28,3264.058875228139
6248,37.30399195264032,-120.4612684249878,29,3311.1438550926655
6248,37.30398341858827,-120.4611986875534,30,3317.440380427246
6248,37.30467894065326,-120.46078562736513,31,3403.448074725822
6248,37.30517817645177,-120.4604959487915,32,3464.9250595846993
6248,37.30493069245311,-120.45977711677553,33,3534.783371281488
6248,37.30476,-120.459498,34,3566.1555042034606
6248,37.30466613969177,-120.45902073383331,35,3610.022075490354
6248,37.30445279001275,-120.4583501815796,36,3674.4395951303663
6248,37.3043631829671,-120.45792639255524,37,3713.5643816038823
6248,37.30431197889302,-120.45734703540802,38,3765.5863431454736
6248,37.3043034448773,-120.45686423778534,39,3808.685656991137
6248,37.30424370674007,-120.45642971992493,40,3848.035740039737
6248,37.30409862820921,-120.45578598976137,41,3907.730366867008
6248,37.30394501534207,-120.45537292957306,42,3948.3946301770275
6248,37.303741,-120.454877,43,3998.180216154304
6248,37.30361431991043,-120.45449048280716,44,4035.4671644814707
6248,37.30359725171968,-120.45438051223756,45,4045.4655016598063
6248,37.30356951590137,-120.4520469903946,46,4253.754289013275
6248,37.303603652291656,-120.45150518417358,47,4302.26052588811
6248,37.3036,-120.45100000000002,48,4347.349958982817
6248,37.3035780500004,-120.45091778039932,49,4355.086995650503
6248,37.30172612781611,-120.45092314481737,50,4561.99557572396
6248,37.301162861333125,-120.45094728469849,51,4624.964008970459
6248,37.30037769495451,-120.45088291168211,52,4712.875534221914
6248,37.300366,-120.455941,53,5164.328769640598
6248,37.30034355709996,-120.45624196529388,54,5191.307593003559
6248,37.30026247963323,-120.4564243555069,55,5209.937036031904
6248,37.302,-120.461115,56,5671.4021241460305
6248,37.30237899959725,-120.46205699443816,57,5765.536222294075
6248,37.30381700437975,-120.46126306056976,58,5941.127751553527
6248,37.30401328776619,-120.46113967895508,59,5965.66673786119
6248,37.304219,-120.46164399999998,60,6016.204579468775
6248,37.305485,-120.465105,61,6355.931136640187
6248,37.306074232392234,-120.46693325042725,62,6531.873266390163
6248,37.306334513307,-120.46775937080383,63,6611.127371497415
6248,37.3067697351189,-120.46873569488524,64,6710.907620317395
6248,37.30719215388026,-120.46937942504884,65,6785.255330472728
6248,37.30766577209372,-120.47057032585144,66,6903.978037695788
6248,37.308355,-120.470222,67,6987.018005267747
6248,37.30864713367163,-120.47001779079436,68,7024.399052137707
6248,37.3093810130894,-120.46963155269624,69,7113.340379071259
6248,37.30990581781504,-120.46944916248322,70,7174.190209713011
6248,37.310305,-120.469323,71,7220.187079382187
6248,37.31227,-120.46926100000002,72,7439.791856320463
6248,37.3152347250021,-120.46925604343414,73,7771.019181217073
6248,37.31523899138973,-120.46535611152648,74,8119.024026127657
6248,37.31526458971051,-120.4625129699707,75,8372.744937253356
6248,37.31546937596283,-120.46147763729095,76,8467.922822152172
6248,37.31571682527341,-120.46010971069336,77,8593.07997684841
6248,37.31571682527341,-120.4575937986374,78,8817.585264248884
6248,37.315636,-120.456301,79,8933.30037260757
6248,37.31569975982987,-120.45611321926116,80,8951.508253054697
6248,37.31570829255213,-120.45364022254944,81,9172.187571845509
6248,37.31569975982987,-120.45271217823029,82,9255.007100416045
6248,37.31572109163368,-120.4511833190918,83,9391.455937946343
6248,37.315922,-120.451124,84,9414.518320851002
6248,37.31598560549812,-120.45120477676392,85,9424.640459096443
6248,37.31747027894634,-120.45117795467377,86,9590.534363452103
6248,37.31838325322946,-120.45115649700163,87,9692.555306432108
6248,37.31850270698815,-120.45124769210815,88,9708.186602724916
6248,37.31850270698815,-120.45284628868104,89,9850.832281040675
6248,37.31849417458311,-120.45421421527864,90,9972.898288431477
6248,37.3184856421771,-120.4553246498108,91,10071.98853736937
6248,37.31849417458311,-120.45762062072754,92,10276.862951381077
6248,37.31849844078575,-120.45971274375916,93,10463.545476102396
6248,37.31849417458311,-120.4608017206192,94,10560.716720690958
6248,37.31850270698815,-120.46303868293762,95,10760.323968109178
6248,37.31849417458311,-120.46569406986237,96,10997.266081981094
6248,37.31848990838024,-120.46770572662354,97,11176.766187855548
6248,37.31853683659861,-120.4680436849594,98,11207.374414843034
6248,37.31854963519856,-120.46913802623747,99,11305.032225207407
6248,37.31855390139805,-120.46943843364716,100,11331.841581145927
6248,37.31814434514256,-120.46945452690125,101,11377.620813655072
6248,37.317462,-120.469444,102,11453.859999821916
6248,37.31580641878842,-120.46948671340942,103,11638.865164062312
6248,37.314782,-120.469508,104,11753.331691381432
6248,37.312176,-120.46956,105,12044.517845682392
6248,37.310695151357706,-120.46957790851592,106,12209.969869400655
6248,37.31016608546648,-120.46959400177002,107,12269.095946099853
6248,37.30996981814074,-120.4695188999176,108,12292.02480855076
6248,37.309427946994504,-120.46972274780272,109,12355.23815920803
6248,37.30865566719439,-120.47010362148283,110,12447.972742435704
6248,37.30767003891093,-120.47067761421204,111,12569.420735343128
6248,37.306795336323525,-120.47118723392488,112,12677.209240927794
6248,37.30664172896514,-120.47134816646576,113,12699.58742675822
6248,37.304747212411094,-120.47246396541595,114,12933.501264197448
6248,37.30458933387707,-120.47252297401428,115,12951.909165032377
6248,37.304481,-120.472593,116,12965.530688845793
6248,37.302488,-120.473738,117,13210.521731845696
6248,37.300032,-120.475141,118,13512.131283223876
6248,37.299216999206216,-120.47555923461914,119,13610.538864784921
6248,37.29774903481387,-120.47644436359406,120,13792.577316794863
6248,37.29824404926407,-120.4778391122818,121,13928.794169042254
6248,37.29879453564572,-120.4793518781662,122,14077.15857381972
6248,37.29932368154823,-120.48080563545228,123,14219.740641904298
6248,37.29990403083825,-120.48235058784483,124,14372.110896596774
6248,37.300471573974725,-120.48392236232758,125,14526.0546875026
6248,37.30102204405324,-120.48544049263,126,14674.849000057831
6248,37.30042890170736,-120.48578381538393,127,14747.855902493682
6248,37.3015426399554,-120.4887557029724,128,15040.825028174853
6248,37.302063232253936,-120.48845529556274,129,15104.867142841467
6248,37.30196935522052,-120.48818171024324,130,15131.440794716329
20188,37.334606,-120.477979,0,0
20188,37.335276,-120.478022,1,74.95131256778157
20188,37.335894,-120.478027,2,143.99634376252567
20188,37.3365,-120.478048,3,211.7251924767475
20188,37.336781,-120.478048,4,243.1187972770651
20188,37.336781,-120.47837,5,271.84314426348516
20188,37.336056,-120.478381,6,352.84677947430356
20188,37.334896,-120.478413,7,482.4745197034987
20188,37.333668,-120.478424,8,619.6713563550059
20188,37.332132,-120.478456,9,791.2984785778461
20188,37.329865,-120.478536,10,1044.6703960715988
20188,37.326971,-120.478563,11,1367.9997673587832
20188,37.326288,-120.478553,12,1444.3103860901113
20188,37.326135,-120.478542,13,1461.431840912874
20188,37.325964,-120.47852,14,1480.636690225134
20188,37.325375,-120.478445,15,1546.779679798116
20188,37.325264,-120.478359,16,1561.3625082768133
20188,37.324522,-120.478397,17,1644.3287760698095
20188,37.322722,-120.478413,18,1845.43160028711
20188,37.322767,-120.479829,19,1971.8709981493441
20188,37.322833,-120.48017,20,2003.1766427189064
20188,37.322982,-120.480773,21,2059.4941147195464
20188,37.323313,-120.481424,22,2128.350308037219
20188,37.323362,-120.481932,23,2174.004306592322
20188,37.323473,-120.482683,24,2242.1475167180943
20188,37.32349,-120.483509,25,2315.868761466279
20188,37.323519,-120.48561,26,2503.350154536343
20188,37.323473,-120.487146,27,2640.489595275054
20188,37.323131,-120.487125,28,2678.7435322785464
20188,37.322863,-120.487189,29,2709.22396664604
20188,37.322551,-120.48712,30,2744.6198922778735
20188,37.32,-120.487,31,3029.8171018279413
20188,37.319377,-120.486969,32,3099.4732312963147
20188,37.319251,-120.489343,33,3311.761861673898
20188,37.319292,-120.49044,34,3409.749164187044
20188,37.319113,-120.49044,35,3429.746824497105
20188,37.31872,-120.490462,36,3473.6961606774958
20188,37.31837,-120.490547,37,3513.526462033683
20188,37.317969,-120.490805,38,3563.8942122626854
20188,37.317457,-120.491073,39,3625.8914736402435
20188,37.317372,-120.491095,40,3635.588330160429
20188,37.317304,-120.491127,41,3643.70405734787
20188,37.316527,-120.491159,42,3730.556394114297
20188,37.316442,-120.491213,43,3741.2049621496703
20188,37.316399,-120.491298,44,3750.182767535595
20188,37.316391,-120.491438,45,3762.7066971399736
20188,37.316404,-120.492666,46,3872.2888671488363
20188,37.316391,-120.494099,47,4000.1612142729136
20188,37.316434,-120.494313,48,4019.851042325782
20188,37.316527,-120.494614,49,4048.6482596051446
20188,37.316698,-120.494946,50,4083.8975663066876
20188,37.316809,-120.495193,51,4109.18598403637
20188,37.316664,-120.495365,52,4131.500675347642
20188,37.316519,-120.495536,53,4153.754107943585
20188,37.316391,-120.495729,54,4176.138224583292
20188,37.316254,-120.496105,55,4213.014192563672
20188,37.316195,-120.496341,56,4235.079496360349
20188,37.316152,-120.496727,57,4269.8549300492505
20188,37.316186,-120.497038,58,4297.863600291628
20188,37.316246,-120.497521,59,4341.4788402282575
20188,37.31634,-120.497897,60,4376.633615721824
20188,37.316527,-120.498337,61,4421.106038075091
20188,37.316741,-120.498712,62,4462.22968311477
20188,37.317005,-120.499055,63,4504.732773240977
20188,37.317434,-120.499381,64,4560.795826637659
20188,37.317688,-120.499603,65,4595.401738458193
20188,37.317927,-120.499721,66,4624.102999935875
20188,37.318174,-120.499753,67,4651.844439169381
20188,37.318643,-120.499731,68,4704.276500290128
20188,37.319224,-120.499753,69,4769.213789628622
20188,37.319164,-120.50265,70,5027.781927209309
20188,37.319147,-120.504946,71,5232.647721423343
20188,37.319207,-120.505697,72,5299.988757644442
20188,37.31936,-120.506405,73,5365.43021238824
20188,37.319659,-120.50707,74,5433.519623011552
20188,37.319795,-120.507349,75,5462.682941531553
20188,37.319829,-120.507456,76,5472.957573963144
20188,37.320026,-120.507821,77,5512.262737627811
20188,37.321237,-120.509773,78,5732.794165593928
20188,37.324002,-120.514205,79,6234.55762093398
20188,37.326928,-120.518893,80,6765.375868613005
20188,37.329743,-120.523442,81,7278.775640557417
20188,37.331432,-120.526146,82,7585.01997368219
20188,37.332388,-120.527669,83,7757.829599058151
20188,37.332154,-120.527759,84,7785.175260067612
20188,37.331779,-120.527965,85,7830.920407234458
20188,37.331778,-120.528302,86,7860.982610092726
20188,37.331748,-120.535957,87,8543.848747443451
20188,37.331697,-120.540544,88,8953.064057296393
20188,37.331711,-120.540769,89,8973.195571007038
20188,37.332913,-120.540774,90,9107.471162284013
20188,37.3361,-120.540689,91,9463.570158345952
20188,37.338897,-120.540672,92,9776.025401856981
20188,37.339695,-120.540587,93,9865.491425673337
20188,37.340265,-120.540335,94,9933.016505458547
20188,37.343063,-120.544771,95,10437.233061769093
20188,37.344931,-120.547775,96,10776.827538129957
20188,37.34784,-120.552431,97,11304.106011345108
20188,37.34987,-120.555671,98,11671.40915027773
20188,37.352966,-120.560617,99,12231.898796942944
20188,37.356479,-120.566293,100,12872.345949561806
20188,37.358756,-120.569862,101,13279.741856071434
20188,37.358836,-120.569957,102,13292.054954919477
20188,37.359429,-120.570885,103,13398.04872591146
20188,37.360763,-120.573011,104,13639.16934980319
20188,37.3625,-120.575778,105,13953.038519609594
20188,37.36278,-120.576264,106,14006.479278603538
20188,37.362964,-120.57656,107,14039.929996470742
20188,37.363174,-120.576286,108,14073.798560972667
20188,37.363333,-120.576043,109,14101.813836101419
20188,37.363493,-120.575818,110,14128.68144069971
20188,37.363646,-120.575613,111,14153.704696689621
20188,37.363768,-120.575781,112,14173.955148352668
20188,37.364013,-120.576246,113,14223.632298818571
20188,37.364146,-120.576475,114,14248.88276336625
20188,37.364306,-120.576581,115,14269.100168884064
20188,37.364456,-120.576638,116,14286.60936449246
20188,37.365504,-120.576643,117,14403.67488901041
20188,37.365787,-120.57667,118,14435.378341323549
20188,37.366154,-120.576665,119,14476.375739669467
20188,37.366162,-120.576736,120,14482.768611811965
20188,37.366161,-120.577863,121,14583.247871398022
20188,37.365998,-120.578028,122,14606.65560614658
20188,37.366048,-120.57806,123,14612.927237296266
20188,37.366018,-120.578175,124,14623.71396088748
20188,37.365819,-120.578143,125,14646.125129701843
20188,37.365279,-120.578135,126,14706.448783865366
20188,37.365277,-120.577663,127,14748.531629568439
20188,37.365279,-120.577125,128,14796.498824707458
20188,37.365279,-120.576875,129,14818.788185751084
20188,37.365276,-120.576707,130,14833.770389945257
20188,37.364597,-120.576704,131,14909.617146366129
20188,37.36441,-120.576684,132,14930.581566559138
20188,37.364298,-120.576638,133,14943.747391720168
20188,37.364091,-120.576493,134,14970.238605077671
20188,37.363912,-120.576149,135,15006.85126204046
20188,37.363824,-120.575971,136,15025.519264849177
20188,37.363655,-120.575887,137,15045.828450828798
20188,37.363554,-120.57587,138,15057.211822535508
20188,37.363406,-120.576106,139,15083.971155916015
20188,37.363248,-120.576357,140,15112.472305484496
20188,37.363128,-120.576548,141,15134.144474228064
20188,37.363007,-120.576662,142,15151.055887823186
20188,37.362266,-120.57675,143,15234.198801830966
20188,37.361449,-120.576791,144,15325.533271401733
20188,37.360606,-120.576765,145,15419.727361550247
20188,37.360581,-120.578671,146,15589.694907271425
20188,37.360573,-120.584607,147,16118.963740050953
20188,37.360538,-120.586243,148,16264.884972969685
20188,37.360534,-120.593914,149,16948.84098120021
20188,37.360526,-120.595727,150,17110.491545483143
20188,37.360518,-120.596275,151,17159.359614511763
20188,37.360526,-120.597075,152,17230.693452348816
20188,37.3605,-120.602,153,17669.815551132582
20188,37.3605,-120.608,154,18204.770291162873
20188,37.3605,-120.612408,155,18597.780392416815
20188,37.360497,-120.61383,156,18724.56344333736
20188,37.361447,-120.613859,157,18830.706326751082
20188,37.363881,-120.61379,158,19102.644463981665
20188,37.374736,-120.613586,159,20315.243238237086
20188,37.380917,-120.613403,160,21005.830345496695
20188,37.383841,-120.613468,161,21332.481530102523
20188,37.385849,-120.613446,162,21556.7761337235
20188,37.386491,-120.614053,163,21646.603727996768
20188,37.387008,-120.61483,164,21736.772547506687
20188,37.387076,-120.614766,165,21746.271244315547
20188,37.38711,-120.614766,166,21750.068908020414
20188,37.388167,-120.614755,167,21868.135641400728
20188,37.389305,-120.614702,168,21995.333420792154
20188,37.389455,-120.614744,169,22012.50086707454
20188,37.389489,-120.617437,170,22252.5385141875
20188,37.389455,-120.618746,171,22369.261630244942
20188,37.389446,-120.619379,172,22425.685040768694
20188,37.389412,-120.619712,173,22455.604763190775
20188,37.389412,-120.62307,174,22754.876681574988
20188,37.389386,-120.62705,175,23109.59237538932
20188,37.389395,-120.628906,176,23275.004283098595
20188,37.389378,-120.63161,177,23515.994476892087
20188,37.389386,-120.636599,178,23960.61644105544
20188,37.389386,-120.642596,179,24495.06598143689
20188,37.389395,-120.649871,180,25143.4040237912
20188,37.389395,-120.65781,181,25850.907273076176
20188,37.389386,-120.6662,182,26598.59337698575
20188,37.38942,-120.672691,183,27177.052471435472
20188,37.389463,-120.678924,184,27732.52218051791
20188,37.389523,-120.685405,185,28310.104034467713
20188,37.389548,-120.691965,186,28894.687179807555
20188,37.389582,-120.697383,187,29377.507552133426
20188,37.389608,-120.704765,188,30035.327136118096
20188,37.389574,-120.709657,189,30471.267625232413
20188,37.389557,-120.712495,190,30724.166197174934
20188,37.389568,-120.718152,191,31228.254110413905
20188,37.389557,-120.718133,192,31230.34588494831
20188,37.389523,-120.718337,193,31248.916255120017
20188,37.38948,-120.718519,194,31265.829953083998
20188,37.389437,-120.718862,195,31296.76897165524
20188,37.389412,-120.719077,196,31316.12957459277
20188,37.389472,-120.71927,197,31334.586674748152
20188,37.389548,-120.719538,198,31359.931013737387
20188,37.389659,-120.719785,199,31385.191421378335
20188,37.390102,-120.721,200,31504.224897469005
20188,37.390771,-120.722846,201,31684.887482594197
20188,37.391319,-120.72254,202,31751.8855639018
20188,37.391549,-120.722403,203,31780.324487423968
20188,37.391209,-120.721477,204,31871.153332023754
20188,37.39088,-120.720525,205,31963.597221537922
20188,37.389881,-120.721094,206,32086.14301431629
20188,37.389817,-120.721193,207,32097.49665495323
20188,37.389668,-120.721223,208,32114.349870371472
20188,37.389293,-120.721416,209,32159.622371512985
20188,37.388619,-120.721807,210,32242.565221496334
20188,37.38844,-120.722001,211,32268.993412856074
20188,37.388201,-120.72228,212,32305.469218420574
20188,37.387818,-120.722741,213,32364.77328517344
20188,37.38746,-120.723084,214,32415.098359273332
20188,37.387315,-120.723159,215,32432.616412266692
20188,37.387178,-120.723245,216,32449.72807661151
20188,37.386914,-120.723288,217,32479.4586316363
20188,37.386126,-120.723315,218,32567.49260240063
20188,37.385786,-120.723358,219,32605.655468412082
20188,37.385461,-120.723358,220,32641.950329706575
20188,37.384474,-120.723343,221,32752.18313822089
20188,37.384002,-120.723366,222,32804.93427872848
20188,37.382263,-120.723409,223,32999.17750201344
20188,37.38225,-120.722237,224,33103.63169567477
20188,37.382238,-120.721116,225,33203.54006511399
20188,37.382225,-120.719762,226,33324.21253847244
20188,37.382157,-120.7165,227,33615.01096385885
20188,37.381986,-120.716503,228,33634.1097258896
20188,37.381365,-120.716506,229,33703.4621073288
20188,37.380287,-120.716512,230,33823.85188048739
20188,37.379644,-120.716523,231,33895.667347363385
20188,37.3786,-120.716582,232,34012.37739123335
20188,37.378642,-120.718904,233,34219.36999738476
20188,37.378621,-120.720015,234,34318.41114975024
20188,37.378636,-120.721112,235,34416.19102010463
20188,37.378662,-120.723507,236,34629.6544357099
20188,37.37847,-120.723525,237,34651.156242864454
20188,37.377123,-120.723494,238,34801.60982561219
20188,37.375063,-120.723577,239,35031.78225840326
20188,37.375052,-120.723956,240,35065.58282294529
20188,37.375071,-120.727557,241,35386.526585644024
20188,37.375075,-120.731288,242,35719.04780049676
20188,37.375055,-120.734735,243,36026.26394705029
20188,37.37916,-120.734663,244,36484.73260469364
20188,37.382297,-120.734509,245,36835.32422393109
20188,37.382311,-120.737754,246,37124.50396364189
20188,37.382315,-120.740597,247,37377.85471011991
20188,37.382311,-120.741294,248,37439.96841539197
20188,37.3823,-120.741483,249,37456.85559145321
20188,37.385832,-120.741426,250,37851.31829725963
20188,37.385886,-120.737269,251,38221.795403168064
20188,37.38589,-120.736706,252,38271.96618670943
20188,37.385902,-120.735723,253,38359.571429621756
20188,37.385913,-120.734356,254,38481.3910118656
20188,37.38592,-120.733926,255,38519.71634116554
20188,37.385861,-120.732865,256,38614.491640413726
20188,37.385921,-120.732177,257,38676.16465901056
20188,37.38592,-120.731473,258,38738.89851861997
20188,37.385927,-120.730635,259,38813.577260231614
20188,37.385927,-120.729884,260,38880.49937313709
20188,37.385927,-120.728897,261,38968.45172605102
20188,37.385939,-120.728065,262,39042.604118071504
20188,37.385952,-120.727593,263,39084.68955473843
20188,37.385959,-120.726902,264,39146.270261868376
20188,37.385964,-120.726505,265,39181.65178844013
20188,37.385971,-120.725926,266,39233.253092834944
20188,37.385981,-120.725198,267,39298.135715562414
20188,37.385961,-120.723672,268,39434.1381227941
20188,37.386033,-120.723218,269,39475.38607025076
20188,37.386266,-120.723159,270,39501.93254439214
20188,37.386982,-120.723213,271,39582.03759785553
20188,37.387144,-120.723191,272,39600.23510163022
20188,37.387281,-120.723106,273,39617.30704689269
20188,37.387417,-120.72302,274,39634.318932837916
20188,37.387554,-120.722913,275,39652.34646735244
20188,37.388159,-120.722258,276,39741.63035893215
20188,37.388432,-120.721915,277,39784.80076720946
20188,37.388568,-120.721749,278,39806.00174688851
20188,37.388768,-120.721609,279,39831.58492428636
20188,37.389186,-120.721368,280,39882.9686492384
20188,37.38935,-120.721225,281,39905.280284391745
20188,37.389476,-120.721212,282,39919.39917198406
20188,37.38977,-120.721083,283,39954.18621370003
20188,37.389937,-120.720987,284,39974.70450151321
20188,37.390051,-120.72093,285,39988.41143311712
20188,37.390875,-120.720431,286,40090.61260703323
20188,37.391612,-120.722438,287,40287.478418180865
20188,37.391357,-120.722634,288,40320.88474513042
20188,37.390794,-120.722937,289,40389.310436083724
20188,37.389996,-120.720879,290,40593.19933105147
20188,37.389834,-120.720445,291,40635.89446460772
20188,37.389651,-120.719919,292,40687.026805495334
20188,37.389472,-120.719447,293,40733.5945905793
20188,37.389412,-120.719286,294,40749.42864688152
20188,37.389386,-120.719168,295,40760.33694497054
20188,37.389382,-120.719018,296,40773.71062439347
20188,37.389493,-120.718103,297,40856.18151440755
20188,37.38942,-120.718546,298,40896.489459661825
20188,37.389472,-120.718288,299,40920.20146677097
20188,37.389497,-120.71816,300,40931.94404145289
20188,37.389514,-120.716604,301,41070.60941364007
20188,37.389518,-120.7125,302,41436.311383317734
20188,37.389523,-120.704749,303,42126.99887787185
20188,37.389514,-120.698665,304,42669.14765890726
20188,37.389506,-120.691842,305,43277.15512614569
20188,37.389472,-120.686241,306,43776.28740997544
20188,37.389412,-120.679504,307,44376.680509132944
20188,37.389386,-120.674107,308,44857.63823776688
20188,37.389335,-120.669279,309,45287.92271909052
20188,37.389327,-120.664108,310,45748.74066412936
20188,37.389327,-120.660331,311,46085.33295276736
20188,37.389327,-120.654559,312,46599.71622447942
20188,37.389327,-120.649141,313,47082.55643136685
20188,37.389318,-120.645772,314,47382.79810494472
20188,37.389318,-120.641127,315,47796.75591147654
20188,37.389327,-120.638584,316,48023.38908584871
20188,37.389335,-120.633777,317,48451.79005219819
20188,37.38931,-120.631449,318,48659.2815145217
20188,37.389335,-120.628649,319,48908.83574896723
20188,37.389344,-120.625023,320,49231.99141802732
20188,37.389344,-120.621504,321,49545.61132793181
20188,37.389352,-120.619926,322,49686.249071416925
20188,37.389369,-120.61968,323,49708.255245978355
20188,37.389395,-120.618693,324,49796.26700539471
20188,37.389412,-120.617974,325,49860.374226596985
20188,37.389412,-120.616096,326,50027.74665708746
20188,37.389386,-120.61482,327,50141.50460711644
20188,37.389165,-120.61483,328,50166.20550159255
20188,37.388099,-120.61483,329,50285.27341352038
20188,37.388091,-120.613511,330,50402.83228022908
20188,37.38636,-120.613554,331,50596.21640506717
20188,37.385806,-120.613527,332,50658.14288194224
20188,37.385486,-120.613559,333,50693.99928083221
20188,37.384182,-120.613607,334,50839.713953864
20188,37.380904,-120.613698,335,51205.94392412008
20188,37.375128,-120.61372,336,51851.104133150715
20188,37.363749,-120.61402,337,53122.37630860643
20188,37.360352,-120.613916,338,53501.92148615273
20188,37.360346,-120.613102,339,53574.49925364788
20188,37.3604,-120.608,340,54029.42577287858
20188,37.360377,-120.605721,341,54232.635346940035
20188,37.3604,-120.602,342,54564.40750211995
20188,37.360385,-120.59775,343,54943.34117745015
20188,37.360402,-120.593898,344,55286.792973366915
20188,37.360406,-120.590755,345,55567.026577570694
20188,37.360445,-120.583583,346,56206.50979265458
20188,37.360411,-120.579275,347,56590.6411402157
20188,37.360458,-120.576518,348,56836.51993342839
20188,37.361357,-120.576577,349,56937.07858852889
20188,37.362231,-120.576572,350,57034.70798665819
20188,37.362674,-120.57656,351,57084.20396013348
20188,37.362988,-120.576571,352,57119.29239657286
20188,37.363184,-120.5763,353,57151.89852227679
20188,37.363342,-120.576051,354,57180.25988746648
20188,37.363501,-120.575825,355,57207.120135675876
20188,37.363642,-120.575633,356,57230.382020390294
20188,37.363652,-120.575609,357,57232.79586236639
20188,37.363764,-120.575783,358,57252.725625265826
20188,37.36401,-120.576251,359,57302.68757273722
20188,37.364141,-120.576478,360,57327.66252144497
20188,37.364301,-120.576585,361,57347.92175863963
20188,37.364454,-120.576644,362,57365.80354393035
20188,37.365504,-120.576651,363,57483.093284650466
20188,37.365786,-120.576676,364,57514.672270689494
20188,37.366151,-120.57667,365,57555.4473483077
20188,37.366157,-120.576736,366,57561.36971867943
20188,37.366154,-120.577862,367,57661.76032732471
20188,37.365991,-120.578021,368,57684.835628372326
20188,37.366039,-120.578104,369,57693.973891995614
20188,37.366012,-120.578164,370,57700.11490048891
20188,37.36582,-120.578133,371,57721.73916583409
20188,37.365283,-120.57813,372,57781.72409221587
20188,37.365281,-120.576705,373,57908.773555213935
20188,37.364596,-120.576698,374,57985.29260325348
20188,37.364409,-120.576678,375,58006.257023652375
20188,37.364298,-120.576633,376,58019.28902582195
20188,37.364095,-120.576489,377,58045.34711209292
20188,37.363826,-120.575967,378,58100.74530808402
20188,37.363655,-120.57588,379,58121.361462863555
20188,37.363552,-120.575862,380,58132.97827122644
20188,37.3634,-120.576101,381,58160.22461146596
20188,37.363243,-120.576356,382,58188.938283143936
20188,37.363125,-120.576542,383,58210.12221073902
20188,37.363005,-120.576656,384,58226.94448267851
20188,37.362841,-120.57668,385,58245.388316516764
20188,37.362641,-120.576363,386,58281.41538865711
20188,37.362356,-120.575906,387,58333.123902499974
20188,37.360609,-120.573141,388,58647.54530978043
20188,37.359236,-120.570963,389,58895.00431911257
20188,37.358609,-120.569955,390,59008.95027807886
20188,37.357559,-120.568192,391,59205.08606630017
20188,37.355921,-120.565467,392,59509.258818438946
20188,37.353746,-120.56198,393,59903.86530398148
20188,37.351367,-120.558161,394,60335.841397172655
20188,37.348561,-120.553697,395,60842.52626519015
20188,37.346505,-120.550404,396,61215.34660766217
20188,37.344424,-120.547067,397,61592.98700417423
20188,37.342999,-120.544813,398,61849.4096506356
20188,37.34026,-120.540468,399,62343.171882691146
20188,37.339732,-120.540715,400,62406.134593174174
20188,37.33888,-120.540767,401,62501.42404607975
20188,37.336101,-120.540845,402,62811.94272514939
20188,37.331645,-120.54093,403,63309.77800711363
20188,37.331637,-120.54064,404,63335.662324356956
20188,37.33168,-120.535931,405,63755.74858027822
20188,37.331702,-120.531042,406,64191.87414074436
20188,37.331718,-120.528302,407,64436.3012561398
20188,37.331709,-120.527992,408,64463.97301807527
20188,37.331709,-120.527874,409,64474.49918995532
20188,37.331749,-120.527859,410,64479.163706072
20188,37.331999,-120.527738,411,64509.10493378014
20188,37.332228,-120.527611,412,64537.08323872549
20188,37.330554,-120.524848,413,64846.471525590314
20188,37.327977,-120.520695,414,65315.656818013034
20188,37.326169,-120.517777,415,65645.14343069193
20188,37.324121,-120.514505,416,66016.02922672791
20188,37.321672,-120.510578,417,66460.55333012209
20188,37.320026,-120.507955,418,66758.17910272826
20188,37.319787,-120.507504,419,66806.4706824944
20188,37.31971,-120.507472,420,66815.53422769668
20188,37.319574,-120.507258,421,66839.93508774396
20188,37.319369,-120.506796,422,66887.09063684239
20188,37.319275,-120.506549,423,66911.50276279659
20188,37.319079,-120.505884,424,66974.74746342146
20188,37.319036,-120.505562,425,67003.87619486375
20188,37.319019,-120.505241,426,67032.57978739913
20188,37.31901,-120.503878,427,67154.19555454022
20188,37.319019,-120.499833,428,67515.10755722657
20188,37.318763,-120.499812,429,67543.76843474702
20188,37.318447,-120.499812,430,67579.07102335963
20188,37.318149,-120.499812,431,67612.36270521743
20188,37.31785,-120.499758,432,67646.11180816211
20188,37.31762,-120.499662,433,67673.19685882512
20188,37.31739,-120.499566,434,67700.28192223508
20188,37.316963,-120.499093,435,67763.97481396415
20188,37.31669,-120.498728,436,67808.59365049917
20188,37.316442,-120.498288,437,67856.645342808
20188,37.316289,-120.497913,438,67894.2187056927
20188,37.316203,-120.497569,439,67926.38160220957
20188,37.316126,-120.497183,440,67961.88159371447
20188,37.316118,-120.496818,441,67994.46209685614
20188,37.316126,-120.496411,442,68030.78893678833
20188,37.31622,-120.496057,443,68064.0756257695
20188,37.316348,-120.49566,444,68102.27658020273
20188,37.316553,-120.49537,445,68136.83205337384
20188,37.316741,-120.495166,446,68164.62510262833
20188,37.316562,-120.494844,447,68199.63066684449
20188,37.316442,-120.494544,448,68229.56845999585
20188,37.316357,-120.494286,449,68254.47095554904
20188,37.316331,-120.493975,450,68282.37253683533
20188,37.316319,-120.492791,451,68388.0274073745
20188,37.316348,-120.492098,452,68449.94755803188
20188,37.316331,-120.491411,453,68511.27699979761
20188,37.31634,-120.491272,454,68523.72046899346
20188,37.316391,-120.491186,455,68533.27809903967
20188,37.316459,-120.491121,456,68542.83585687669
20188,37.316553,-120.491078,457,68554.01636896543
20188,37.317022,-120.491078,458,68606.41242077308
20188,37.317295,-120.491078,459,68636.9116148946
20188,37.317372,-120.491025,460,68646.72814075481
20188,37.317492,-120.490982,461,68660.67260733004
20188,37.318132,-120.490585,462,68740.46635671586
20188,37.318498,-120.490435,463,68783.49014203937
20188,37.318592,-120.490403,464,68794.37293773158
20188,37.31884,-120.490392,465,68822.0965744933
20188,37.319121,-120.490392,466,68853.48955223036
20188,37.319094,-120.488876,467,68988.78913437898
20188,37.319079,-120.486647,468,69187.68064316685
20188,37.3206,-120.486759,469,69357.89953319613
20188,37.322782,-120.486787,470,69601.68415531071
20188,37.323336,-120.486798,471,69663.58450306536
20188,37.323353,-120.485387,472,69789.48966343483
20188,37.32343,-120.48286,473,70015.11577762342
20188,37.323413,-120.482592,474,70039.10242261046
20188,37.323387,-120.482324,475,70063.18956195201
20188,37.323251,-120.48175,476,70116.60912651377
20188,37.323157,-120.481455,477,70144.94729188614
20188,37.32291,-120.480704,478,70217.41286903057
20188,37.322739,-120.479899,479,70291.73427900413
20188,37.322679,-120.478901,480,70381.03053487401
20188,37.322645,-120.478333,481,70431.85130848229
20188,37.324447,-120.478255,482,70633.29279428806
20188,37.325264,-120.47829,483,70724.62225072632
20188,37.325367,-120.478215,484,70737.93363928642
20188,37.325665,-120.478215,485,70771.22649941058
20188,37.325819,-120.478182,486,70788.68163545878
20188,37.326433,-120.47815,487,70857.33772560884
20188,37.32703,-120.478182,488,70924.09624629731
20188,37.329539,-120.478131,489,71204.44119114871
20188,37.331757,-120.478097,490,71452.2569654489
20188,37.333744,-120.478064,491,71674.26614443304
20188,37.334529,-120.478032,492,71762.01359267406
20188,37.334606,-120.477979,493,71769.85218721854
4391,37.301923,-120.488088,0,0
4391,37.301607,-120.48717899999995,1,88.47384734596865
4391,37.300958,-120.485483,2,256.307288755906
4391,37.300425,-120.485768,3,321.0589259977558
4391,37.301531,-120.48877199999998,4,616.2623247618392
4391,37.302114,-120.48843899999996,5,687.8544633102133
4391,37.303113,-120.491127,6,952.437254412376
4391,37.303796,-120.49298299999998,7,1134.8045046766192
4391,37.304756,-120.495504,8,1384.040881832126
4391,37.305997,-120.49894799999998,9,1721.2097329356927
4391,37.307056,-120.501866,10,2007.2251028559494
4391,37.307141,-120.501941,11,2018.8426273553582
4391,37.307679,-120.50322900000003,12,2148.546937143725
4391,37.308174,-120.50437699999998,13,2264.9634602961814
4391,37.308242,-120.50451599999997,14,2279.508762811977
4391,37.308592,-120.50492400000002,15,2332.9356287178302
4391,37.308959,-120.50503100000005,16,2375.032583012616
4391,37.309385,-120.505139,17,2423.589647973785
4391,37.31,-120.505139,18,2492.2950453524654
4391,37.311228,-120.505042,19,2629.7552033461507
4391,37.311578,-120.505064,20,2668.9050901118994
4391,37.315917,-120.504968,21,3153.7169626652403
4391,37.316374,-120.504999,22,3204.8460988550673
4391,37.316357,-120.507402,23,3419.265598834295
4391,37.316357,-120.51066400000002,24,3710.3208630963636
4391,37.316348,-120.514591,25,4060.71082472062
4391,37.316361,-120.517133,26,4287.525473056711
4391,37.316331,-120.518839,27,4439.779732986032
4391,37.316178,-120.519247,28,4479.996262431829
4391,37.315964,-120.519344,29,4505.421355965999
4391,37.314386,-120.519322,30,4681.716156272825
4391,37.313737,-120.51933300000002,31,4754.2248501574195
4391,37.31378,-120.51989100000004,32,4804.245035396069
4391,37.313933,-120.52058799999998,33,4868.742486659469
4391,37.314215,-120.521597,34,4964.12514960344
4391,37.314642,-120.522734,35,5076.230525487135
4391,37.315273,-120.524429,36,5243.0887633040165
4391,37.316143,-120.526843,37,5479.388715602342
4391,37.316502,-120.52784099999997,38,5577.048225274393
4391,37.316664,-120.52802300000002,39,5601.362929704726
4391,37.316843,-120.528163,40,5624.9401801313
4391,37.318481,-120.52812,41,5807.964426102018
4391,37.32064,-120.52812,42,6049.150338238198
4391,37.3212,-120.52800000000002,43,6112.6184852130455
4391,37.322782,-120.52808800000004,44,6289.520970276254
4391,37.32517,-120.528034,45,6556.332400970498
4391,37.328225,-120.527991,46,6897.6337185887405
4391,37.331407,-120.52794799999998,47,7253.121587201068
4391,37.331782,-120.527873,48,7295.544422239553
4391,37.331778,-120.528302,49,7333.8158638826335
4391,37.331757,-120.53122000000002,50,7594.125193361293
4391,37.331723,-120.536274,51,8044.97800847815
4391,37.331697,-120.540544,52,8425.887242305733
4391,37.331688,-120.54085499999997,53,8453.647588097365
4391,37.326919,-120.540951,54,8986.459057240987
4391,37.324693,-120.54098399999998,55,9235.141835996712
4391,37.323089,-120.54101000000004,56,9414.338887870577
4391,37.323084,-120.542105,57,9512.02893349815
4391,37.323127,-120.544605,58,9735.112930316973
4391,37.323157,-120.545753,59,9837.583811282111
4391,37.323208,-120.546085,60,9867.745289998076
4391,37.323609,-120.54719,61,9976.024956599054
4391,37.32442,-120.54941100000002,62,10193.892167051254
4391,37.324697,-120.550028,63,10257.036254039831
4391,37.325465,-120.54999599999996,64,10342.87536701819
4391,37.326301,-120.54997400000002,65,10436.283755140452
4391,37.326314,-120.55112200000002,66,10538.704861934986
4391,37.326327,-120.551691,67,10589.484916444739
4391,37.326335,-120.552732,68,10682.354487264633
4391,37.326352,-120.553542,69,10754.637595878721
4391,37.326036,-120.55372999999996,70,10793.71854805576
4391,37.326177,-120.554175,71,10836.42654296441
4391,37.327423,-120.557565,72,11169.330548960603
4391,37.32761,-120.558091,73,11220.69238368127
4391,37.327824,-120.55845599999998,74,11261.085498366685
4391,37.328029,-120.55870199999998,75,11292.802329743838
4391,37.328229,-120.55897600000004,76,11325.91646726416
4391,37.3284,-120.55890599999998,77,11346.012953166944
4391,37.32947,-120.55889000000002,78,11465.547135952567
4391,37.330754,-120.558836,79,11609.05879736158
4391,37.331339,-120.558853,80,11674.424535035507
4391,37.335092,-120.55881,81,12093.675562477822
4391,37.338775,-120.55873200000002,82,12505.1484442426
4391,37.338735,-120.560988,83,12706.414625506228
4391,37.338628,-120.56255899999996,84,12847.043420135546
4391,37.338867,-120.56563900000005,85,13123.046375165923
4391,37.338713,-120.566958,86,13241.940084056212
4391,37.338636,-120.570627,87,13569.29320432604
4391,37.338611,-120.574479,88,13912.86465605783
4391,37.338611,-120.576614,89,14103.284533255493
4391,37.338568,-120.57692500000002,90,14131.435266172253
4391,37.340769,-120.57689299999998,91,14377.309977737894
4391,37.342159,-120.57684999999998,92,14532.624408140298
4391,37.343174,-120.57683400000002,93,14646.01186758872
4391,37.34552,-120.57677,94,14908.12911677234
4391,37.348382,-120.576684,95,15227.91494032649
4391,37.350561,-120.57664599999998,96,15471.339271248453
4391,37.351733,-120.576657,97,15602.258810926942
4391,37.352671,-120.576636,98,15707.052916191742
4391,37.353038,-120.576679,99,15748.226832663908
4391,37.354121,-120.57662500000004,100,15869.296925264167
4391,37.355494,-120.57655999999996,101,16022.774572992263
4391,37.355783,-120.57642900000002,102,16057.105129904052
4391,37.357626,-120.57647500000002,103,16263.014585080306
4391,37.359083,-120.57645100000002,104,16425.779892991297
4391,37.360489,-120.576544,105,16583.05302618548
4391,37.36049,-120.576075,106,16624.870758277128
4391,37.360493,-120.57550100000005,107,16676.051625722936
4391,37.360501,-120.573985,108,16811.226457701523
4391,37.360501,-120.5734,109,16863.387196214673
4391,37.360474,-120.57304,110,16895.627521913844
4391,37.360427,-120.57291800000002,111,16907.706172922215
4391,37.360314,-120.57273199999996,112,16928.547794070833
4391,37.360235,-120.57252800000003,113,16948.76487358712
4391,37.360171,-120.57234699999998,114,16966.416134031435
4391,37.360011,-120.572097,115,16994.987492278146
4391,37.359874,-120.57187999999996,116,17019.656649216
4391,37.359755,-120.57167900000002,117,17041.970313020425
4391,37.359675,-120.571553,118,17056.32572431904
4391,37.359536,-120.571282,119,17085.04799276546
4391,37.359464,-120.57115,120,17099.303277434876
4391,37.35917,-120.570672,121,17153.10929505093
4391,37.35902,-120.57044100000002,122,17179.66111456781
4391,37.358975,-120.570272,123,17195.54644272374
4391,37.359085,-120.57016499999996,124,17211.103031988237
4391,37.359207,-120.570106,125,17225.71109761324
4391,37.359406,-120.570083,126,17248.03462141004
4391,37.359497,-120.570092,127,17258.23132504423
4391,37.359691,-120.57009,128,17279.902660866675
4391,37.359895,-120.57010000000002,129,17302.707741952043
4391,37.360159,-120.570107,130,17332.204237006987
4391,37.360405,-120.570106,131,17359.683597751857
4391,37.360633,-120.570111,132,17385.156041009403
4391,37.361107,-120.57012199999996,133,17438.11288086285
4391,37.361365,-120.57012199999996,134,17466.932545362226
4391,37.36146,-120.570138,135,17477.639900853563
4391,37.361682,-120.57032200000005,136,17507.373922941744
4391,37.362328,-120.57098000000002,137,17600.37504215839
4391,37.362367,-120.571036,138,17607.001456674814
4391,37.363095,-120.571771,139,17711.441204036844
4391,37.363755,-120.57244500000002,140,17806.554817844175
4391,37.364536,-120.57322599999998,141,17918.177999357
4391,37.36456,-120.57320900000002,142,17921.25769013201
4391,37.364862,-120.572724,143,17976.10186985071
4391,37.36553,-120.57169199999998,144,18094.56680275457
4391,37.36559,-120.57165099999996,145,18102.201092052263
4391,37.365672,-120.571714,146,18112.945876589478
4391,37.366327,-120.57241,147,18208.882797269893
4391,37.366345,-120.572513,148,18218.283493830677
4391,37.365845,-120.57326,149,18305.20315616825
4391,37.365316,-120.574078,150,18399.068362923506
4391,37.36499,-120.574563,151,18455.600756526637
4391,37.364797,-120.574708,152,18480.738594978033
4391,37.364616,-120.574749,153,18501.28469135211
4391,37.364468,-120.57470999999998,154,18518.17849781514
4391,37.364347,-120.57462900000002,155,18533.502996352312
4391,37.363846,-120.5754,156,18622.144493979176
4391,37.36367,-120.57565799999998,157,18652.404213212354
4391,37.363823,-120.57585899999998,158,18677.168134974494
4391,37.363954,-120.576164,159,18708.04884122441
4391,37.364099,-120.576389,160,18733.832089211246
4391,37.364303,-120.576571,161,18761.806689047615
4391,37.364483,-120.576636,162,18782.73174855223
4391,37.364738,-120.576657,163,18811.27746623005
4391,37.365276,-120.576679,164,18871.40564407696
4391,37.365855,-120.57666799999998,165,18936.08907462663
4391,37.366168,-120.576685,166,18971.08492754419
4391,37.366141,-120.57784800000002,167,19074.817621946855
4391,37.366029,-120.577872,168,19087.509991589657
4391,37.366004,-120.577904,169,19091.502243598625
4391,37.366007,-120.57804199999998,170,19103.81039391012
4391,37.366048,-120.57806,171,19108.66323729005
4391,37.366025,-120.57816200000002,172,19118.113132516297
4391,37.365297,-120.57815499999998,173,19199.43506233772
4391,37.365285,-120.576732,174,19326.313074291906
4391,37.364977,-120.57672100000002,175,19360.731548899126
4391,37.364521,-120.576732,176,19411.67752101567
4391,37.364299,-120.57664599999998,177,19437.63394375876
4391,37.36406,-120.576453,178,19469.396082670435
4391,37.363924,-120.576185,179,19497.711070386977
4391,37.363822,-120.57596,180,19520.781694986963
4391,37.363719,-120.57590600000005,181,19533.25386570104
4391,37.363591,-120.57588499999996,182,19547.673931879344
4391,37.363421,-120.576099,183,19574.59335042244
4391,37.363105,-120.576614,184,19632.51022661287
4391,37.362986,-120.57670000000002,185,19647.855887121532
4391,37.362909,-120.57672100000002,186,19656.658449821
4391,37.362619,-120.57672100000002,187,19689.052297778602
4391,37.361457,-120.57669699999995,188,19818.868737281144
4391,37.360739,-120.57666799999998,189,19899.113114263495
4391,37.360534,-120.57672100000002,190,19922.494742215535
4391,37.360581,-120.578671,191,20096.441851739775
4391,37.360526,-120.579543,192,20174.43417059791
4391,37.360526,-120.583009,193,20483.471485397666
4391,37.360573,-120.584607,194,20626.049260101525
4391,37.360505,-120.58661899999998,195,20805.603698491952
4391,37.360513,-120.58929,196,21043.75595165971
4391,37.360534,-120.59058800000004,197,21159.51105488456
4391,37.360546,-120.591541,198,21244.4921464896
4391,37.360534,-120.593914,199,21456.075090376395
4391,37.360505,-120.59583499999997,200,21627.38316319469
4391,37.360526,-120.597075,201,21737.966866277875
4391,37.360483,-120.60004100000003,202,22002.459186893106
4391,37.3605,-120.602,203,22177.13337807373
4391,37.360492,-120.603517,204,22312.39121874707
4391,37.3605,-120.608,205,22712.092097583387
4391,37.3605,-120.612408,206,23105.10219883733
4391,37.360449,-120.61387000000002,207,23235.575578045933
4391,37.361447,-120.613859,208,23347.05269363323
4391,37.362739,-120.613832,209,23491.3842538209
4391,37.364193,-120.613859,210,23653.808357525122
4391,37.36742,-120.613827,211,24014.263253609213
4391,37.370473,-120.61370899999996,212,24355.433962866304
4391,37.37338,-120.613655,213,24680.17052689022
4391,37.374736,-120.613586,214,24831.755438152726
4391,37.376211,-120.613602,215,24996.51353704573
4391,37.379374,-120.61354799999998,216,25349.841471186675
4391,37.380917,-120.613403,217,25522.67269161778
4391,37.382443,-120.613495,218,25693.31828963283
4391,37.383841,-120.613468,219,25849.488161457437
4391,37.385393,-120.613495,220,26022.85740871149
4391,37.385878,-120.61348399999996,221,26077.038948315057
4391,37.386151,-120.61370899999996,222,26113.53518474654
4391,37.38633,-120.613902,223,26139.910104345123
4391,37.38656,-120.61415999999996,224,26174.38817446593
4391,37.386688,-120.614331,225,26195.2851507562
4391,37.387004,-120.61481400000002,226,26250.953160979956
4391,37.38708,-120.61477100000002,227,26260.267060371945
4391,37.387865,-120.614761,228,26347.952942636777
4391,37.389305,-120.614702,229,26508.8811063777
4391,37.389416,-120.61475000000002,230,26521.99664068245
4391,37.389382,-120.613409,231,26641.571095570478
4391,37.391905,-120.61337600000002,232,26923.39604044424
4391,37.392408,-120.613317,233,26979.824759354717
4391,37.393005,-120.61334399999998,234,27046.55081566961
4391,37.393013,-120.610523,235,27297.957437314166
4391,37.392998,-120.60903100000002,236,27430.934188092004
4391,37.392996,-120.608881,237,27444.30398893032
4391,37.390107,-120.608924,238,27767.019504839278
4391,37.386927,-120.60898299999997,239,28122.25501245285
4391,37.3855,-120.60899999999998,240,28281.65388510285
4391,37.38307,-120.60902099999998,241,28553.084136539506
4391,37.384169,-120.610844,242,28756.72647747483
4391,37.385005,-120.61217499999998,243,28907.699483435154
4391,37.386462,-120.61217499999998,244,29070.4412281391
4391,37.387085,-120.61217499999998,245,29140.028122794032
4391,37.38708,-120.61334399999998,246,29244.218044500634
4391,37.387085,-120.61352699999998,247,29260.537663967923
4391,37.386087,-120.61354799999998,248,29372.02619736325
4391,37.384182,-120.613607,249,29584.87244460906
4391,37.380904,-120.613698,250,29951.10241486515
4391,37.378491,-120.61365,251,30220.65930181213
4391,37.375128,-120.61372,252,30596.345450312092
4391,37.372809,-120.61373600000002,253,30855.37286206191
4391,37.369893,-120.613811,254,31181.147579446515
4391,37.367352,-120.613881,255,31465.036182351727
4391,37.364231,-120.61393399999996,256,31813.671976613452
4391,37.363749,-120.61402,257,31868.052748148093
4391,37.361732,-120.613993,258,32093.356773673782
4391,37.360368,-120.61393399999996,259,32245.801140472802
4391,37.360346,-120.613102,260,32320.02134018185
4391,37.3604,-120.608,261,32774.947859412554
4391,37.3604,-120.602,262,33309.90331906019
4391,37.360385,-120.59775,263,33688.83699439039
4391,37.360424,-120.59677899999996,264,33775.521230614635
4391,37.360402,-120.593898,265,34032.4047450719
4391,37.360406,-120.590755,266,34312.63834927568
4391,37.360449,-120.58641,267,34700.07521205336
4391,37.360453,-120.585621,268,34770.42539299003
4391,37.360445,-120.583583,269,34952.140023981665
4391,37.36047,-120.58077200000002,270,35202.79130459137
4391,37.360411,-120.579275,271,35336.43063418169
4391,37.36047,-120.576566,272,35578.06340561237
4391,37.360473,-120.576073,273,35622.02219472622
4391,37.360476,-120.57550100000005,274,35673.024751027835
4391,37.360481,-120.573984,275,35808.28697952245
4391,37.360486,-120.573415,276,35859.02418510017
4391,37.360461,-120.57304299999998,277,35892.3104528385
4391,37.360414,-120.572923,278,35904.22875632234
4391,37.360301,-120.572741,279,35924.78770932577
4391,37.360218,-120.57253000000004,280,35945.76177482695
4391,37.360157,-120.572356,281,35962.70673176674
4391,37.359997,-120.57210399999995,282,35991.41743997197
4391,37.359864,-120.571888,283,36015.74127529262
4391,37.359742,-120.571683,284,36038.541110164646
4391,37.359666,-120.57155799999998,285,36052.55168492487
4391,37.35952,-120.571282,286,36082.074665768225
4391,37.359452,-120.57115499999998,287,36095.71027442914
4391,37.359156,-120.57068099999998,288,36149.37158669294
4391,37.35901,-120.570442,289,36176.206630453475
4391,37.358962,-120.570268,290,36192.62187499041
4391,37.359077,-120.570149,291,36209.283416615166
4391,37.3592,-120.570092,292,36223.932926364956
4391,37.359406,-120.570068,293,36247.04327071064
4391,37.359498,-120.570068,294,36257.320051487244
4391,37.35969,-120.57007099999998,295,36278.768914129505
4391,37.359894,-120.570086,296,36301.5957744401
4391,37.36016,-120.570092,297,36331.313889947756
4391,37.360406,-120.570092,298,36358.79310668223
4391,37.360631,-120.57009600000004,299,36383.92906689557
4391,37.361107,-120.570108,300,36437.11099726451
4391,37.361365,-120.570107,301,36465.930800371774
4391,37.361461,-120.57012299999997,302,36476.74887456568
4391,37.36169,-120.570307,303,36507.13809172161
4391,37.362336,-120.570963,304,36600.026818230865
4391,37.362372,-120.571012,305,36605.964725472324
4391,37.363102,-120.571759,306,36711.25206600954
4391,37.363765,-120.572433,307,36806.62566388035
4391,37.364531,-120.573196,308,36915.938336479354
4391,37.364552,-120.5732,309,36918.311066601724
4391,37.364855,-120.57271400000002,310,36973.29426651974
4391,37.365523,-120.57167900000002,311,37091.96707468193
4391,37.365593,-120.571636,312,37100.675628064695
4391,37.365682,-120.57169899999997,313,37112.094308301464
4391,37.36634,-120.57240000000002,314,37208.57521641104
4391,37.366356,-120.572516,315,37219.070701786404
4391,37.365856,-120.57326899999998,316,37306.40092021674
4391,37.365327,-120.574089,317,37400.404730387694
4391,37.364995,-120.57457,318,37457.10091418475
4391,37.364799,-120.57471800000002,319,37482.66377042932
4391,37.364615,-120.57475499999998,320,37503.48022791481
4391,37.364462,-120.574723,321,37520.80733748806
4391,37.364347,-120.57464700000004,322,37535.33082647727
4391,37.36386,-120.57540699999998,323,37622.226445049215
4391,37.363693,-120.575654,324,37651.08771750635
4391,37.363856,-120.575879,325,37678.17932918064
4391,37.363975,-120.57615800000002,326,37706.38361180135
4391,37.364129,-120.576373,327,37732.13969231806
4391,37.364325,-120.57655499999998,328,37759.391296345486
4391,37.364504,-120.57660900000002,329,37779.957606753334
4391,37.36476,-120.57664599999998,330,37808.74320953427
4391,37.365305,-120.57664599999998,331,37869.6213084356
4391,37.365885,-120.57664599999998,332,37934.40900946269
4391,37.366192,-120.57664599999998,333,37968.70180960217
4391,37.366167,-120.577851,334,38076.171472891634
4391,37.366041,-120.57788800000004,335,38090.62742989729
4391,37.366018,-120.57790999999996,336,38093.85974262187
4391,37.366039,-120.578104,337,38111.31442679504
4391,37.365277,-120.57813399999998,338,38196.47387182113
4391,37.365277,-120.576751,339,38319.77853171612
4391,37.365004,-120.576748,340,38350.27460044019
4391,37.364555,-120.576754,341,38400.43206212253
4391,37.364316,-120.57670000000002,342,38427.55971725971
4391,37.364069,-120.576485,343,38461.1558298652
4391,37.363915,-120.576217,344,38490.598508033276
4391,37.363813,-120.575992,345,38513.66913354399
4391,37.363711,-120.575938,346,38526.03833436475
4391,37.363617,-120.575917,347,38536.70405277265
4391,37.363455,-120.57610999999996,348,38561.67544411491
4391,37.363131,-120.576636,349,38620.914598203104
4391,37.36302,-120.57672100000002,350,38635.44632832792
4391,37.362943,-120.576732,351,38644.10318961257
4391,37.362645,-120.57674299999996,352,38677.405105298814
4391,37.361449,-120.576791,353,38811.070326681875
4391,37.360547,-120.576679,354,38912.32003592644
4391,37.360342,-120.576679,355,38935.21913771591
4391,37.359234,-120.57670000000002,356,39059.00015256331
4391,37.358206,-120.57663000000002,357,39174.00028008729
4391,37.355678,-120.57670000000002,358,39456.45429648927
4391,37.355482,-120.57660900000002,359,39479.803404525424
4391,37.354893,-120.57665199999995,360,39545.70807694743
4391,37.353162,-120.576748,361,39739.255272944974
4391,37.352693,-120.576791,362,39791.78408372689
4391,37.350561,-120.576866,363,40030.028608673914
4391,37.34842,-120.57685600000002,364,40269.186225323596
4391,37.345546,-120.57689800000004,365,40590.24227340301
4391,37.342449,-120.57703300000004,366,40936.3956322914
4391,37.340172,-120.57705900000002,367,41190.753708659744
4391,37.338513,-120.57709699999998,368,41376.09980691851
4391,37.338483,-120.576915,369,41392.674602553365
4391,37.338534,-120.57663000000002,370,41418.72419471739
4391,37.338573,-120.57149600000002,371,41876.64597903297
4391,37.338585,-120.569281,372,42074.207318882785
4391,37.338573,-120.567586,373,42225.39151400851
4391,37.338739,-120.56539199999996,374,42421.9529474398
4391,37.338543,-120.56266700000003,375,42665.983324462264
4391,37.338715,-120.55881499999998,376,43010.08683373151
4391,37.337306,-120.558836,377,43167.49204627906
4391,37.33435,-120.55886299999996,378,43497.70442155925
4391,37.330848,-120.55897600000004,379,43889.029420364044
4391,37.329598,-120.55898100000002,380,44028.662893745015
4391,37.328331,-120.55899699999998,381,44170.20185709279
4391,37.328212,-120.559078,382,44185.331746802935
4391,37.328054,-120.55886299999996,383,44211.39592591114
4391,37.327811,-120.55858999999998,384,44247.863662598415
4391,37.327687,-120.558429,385,44267.81696097988
4391,37.327564,-120.558182,386,44293.78364685809
4391,37.326975,-120.556508,387,44456.96649271002
4391,37.326173,-120.55434100000002,388,44670.0287593483
4391,37.325934,-120.55370800000004,389,44732.4905921845
4391,37.326263,-120.553536,390,44772.31665810256
4391,37.326292,-120.55344000000002,391,44781.47282334747
4391,37.326288,-120.552844,392,44834.64247030038
4391,37.32628,-120.551782,393,44929.38536304645
4391,37.326271,-120.55082700000004,394,45014.5848889401
4391,37.326241,-120.550044,395,45084.51517847154
4391,37.324966,-120.55006600000002,396,45226.95620111912
4391,37.324646,-120.55010900000002,397,45262.907946210544
4391,37.324219,-120.54905200000002,398,45368.581242598426
4391,37.323601,-120.547346,399,45535.701110015405
4391,37.323328,-120.546563,400,45611.92096565987
4391,37.323157,-120.54602599999998,401,45663.49590668337
4391,37.323097,-120.54569400000004,402,45693.86336653545
4391,37.323072,-120.54470700000002,403,45781.960544648464
4391,37.323029,-120.541896,404,46032.78424271375
4391,37.32302,-120.540951,405,46117.096795550766
4391,37.324206,-120.54093,406,46249.59752180318
4391,37.326548,-120.540892,407,46511.24316516084
4391,37.328553,-120.54086,408,46735.238935828274
4391,37.330882,-120.54080699999996,409,46995.4533618259
4391,37.331633,-120.540796,410,47079.35295157888
4391,37.331637,-120.54064,411,47093.27580263527
4391,37.331659,-120.538833,412,47254.484713646685
4391,37.331676,-120.53458899999998,413,47633.06961838171
4391,37.331701,-120.53179999999998,414,47881.87553572782
4391,37.331718,-120.528302,415,48193.918783594316
4391,37.33171,-120.52798,416,48222.65663193329
4391,37.33142,-120.528013,417,48255.1865425143
4391,37.33084,-120.52802300000002,418,48319.98556137118
4391,37.328801,-120.52804500000002,419,48547.77449599687
4391,37.326305,-120.528072,420,48826.6176986426
4391,37.324142,-120.52811400000002,421,49068.27949468762
4391,37.321771,-120.52815699999996,422,49333.176079425044
4391,37.320755,-120.52817900000002,423,49446.692290174164
4391,37.319736,-120.52815699999996,424,49560.543589002955
4391,37.317577,-120.52819,425,49801.7474542249
4391,37.316604,-120.52822200000004,426,49910.48057749735
4391,37.316289,-120.527374,427,49993.924615426804
4391,37.315009,-120.523887,428,50336.33634561679
4391,37.31416,-120.52157,429,50563.79094646505
4391,37.314015,-120.521119,430,50607.170137987276
4391,37.313852,-120.52053999999998,431,50661.94782969315
4391,37.31375,-120.52000299999996,432,50711.19922994142
4391,37.313682,-120.51924200000002,433,50779.52506353081
4391,37.314962,-120.519252,434,50922.52112415857
4391,37.315956,-120.519252,435,51033.56433752093
4391,37.316143,-120.519199,436,51054.98331269911
4391,37.316289,-120.518823,437,51092.28644209019
4391,37.316297,-120.517589,438,51202.39341057985
4391,37.316297,-120.512386,439,51666.63221009764
4391,37.31631,-120.507043,440,52143.36883518201
4391,37.316318,-120.50508000000002,441,52318.52274044914
4391,37.315124,-120.50511699999998,442,52451.95259908016
4391,37.312897,-120.50512300000004,443,52700.74490291686
4391,37.311216,-120.505203,444,52888.675267895436
4391,37.310414,-120.505198,445,52978.27267471216
4391,37.309586,-120.50520799999998,446,53070.77789375613
4391,37.309415,-120.505198,447,53089.902173803355
4391,37.309185,-120.50516500000003,448,53115.765065953994
4391,37.308929,-120.50509,449,53145.13703759078
4391,37.308297,-120.50483300000002,450,53219.37287602597
4391,37.308101,-120.504704,451,53244.11081309896
4391,37.307982,-120.504575,452,53261.696365748765
4391,37.307854,-120.504275,453,53292.04713932973
4391,37.307307,-120.502773,454,53439.354770081816
4391,37.307,-120.50201099999998,455,53515.5138049889
4391,37.307009,-120.501893,456,53526.09181307399
4391,37.30616,-120.49960299999998,457,53751.38703062473
4391,37.305072,-120.497135,458,54002.94633700465
4391,37.303723,-120.49294500000002,459,54406.100356123134
4391,37.301948,-120.48810400000002,460,54881.470999986246
4391,37.301923,-120.488088,461,54883.55144572317
20190,37.301814,-120.488202,0,0
20190,37.301922,-120.488332,1,16.738809310349517
20190,37.301807,-120.488482,2,35.29343942808666
20190,37.301819,-120.488636,3,49.10262290975807
20190,37.301163,-120.489029,4,130.3508643828524
20190,37.300339,-120.489501,5,231.58771825485624
20190,37.298795,-120.490397,6,421.7163724767745
20190,37.298201,-120.488745,7,583.4036471911963
20190,37.29748,-120.486814,8,773.6424536941918
20190,37.296793,-120.484979,9,954.5128221314205
20190,37.295991,-120.482919,10,1159.045141188393
20190,37.295257,-120.483413,11,1252.149991529758
20190,37.290554,-120.486159,12,1831.925322373755
20190,37.288343,-120.487576,13,2109.437344056417
20190,37.283367,-120.487726,14,2665.514094357826
20190,37.277775,-120.487833,15,3290.3216887302706
20190,37.271065,-120.48794,16,4040.0193107812693
20190,37.260289,-120.488048,17,5243.945504403615
20190,37.258411,-120.487983,18,5453.834709288775
20190,37.246472,-120.488133,19,6787.719334287957
20190,37.234138,-120.488112,20,8165.6672867353755
20190,37.222008,-120.488091,21,9520.824874175541
20190,37.211464,-120.488069,22,10698.796136284038
20190,37.200441,-120.488198,23,11930.333460704538
20190,37.189057,-120.488262,24,13202.160482802548
20190,37.185707,-120.488219,25,13576.440404028071
20190,37.18516,-120.488284,26,13637.826523783471
20190,37.184459,-120.48852,27,13718.933231786294
20190,37.183843,-120.488884,28,13795.056340484974
20190,37.183348,-120.489228,29,13858.331411982965
20190,37.182219,-120.490065,30,14004.983438173627
20190,37.181672,-120.490537,31,14079.24400592608
20190,37.181211,-120.490794,32,14135.637943116955
20190,37.180954,-120.491095,33,14174.986761907354
20190,37.180117,-120.491567,34,14277.573798705695
20190,37.179245,-120.491953,35,14380.922945994782
20190,37.178561,-120.49191,36,14457.435220232735
20190,37.176082,-120.491953,37,14734.412798565443
20190,37.167584,-120.491974,38,15683.80105852582
20190,37.159786,-120.492039,39,16555.003756452177
20190,37.156828,-120.492103,40,16885.51755446134
20190,37.150842,-120.492167,41,17554.290847176206
20190,37.149491,-120.492167,42,17705.222963769644
20190,37.142821,-120.492189,43,18450.390088138964
20190,37.142256,-120.492168,44,18513.539161676785
20190,37.136637,-120.492125,45,19141.299102643534
20190,37.127681,-120.492382,46,20142.11704262243
20190,37.124054,-120.492275,47,20547.43429455926
20190,37.120376,-120.492339,48,20958.37609920558
20190,37.1136,-120.492339,49,21715.383037711646
20190,37.106037,-120.492404,50,22560.3327977845
20190,37.098592,-120.492382,51,23392.08213460548
20190,37.090753,-120.492425,52,24267.854943680883
20190,37.085361,-120.492489,53,24870.270437400715
20190,37.084437,-120.492597,54,24973.95029714928
20190,37.084026,-120.492897,55,25027.14182304081
20190,37.083513,-120.493348,56,25097.242910515964
20190,37.083239,-120.493927,57,25157.432638486633
20190,37.082879,-120.494828,58,25247.5509197851
20190,37.082229,-120.496609,59,25422.72421173001
20190,37.08163,-120.49824,60,25583.318517041927
20190,37.075895,-120.512273,61,26993.383439722205
20190,37.07206,-120.521672,62,27937.530514933016
20190,37.071067,-120.524032,63,28176.14360239189
20190,37.070365,-120.526178,64,28383.63833729648
20190,37.068345,-120.533538,65,29080.06511676983
20190,37.067386,-120.536456,66,29362.39720262146
20190,37.06665,-120.538001,67,29523.298247122264
20190,37.065537,-120.539825,68,29728.53256864302
20190,37.064424,-120.54137,69,29914.513123632034
20190,37.062044,-120.54358,70,30245.919107083806
20190,37.059355,-120.546048,71,30618.81486049086
20190,37.057797,-120.5477,72,30847.212628897923
20190,37.056273,-120.549781,73,31099.591693002498
20190,37.055845,-120.550618,74,31188.482267717805
20190,37.055263,-120.551927,75,31322.504315483293
20190,37.054321,-120.55418,76,31550.017826158943
20190,37.053996,-120.556154,77,31730.445450630043
20190,37.053191,-120.561476,78,32215.349593527008
20190,37.052454,-120.566862,79,32704.55066616086
20190,37.050827,-120.578191,80,33735.02382422712
20190,37.049851,-120.585036,81,34357.50039655957
20190,37.048978,-120.590465,82,34853.262623166374
20190,37.048721,-120.592074,83,35000.15461754817
20190,37.048396,-120.593791,84,35158.11222139713
20190,37.048122,-120.595722,85,35333.69009037549
20190,37.048036,-120.599327,86,35656.60165959957
20190,37.047933,-120.611107,87,36711.35835249918
20190,37.047933,-120.617974,88,37326.169723922554
20190,37.048276,-120.622995,89,37777.33055343145
20190,37.048601,-120.625355,90,37991.71533230183
20190,37.04932,-120.628917,91,38320.571411020646
20190,37.049851,-120.631235,92,38536.40396316579
20190,37.050451,-120.633187,93,38723.56809854676
20190,37.050725,-120.634367,94,38833.55165147253
20190,37.051146,-120.635502,95,38945.51522463607
20190,37.051146,-120.635578,96,38952.31907890206
20190,37.049943,-120.635577,97,39086.68543783941
20190,37.048542,-120.635584,98,39243.16818006149
20190,37.048689,-120.636222,99,39302.59961560002
20190,37.048513,-120.63597,100,39332.52330007464
20190,37.048327,-120.636026,101,39353.89452366281
20190,37.04831,-120.635546,102,39396.90976198192
20190,37.051188,-120.635526,103,39718.36639054062
20190,37.051249,-120.636019,104,39763.02464898482
20190,37.051504,-120.637651,105,39911.87794999317
20190,37.051744,-120.638895,106,40026.42580162941
20190,37.052429,-120.640976,107,40227.821053958345
20190,37.053062,-120.642865,108,40411.11184679273
20190,37.053636,-120.644732,109,40590.12096935888
20190,37.054013,-120.64647,110,40751.30356128211
20190,37.054304,-120.648251,111,40914.016243483944
20190,37.054424,-120.649785,112,41051.990300031764
20190,37.054449,-120.652714,113,41314.203950566654
20190,37.054475,-120.655096,114,41527.45506316511
20190,37.054484,-120.662595,115,42198.74406567915
20190,37.054535,-120.671693,116,43013.178678987904
20190,37.054561,-120.673785,117,43200.466437769435
20190,37.054603,-120.680673,118,43817.05839325931
20190,37.054612,-120.683463,119,44066.80311420535
20190,37.054655,-120.694932,120,45093.43261125122
20190,37.054689,-120.698655,121,45426.70482218067
20190,37.054535,-120.700768,122,45616.62183173244
20190,37.054672,-120.706744,123,46151.75461534649
20190,37.054912,-120.721872,124,47506.10637777103
20190,37.05522,-120.737697,125,48922.957487475105
20190,37.055485,-120.753522,126,50339.65869257071
20190,37.055734,-120.769926,127,51808.093556512205
20190,37.056042,-120.786073,128,53253.629599126245
20190,37.056187,-120.796148,129,54155.44732074795
20190,37.056282,-120.801523,130,54636.598653805246
20190,37.05646,-120.806249,131,55060.01351618899
20190,37.056487,-120.808384,132,55251.10543793503
20190,37.056547,-120.809966,133,55392.84172518095
20190,37.056705,-120.815133,134,55855.58510655909
20190,37.056744,-120.816629,135,55989.53557334674
20190,37.056902,-120.8177,136,56086.99110379376
20190,37.056949,-120.81804,137,56117.86739072106
20190,37.057013,-120.818491,138,56158.85565359097
20190,37.057073,-120.818861,139,56192.63829000853
20190,37.057099,-120.819198,140,56222.93612568823
20190,37.05712,-120.819455,141,56246.05448649151
20190,37.057136,-120.819746,142,56272.15750215035
20190,37.057142,-120.820078,143,56301.875961879006
20190,37.057134,-120.820563,144,56345.28810738099
20190,37.05733,-120.82057,145,56367.182319203486
20190,37.057572,-120.820588,146,56394.25187074585
20190,37.057937,-120.820601,147,56435.02416154046
20190,37.058,-120.820647,148,56443.17465537607
20190,37.058002,-120.82128,149,56499.82195459424
20190,37.05799,-120.822712,150,56627.977733719454
20190,37.05799,-120.823149,151,56667.08453227833
20190,37.057937,-120.823177,152,56673.5110683548
20190,37.05745,-120.823169,153,56727.89369751603
20190,37.057147,-120.823169,154,56761.72636461257
20190,37.057112,-120.823957,155,56832.35283048186
20190,37.057086,-120.825609,156,56980.2188750328
20190,37.057078,-120.828173,157,57209.6723530111
20190,37.057044,-120.828441,158,57233.95417150235
20190,37.057027,-120.833334,159,57671.829157960565
20190,37.057009,-120.83402,160,57733.25141257296
20190,37.057001,-120.835211,161,57839.83625700995
20190,37.057009,-120.837389,162,58034.744279625804
20190,37.056958,-120.837647,163,58058.52415988824
20190,37.056949,-120.838451,164,58130.479788986544
20190,37.056958,-120.838859,165,58167.004816111665
20190,37.057836,-120.838891,166,58265.080755008916
20190,37.058033,-120.838902,167,58287.09903584038
20190,37.058131,-120.838961,168,58299.24850154593
20190,37.058229,-120.839041,169,58312.324601782726
20190,37.059338,-120.841509,170,58565.520493373384
20190,37.059878,-120.842727,171,58690.07841075752
20190,37.06049,-120.844084,172,58829.41437677434
20190,37.060729,-120.844604,173,58883.05460037528
20190,37.061235,-120.84572,174,58997.79116922312
20190,37.06192,-120.847169,175,59148.327410985905
20190,37.062583,-120.848655,176,59300.51327028112
20190,37.062947,-120.849448,177,59382.28586305795
20190,37.063191,-120.850011,178,59439.55756031888
20190,37.063741,-120.849614,179,59510.50161999005
20190,37.064513,-120.84903,180,59611.30121706419
20190,37.065127,-120.848614,181,59689.31033021299
20190,37.064916,-120.848107,182,59740.427955167244
20190,37.064779,-120.847799,183,59771.947647529545
20190,37.064398,-120.846933,184,59860.34481206115
20190,37.064045,-120.846152,185,59940.57613180703
20190,37.063518,-120.84498,186,60060.82596592924
20190,37.06326,-120.844527,187,60110.553975429655
20190,37.062808,-120.84483,188,60167.84375256
20190,37.062276,-120.845205,189,60236.06673504714
20190,37.062171,-120.845223,190,60247.900637597326
20190,37.06177,-120.845507,191,60299.383509120926
20190,37.061736,-120.845565,192,60305.81367520253
20190,37.061681,-120.845608,193,60313.060539333004
20190,37.061498,-120.84572,194,60335.818863332
20190,37.0614,-120.84579,195,60348.42702580417
20190,37.061377,-120.845845,196,60353.97825815306
20190,37.061365,-120.845915,197,60360.38369498599
20190,37.061397,-120.845996,198,60368.46454006818
20190,37.061541,-120.846307,199,60400.60417525762
20190,37.061714,-120.846684,200,60439.47754180658
20190,37.061935,-120.847165,201,60489.08977653993
20190,37.062596,-120.848646,202,60640.77608828838
20190,37.062959,-120.849443,203,60722.80421971193
20190,37.063228,-120.850091,204,60788.10418141346
20190,37.062467,-120.850658,205,60887.06744629267
20190,37.062258,-120.85079,206,60913.22205339863
20190,37.062664,-120.851685,207,61005.24636968825
20190,37.062857,-120.852147,208,61051.86527511503
20190,37.063268,-120.852957,209,61137.64943538514
20190,37.063341,-120.853204,210,61161.20571258368
20190,37.063422,-120.853413,211,61181.97878660666
20190,37.063491,-120.853681,212,61207.16615304653
20190,37.063486,-120.854496,213,61280.093079076796
20190,37.063473,-120.855703,214,61388.102942880345
20190,37.063473,-120.857919,215,61586.385971869415
20190,37.063472,-120.859261,216,61706.465029358355
20190,37.063439,-120.85963,217,61739.68719509976
20190,37.063294,-120.860403,218,61810.722830449464
20190,37.062926,-120.86139,219,61908.12758023976
20190,37.062438,-120.862141,220,61994.63961506752
20190,37.06177,-120.862784,221,62088.83600275058
20190,37.061076,-120.863267,222,62177.56024114567
20190,37.060597,-120.863482,223,62234.39641969675
20190,37.058842,-120.86434,224,62444.84911564018
20190,37.056907,-120.865311,225,62677.712567648356
20190,37.055605,-120.865982,226,62834.99524196988
20190,37.053636,-120.866985,227,63072.45321737637
20190,37.052504,-120.86751,228,63207.29193183343
20190,37.052817,-120.868476,229,63300.5350674129
20190,37.053001,-120.869538,230,63397.76718804454
20190,37.052971,-120.870557,231,63489.01746694596
20190,37.05297,-120.871877,232,63607.142147125654
20190,37.053385,-120.871904,233,63653.53998988276
20190,37.053334,-120.872757,234,63730.08511384169
20190,37.053205,-120.87383,235,63827.179612740394
20190,37.053231,-120.87477,236,63911.348052584195
20190,37.053239,-120.875301,237,63958.874308449755
20190,37.053196,-120.875923,238,64014.74215840142
20190,37.053158,-120.876615,239,64076.81260364979
20190,37.053173,-120.877168,240,64126.32742142036
20190,37.053636,-120.877165,241,64178.02179164387
20190,37.054073,-120.877224,242,64227.09740765359
20190,37.054302,-120.877364,243,64255.569492823066
20190,37.054574,-120.877547,244,64290.07199979098
20190,37.055524,-120.878132,245,64408.35367890997
20190,37.055527,-120.878728,246,64461.687369733416
20190,37.055571,-120.880458,247,64616.57279100257
20190,37.05454,-120.880472,248,64731.68954072245
20190,37.054439,-120.879693,249,64802.30477228979
20190,37.054513,-120.879009,250,64864.067892412735
20190,37.05452,-120.878572,251,64903.180840037116
20190,37.054491,-120.878276,252,64929.8657106075
20190,37.054483,-120.877786,253,64973.72274384859
20190,37.0542393523863,-120.87760566222,254,65005.352354679206
20190,37.054032,-120.877481,255,65031.05067005197
20190,37.053738,-120.877408,256,65064.519287211755
20190,37.053587,-120.877381,257,65081.55059426654
20190,37.05346,-120.877353,258,65095.949745083904
20190,37.053103,-120.877375,259,65135.85715919595
20190,37.053112,-120.876595,260,65205.66454377218
20190,37.053152,-120.875932,261,65265.16256876124
20190,37.053182,-120.875509,262,65303.16367693321
20190,37.053186,-120.875058,263,65343.52502128021
20190,37.053179,-120.874492,264,65394.18103123066
20190,37.053152,-120.873843,265,65452.336734665056
20190,37.05325,-120.872894,266,65537.96260411512
20190,37.053276,-120.872008,267,65617.30194697737
20190,37.052908,-120.872024,268,65658.41420200965
20190,37.052925,-120.869551,269,65879.7273503632
20190,37.052745,-120.868478,270,65977.8294717293
20190,37.052368,-120.867427,271,66080.87213191274
20190,37.053601,-120.866826,272,66228.6709608578
20190,37.055561,-120.865886,273,66463.11768381798
20190,37.056847,-120.865252,274,66617.50359221111
20190,37.057977,-120.864699,275,66753.02721666502
20190,37.059783,-120.863809,276,66969.82732198239
20190,37.061025,-120.863171,277,67119.79035699993
20190,37.061676,-120.862779,278,67200.4965580649
20190,37.062433,-120.862044,279,67307.59003894158
20190,37.062874,-120.861341,280,67387.47274555985
20190,37.063259,-120.860327,281,67487.8711104916
20190,37.063388,-120.859523,282,67561.23879907528
20190,37.063358,-120.859262,283,67584.83145591422
20190,37.063414,-120.858327,284,67668.72644749944
20190,37.063426,-120.856492,285,67832.92382264764
20190,37.063443,-120.854046,286,68051.79564652986
20190,37.063443,-120.85371,287,68081.86037311991
20190,37.063422,-120.85359,288,68092.850808
20190,37.063366,-120.853423,289,68109.04912209016
20190,37.063225,-120.853075,290,68143.94119844642
20190,37.062553,-120.851567,291,68298.33378937472
20190,37.062176,-120.850757,292,68382.14934027418
20190,37.062472,-120.850532,293,68420.84838090032
20190,37.062664,-120.850425,294,68444.32684802165
20190,37.06287,-120.850291,295,68470.26526172303
20190,37.063769,-120.849663,296,68585.30092859344
20190,37.064531,-120.849078,297,68685.19425160644
20190,37.065181,-120.848628,298,68768.19087466448
20190,37.064815,-120.847936,299,68842.37893114463
20190,37.064802,-120.847777,300,68856.6797205763
20190,37.064423,-120.846922,301,68944.10705421204
20190,37.064068,-120.846141,302,69024.44829369718
20190,37.063534,-120.844969,303,69145.0824870484
20190,37.063266,-120.844501,304,69196.55152378377
20190,37.062802,-120.844817,305,69255.57342243359
20190,37.06231,-120.845168,306,69318.85234795783
20190,37.062162,-120.845203,307,69335.67145366422
20190,37.061753,-120.845481,308,69387.67407225544
20190,37.061702,-120.845504,309,69393.72898172095
20190,37.061639,-120.84554,310,69401.46577105038
20190,37.061481,-120.845638,311,69421.16656279379
20190,37.061366,-120.845705,312,69435.33756656336
20190,37.06121,-120.845797,313,69454.60319287039
20190,37.060948,-120.845216,314,69514.2576613384
20190,37.059968,-120.843054,315,69736.5212126536
20190,37.05891,-120.840715,316,69976.86195535165
20190,37.058187,-120.839111,317,70141.54170654526
20190,37.058092,-120.839004,318,70155.83148502394
20190,37.057943,-120.838966,319,70172.81222286866
20190,37.056894,-120.838961,320,70289.94039190888
20190,37.056868,-120.836837,321,70480.0359869643
20190,37.056871,-120.835276,322,70619.72825910756
20190,37.056865,-120.833197,323,70805.77702767079
20190,37.056952,-120.828994,324,71182.02625622095
20190,37.056945,-120.828447,325,71230.98333780063
20190,37.056893,-120.828162,326,71257.1404730302
20190,37.056907,-120.825631,327,71483.64499068187
20190,37.057005,-120.823935,328,71635.81433475376
20190,37.057012,-120.823115,329,71709.20056352184
20190,37.057189,-120.823103,330,71728.9933565654
20190,37.057908,-120.823119,331,71809.28892869802
20190,37.058109,-120.823152,332,71831.92583800503
20190,37.058546,-120.823131,333,71880.75698375235
20190,37.058803,-120.823114,334,71909.4936370195
20190,37.058482,-120.82261,335,71967.10349519581
20190,37.058333,-120.822174,336,72009.51968055654
20190,37.058318,-120.821384,337,72080.23583297213
20190,37.058319,-120.820625,338,72148.15817068347
20190,37.057982,-120.820603,339,72185.83886347084
20190,37.057985,-120.821281,340,72246.51369127595
20190,37.05797,-120.82271,341,72374.40499685606
20190,37.05797,-120.823135,342,72412.43793511554
20190,37.057931,-120.823155,343,72417.14609207201
20190,37.057452,-120.823148,344,72470.63440712856
20190,37.057383,-120.823137,345,72478.40150857957
20190,37.057275,-120.823128,346,72490.48754375847
20190,37.056969,-120.823136,347,72524.66268940394
20190,37.05697,-120.822641,348,72568.96060874377
20190,37.056982,-120.821849,349,72639.84978527315
20190,37.056992,-120.821545,350,72667.07783569442
20190,37.056989,-120.821081,351,72708.60285369374
20190,37.056991,-120.820845,352,72729.72384232472
20190,37.056988,-120.820459,353,72764.26889857762
20190,37.056991,-120.820098,354,72796.57681759875
20190,37.056976,-120.819732,355,72829.37327138497
20190,37.056957,-120.819436,356,72855.94740962611
20190,37.056945,-120.819203,357,72876.84181816629
20190,37.056918,-120.818873,358,72906.52735293657
20190,37.056868,-120.818525,359,72938.16674663532
20190,37.056788,-120.818057,360,72980.99068895781
20190,37.056749,-120.817727,361,73010.84219773996
20190,37.056671,-120.816629,362,73109.48918717893
20190,37.056624,-120.815127,363,73244.00834766669
20190,37.056474,-120.810004,364,73702.78392982055
20190,37.0562,-120.808368,365,73852.3573160871
20190,37.055896,-120.806442,366,74028.03305839031
20190,37.055841,-120.803964,367,74249.88494133278
20190,37.055794,-120.799157,368,74680.11881793001
20190,37.055669,-120.792773,369,75251.63033314903
20190,37.055575,-120.786749,370,75790.86119598243
20190,37.055451,-120.778729,371,76508.7681369476
20190,37.055211,-120.764229,372,77806.79135625823
20190,37.05492,-120.747621,373,79293.6008563698
20190,37.054595,-120.728652,374,80991.81350445117
20190,37.054218,-120.708203,375,82822.65682107907
20190,37.054064,-120.699148,376,83633.36082725461
20190,37.054167,-120.690072,377,84445.85572366454
20190,37.054081,-120.674558,378,85834.60993855934
20190,37.05403,-120.659709,379,87163.85021953458
20190,37.053961,-120.649538,380,88074.37270945261
20190,37.05367,-120.64647,381,88350.93471307206
20190,37.053174,-120.644131,382,88567.5272101843
20190,37.052249,-120.641384,383,88834.26366095613
20190,37.051221,-120.638938,384,89081.514084792
20190,37.050558,-120.63735,385,89241.80904210704
20190,37.049932,-120.63566,386,89408.48167829038
20190,37.049905,-120.635588,387,89415.5981091922
20190,37.048531,-120.635596,388,89569.06556176252
20190,37.048678,-120.636268,389,89631.42813796998
20190,37.048508,-120.636009,390,89661.39809726193
20190,37.048292,-120.636075,391,89686.23675884411
20190,37.048273,-120.635501,392,89737.66949969523
20190,37.049866,-120.63547,393,89915.61765912935
20190,37.04977,-120.63418,394,90031.60300375412
20190,37.049624,-120.632608,395,90173.28017903051
20190,37.049487,-120.631283,396,90292.88609294854
20190,37.048866,-120.628236,397,90574.35678690717
20190,37.048194,-120.624642,398,90904.76195801867
20190,37.047642,-120.620828,399,91251.75145237516
20190,37.047471,-120.614862,400,91786.2363061125
20190,37.047539,-120.606108,401,92570.03967849903
20190,37.047591,-120.595765,402,93496.10515182743
20190,37.048396,-120.59098,403,93933.86142531066
20190,37.049526,-120.584114,404,94561.42666804
20190,37.051204,-120.572762,405,95594.95180662484
20190,37.052574,-120.562828,406,96497.4466988922
20190,37.053722,-120.554717,407,97234.8868359136
20190,37.054321,-120.552614,408,97434.71087067427
20190,37.055485,-120.550275,409,97681.21110332954
20190,37.057078,-120.547636,410,97977.00051440595
20190,37.06004,-120.544953,411,98385.87898095197
20190,37.064098,-120.541306,412,98944.53574150335
20190,37.066273,-120.538151,413,99317.10415325536
20190,37.067557,-120.534611,414,99664.95548374913
20190,37.069303,-120.528216,415,100269.74558362944
20190,37.070622,-120.524311,416,100649.09952572107
20190,37.073293,-120.517809,417,101303.16403931628
20190,37.077983,-120.506458,418,102446.364745147
20190,37.080859,-120.499291,419,103163.84629668017
20190,37.08151,-120.497146,420,103369.15581806452
20190,37.081617,-120.495611,421,103507.07055001087
20190,37.081869,-120.494404,422,103618.71533799627
20190,37.082396,-120.493401,423,103726.07560435327
20190,37.082858,-120.492902,424,103794.3318932416
20190,37.083453,-120.492532,425,103868.597652143
20190,37.084095,-120.492361,426,103941.93609681906
20190,37.08469,-120.492355,427,104008.41102178374
20190,37.085755,-120.492371,428,104127.40028367286
20190,37.087103,-120.492323,429,104278.0586477672
20190,37.088558,-120.492328,430,104440.61028623447
20190,37.090432,-120.492312,431,104649.97642696177
20190,37.092516,-120.492328,432,104882.80303705577
20190,37.094814,-120.492307,433,105139.53995949287
20190,37.099345,-120.492275,434,105645.74640744948
20190,37.105027,-120.492232,435,106280.54485194509
20190,37.111059,-120.49221,436,106954.43608562445
20190,37.117039,-120.492189,437,107622.51765158604
20190,37.122566,-120.492157,438,108239.99451758557
20190,37.127519,-120.492167,439,108793.33879025822
20190,37.131385,-120.492157,440,109225.2448213453
20190,37.136577,-120.492028,441,109805.40390415234
20190,37.140999,-120.491985,442,110299.43970372129
20190,37.145993,-120.491953,443,110857.37104997545
20190,37.150312,-120.491964,444,111339.885791482
20190,37.157213,-120.491931,445,112110.86319571463
20190,37.163762,-120.491899,446,112842.51545948166
20190,37.170003,-120.491878,447,113539.75520033282
20190,37.175107,-120.491856,448,114109.97145537473
20190,37.17868,-120.491792,449,114509.18379832424
20190,37.179416,-120.491695,450,114591.86480284366
20190,37.180817,-120.490934,451,114762.527121231
20190,37.183365,-120.489024,452,115094.46331889773
20190,37.184493,-120.488359,453,115233.79867077702
20190,37.185279,-120.488133,454,115323.90390459514
20190,37.186083,-120.488112,455,115413.74598120342
20190,37.19016,-120.488155,456,115869.24250358983
20190,37.194681,-120.488112,457,116374.34083795447
20190,37.203193,-120.488058,458,117325.30914884503
20190,37.207705,-120.488015,459,117829.40198715821
20190,37.212977,-120.487962,460,118418.40599880087
20190,37.218565,-120.487962,461,119042.69428136152
20190,37.224143,-120.487972,462,119665.86593816399
20190,37.229816,-120.487951,463,120299.65301514846
20190,37.235197,-120.487962,464,120900.81598772352
20190,37.241467,-120.487972,465,121601.29719601737
20190,37.247992,-120.487951,466,122330.26861214248
20190,37.255985,-120.487897,467,123223.25462932182
20190,37.262808,-120.487844,468,123985.53060267649
20190,37.268819,-120.487822,469,124657.0785849911
20190,37.276435,-120.487726,470,125507.97641720888
20190,37.282223,-120.487586,471,126154.72890317874
20190,37.28743,-120.487479,472,126736.53012871405
20190,37.288283,-120.487382,473,126832.21931512217
20190,37.289897,-120.48632,474,127035.93459041035
20190,37.293055,-120.484453,475,127426.12283906381
20190,37.296034,-120.482748,476,127792.07965358614
20190,37.296913,-120.485247,477,128035.78538048419
20190,37.298841,-120.490258,478,128532.18939233445
20190,37.302042,-120.488477,479,128923.53584226612
20190,37.301923,-120.488088,480,128960.71113865363
20190,37.301814,-120.488202,481,128965.37196094886
8181,37.30195,-120.488176,0,0
8181,37.301923,-120.488088,1,8.413030315141626
8181,37.3015,-120.48691,2,123.67848263478716
8181,37.302554,-120.48632,3,252.6676813747976
8181,37.303557,-120.485773,4,374.8944828047071
8181,37.304124,-120.487307,5,525.7401323093864
8181,37.304798,-120.489078,6,700.8106495580563
8181,37.306633,-120.494013,7,1186.592417865964
8181,37.307982,-120.497843,8,1560.128714562589
8181,37.306002,-120.49898,9,1803.4898238276035
8181,37.307051,-120.501866,10,2086.4432288583685
8181,37.307154,-120.50192,11,2098.9183365191234
8181,37.308195,-120.50442,12,2350.504369864645
8181,37.308587,-120.504892,13,2411.2650136336333
8181,37.309176,-120.505085,14,2479.28235025287
8181,37.309577,-120.505149,15,2524.4430706301514
8181,37.309927,-120.505149,16,2563.543702601627
8181,37.311578,-120.505064,17,2748.142867894799
8181,37.315917,-120.504968,18,3232.95474044814
8181,37.318998,-120.504892,19,3577.2188847715406
8181,37.31916,-120.504892,20,3595.3168961054835
8181,37.326344,-120.504677,21,4398.114786205602
8181,37.326335,-120.503905,22,4466.995906134224
8181,37.326316,-120.503299,23,4521.101763339149
8181,37.326318,-120.50281,24,4564.728446455028
8181,37.326271,-120.501662,25,4667.28188284619
8181,37.326226,-120.499662,26,4845.783457047227
8181,37.326207,-120.499082,27,4897.572029053859
8181,37.32628,-120.498632,28,4938.539028058565
8181,37.326429,-120.498235,29,4977.674197128851
8181,37.326779,-120.497736,30,5036.926097305251
8181,37.327227,-120.497189,31,5106.829181559474
8181,37.327401,-120.496931,32,5136.9567194300935
8181,37.327534,-120.496518,33,5176.685432306605
8181,37.327653,-120.495794,34,5242.630641407323
8181,37.327734,-120.495091,35,5305.997835067691
8181,37.327734,-120.494678,36,5342.843402620008
8181,37.32764,-120.494249,37,5382.5310288687315
8181,37.327423,-120.493766,38,5431.973198681233
8181,37.327005,-120.492833,39,5527.415686245684
8181,37.326864,-120.492446,40,5565.365825930815
8181,37.326774,-120.491958,41,5610.049150684347
8181,37.326762,-120.49095,42,5699.988982446592
8181,37.32674,-120.490065,43,5778.983626480949
8181,37.326382,-120.488681,44,5908.775458752862
8181,37.326339,-120.487683,45,5997.943603688084
8181,37.326336,-120.486846,46,6072.619187234825
8181,37.326574,-120.486803,47,6099.483740754072
8181,37.327026,-120.486808,48,6149.982890888681
8181,37.32805,-120.486766,49,6264.444932429216
8181,37.328447,-120.486712,50,6309.058426444674
8181,37.329086,-120.486696,51,6380.461417342427
8181,37.329615,-120.486696,52,6439.561000636982
8181,37.329841,-120.486631,53,6465.466952104932
8181,37.330208,-120.486647,54,6506.492828861386
8181,37.330733,-120.486535,55,6565.990532290971
8181,37.331172,-120.486385,56,6616.828208359235
8181,37.331637,-120.486358,57,6668.833584524431
8181,37.331961,-120.486331,58,6705.110755224458
8181,37.332226,-120.486336,59,6734.7197827115
8181,37.332222,-120.486588,60,6757.205219503358
8181,37.332217,-120.487232,61,6814.659329643942
8181,37.332209,-120.487844,62,6869.263259878613
8181,37.332202,-120.48851,63,6928.682313644871
8181,37.332191,-120.489268,64,6996.314642231166
8181,37.332184,-120.489692,65,7034.147723799323
8181,37.332187,-120.490209,66,7080.270426085553
8181,37.332182,-120.490617,67,7116.672297568608
8181,37.332171,-120.491143,68,7163.61269377753
8181,37.332165,-120.491652,69,7209.0253496012465
8181,37.332164,-120.491977,70,7238.018680442741
8181,37.332161,-120.492349,71,7271.206320859426
8181,37.332154,-120.492622,72,7295.573065868121
8181,37.332149,-120.493091,73,7337.416026241698
8181,37.332144,-120.49344,74,7368.555115749327
8181,37.332143,-120.493851,75,7405.220325972862
8181,37.332137,-120.494183,76,7434.845395499755
8181,37.332131,-120.494463,77,7459.832979288609
8181,37.332123,-120.494863,78,7495.527855496544
8181,37.332119,-120.49511,79,7517.567052241979
8181,37.332118,-120.495177,80,7523.545109506797
8181,37.332128,-120.49519,81,7525.155400210762
8181,37.332307,-120.495194,82,7545.156082796065
8181,37.33246,-120.495193,83,7562.249149951144
8181,37.33257,-120.495196,84,7574.541029583862
8181,37.332688,-120.495196,85,7587.723738325781
8181,37.332813,-120.495201,86,7601.695593680579
8181,37.332957,-120.495205,87,7617.786923753515
8181,37.333128,-120.49521,88,7636.895885562781
8181,37.333301,-120.49521,89,7656.223076533314
8181,37.333424,-120.49521,90,7669.964374122289
8181,37.333564,-120.49521,91,7685.604875403786
8181,37.333668,-120.495212,92,7697.224903230371
8181,37.333787,-120.495216,93,7710.524117041471
8181,37.33391,-120.495216,94,7724.265414369629
8181,37.334116,-120.49521,95,7747.285517784306
8181,37.334308,-120.495191,96,7768.802208914876
8181,37.334649,-120.495202,97,7806.910637112652
8181,37.334929,-120.4952,98,7838.192148160779
8181,37.335098,-120.495206,99,7857.0800523361195
8181,37.335269,-120.495202,100,7876.187139138797
8181,37.335341,-120.495146,101,7885.655818940047
8181,37.335415,-120.495068,102,7896.461337060257
8181,37.335454,-120.495,103,7903.92988561216
8181,37.335472,-120.494858,104,7916.755645249262
8181,37.33548,-120.494666,105,7933.906343194193
8181,37.335484,-120.494478,106,7950.682874092887
8181,37.33549,-120.494329,107,7963.991343620042
8181,37.335489,-120.49419,108,7976.391375283472
8181,37.335502,-120.494013,109,7992.24735930545
8181,37.335493,-120.493857,110,8006.199658863664
8181,37.335498,-120.49369,111,8021.107413495725
8181,37.335505,-120.493499,112,8038.163567711061
8181,37.335508,-120.493306,113,8055.383461293819
8181,37.335515,-120.493132,114,8070.924882909824
8181,37.335518,-120.492937,115,8088.323161920977
8181,37.335522,-120.492693,116,8110.09387011086
8181,37.335521,-120.492465,117,8130.433019138982
8181,37.335524,-120.492221,118,8152.201736870259
8181,37.335531,-120.491954,119,8176.032443875455
8181,37.335537,-120.491732,120,8195.847415073991
8181,37.335545,-120.491439,121,8221.999923395728
8181,37.335546,-120.491179,122,8245.193649943018
8181,37.335551,-120.490905,123,8269.642377724209
8181,37.335552,-120.490629,124,8294.263398320725
8181,37.335552,-120.490373,125,8317.100061726243
8181,37.335551,-120.490154,126,8336.636440819584
8181,37.33553,-120.489914,127,8358.173994417124
8181,37.335421,-120.489737,128,8378.113767776484
8181,37.335318,-120.489572,129,8396.796943064588
8181,37.335325,-120.489391,130,8412.962182274237
8181,37.335421,-120.489255,131,8429.155149204522
8181,37.335501,-120.48919,132,8439.808812676472
8181,37.335555,-120.489032,133,8455.14018685314
8181,37.335622,-120.488795,134,8477.56792688936
8181,37.33572,-120.488553,135,8501.773352985721
8181,37.335849,-120.488321,136,8526.99263668918
8181,37.335964,-120.488109,137,8549.855527663976
8181,37.336089,-120.487895,138,8573.508132452882
8181,37.336205,-120.487637,139,8599.920947441384
8181,37.336281,-120.487425,140,8620.651053483905
8181,37.336347,-120.487191,141,8642.789106622386
8181,37.33638,-120.487016,142,8658.829455082569
8181,37.33638,-120.486918,143,8667.571568775465
8181,37.336264,-120.486853,144,8681.769038250137
8181,37.335961,-120.486741,145,8717.063647578247
8181,37.335293,-120.486481,146,8795.213308967246
8181,37.335091,-120.48646,147,8817.858262196904
8181,37.3347,-120.486424,148,8861.65846801776
8181,37.334417,-120.486426,149,8893.275583621486
8181,37.334085,-120.486418,150,8930.373315777877
8181,37.333664,-120.486425,151,8977.411362013032
8181,37.333436,-120.486424,152,9002.883559668848
8181,37.333078,-120.486428,153,9042.880725434426
8181,37.332928,-120.486399,154,9059.837166885216
8181,37.332806,-120.48637,155,9073.710299349303
8181,37.332645,-120.486399,156,9091.882237144744
8181,37.332461,-120.486428,157,9112.600779305456
8181,37.33225,-120.486458,158,9136.325028103864
8181,37.331998,-120.48645,159,9164.487380920269
8181,37.332001,-120.486047,160,9200.440815330205
8181,37.331999,-120.485819,161,9220.782070001076
8181,37.331999,-120.48553,162,9246.563958211744
8181,37.332004,-120.485258,163,9270.83570388033
8181,37.332011,-120.484962,164,9297.253666082817
8181,37.332023,-120.484743,165,9316.836771125752
8181,37.33204,-120.484502,166,9338.420298041867
8181,37.332096,-120.484347,167,9353.597450137957
8181,37.332095,-120.484001,168,9384.464585785488
8181,37.332091,-120.48355,169,9424.701161651146
8181,37.33209,-120.483162,170,9459.315177533037
8181,37.332091,-120.482832,171,9488.755009339748
8181,37.332091,-120.482305,172,9535.769222936025
8181,37.332091,-120.481822,173,9578.858186961046
8181,37.332088,-120.481374,174,9618.826199028708
8181,37.33209,-120.480485,175,9698.135336877625
8181,37.332125,-120.479456,176,9790.01710213857
8181,37.332116,-120.478845,177,9844.534600557725
8181,37.33212,-120.478581,178,9868.090693115213
8181,37.332157,-120.478137,179,9907.915750439382
8181,37.332269,-120.478093,180,9921.029751872427
8181,37.33244,-120.478078,181,9940.180854703647
8181,37.332719,-120.478066,182,9971.369396932552
8181,37.332948,-120.47806,183,9996.959109033423
8181,37.333218,-120.478052,184,10027.132225943544
8181,37.333476,-120.478038,185,10055.983295035065
8181,37.333675,-120.478036,186,10078.216494377724
8181,37.333927,-120.478034,187,10106.370757299537
8181,37.334314,-120.478024,188,10149.615995346025
8181,37.334606,-120.477979,189,10182.484605025134
8181,37.334753,-120.477957,190,10199.024448299737
8181,37.334937,-120.478062,191,10221.614603139136
8181,37.335205,-120.47806,192,10251.55636661774
8181,37.335567,-120.478056,193,10292.00094797926
8181,37.33584,-120.478056,194,10322.500784828457
8181,37.336059,-120.478047,195,10346.980856127348
8181,37.336088,-120.478103,196,10352.935090254556
8181,37.336353,-120.478097,197,10382.545994387468
8181,37.336781,-120.47809,198,10430.366661842834
8181,37.336786,-120.478396,199,10457.669424668886
8181,37.336361,-120.478404,200,10505.15619076979
8181,37.336107,-120.478408,201,10533.535555063883
8181,37.335861,-120.478413,202,10561.022527510902
8181,37.335587,-120.478416,203,10591.635237113236
8181,37.335227,-120.478424,204,10631.861109470627
8181,37.33497,-120.478429,205,10660.576857285409
8181,37.334632,-120.478436,206,10698.343700239897
8181,37.334331,-120.478439,207,10731.972770090024
8181,37.333963,-120.478447,208,10773.092272084166
8181,37.33343,-120.478459,209,10832.649157887497
8181,37.332772,-120.478483,210,10906.192711133088
8181,37.331948,-120.478468,211,10998.260494592318
8181,37.331469,-120.478472,212,11051.776017816937
8181,37.331154,-120.478472,213,11086.968116177295
8181,37.330588,-120.478494,214,11150.23262375483
8181,37.329865,-120.478536,215,11231.093725970166
8181,37.328796,-120.478515,216,11350.538106769754
8181,37.32706,-120.478542,217,11544.500624347147
8181,37.32648,-120.478558,218,11609.314492845197
8181,37.325798,-120.478499,219,11685.689793796313
8181,37.325456,-120.478435,220,11724.32267192284
8181,37.325252,-120.478359,221,11748.101047552826
8181,37.324522,-120.478397,222,11829.72780185565
8181,37.322799,-120.478413,223,12022.22833717489
8181,37.322779,-120.478491,224,12029.537616765863
8181,37.322786,-120.478799,225,12057.029355662793
8181,37.322803,-120.479585,226,12127.184092266996
8181,37.322947,-120.480477,227,12208.38025331124
8181,37.323149,-120.481071,228,12265.983005725906
8181,37.323313,-120.481424,229,12302.420021274367
8181,37.323449,-120.482139,230,12367.997909780323
8181,37.323513,-120.48275,231,12422.979073889557
8181,37.323504,-120.484239,232,12555.833227258225
8181,37.323494,-120.485305,233,12650.94938676702
8181,37.323519,-120.48561,234,12678.30471824426
8181,37.323507,-120.485921,235,12706.08476987988
8181,37.323499,-120.486161,236,12727.516410876266
8181,37.323484,-120.486469,237,12755.047464785397
8181,37.323462,-120.487077,238,12809.349332046504
8181,37.323485,-120.487908,239,12883.536198891417
8181,37.323454,-120.488357,240,12923.74565416091
8181,37.323459,-120.489849,241,13056.863702611136
8181,37.323416,-120.490366,242,13103.240076863829
8181,37.32315,-120.490377,243,13132.973473041371
8181,37.322997,-120.490377,244,13150.06644577369
8181,37.322813,-120.490381,245,13170.62579831264
8181,37.322646,-120.490382,246,13189.28304722747
8181,37.322554,-120.490385,247,13199.564659274838
8181,37.322281,-120.490399,248,13230.089452603386
8181,37.322038,-120.49042,249,13257.301694752208
8181,37.321742,-120.490424,250,13290.372376524216
8181,37.321386,-120.490459,251,13330.266666022344
8181,37.320895,-120.490462,252,13385.12123260174
8181,37.320559,-120.490478,253,13422.685873298124
8181,37.319807,-120.490472,254,13506.700089602164
8181,37.319305,-120.490488,255,13562.801076366464
8181,37.319262,-120.4928,256,13769.145335497707
8181,37.319262,-120.495,257,13965.439789385184
8181,37.319262,-120.499849,258,14398.088103897586
8181,37.318366,-120.499807,259,14498.256702346529
8181,37.31739,-120.499566,260,14609.392722050941
8181,37.316771,-120.49883,261,14704.759264594337
8181,37.316259,-120.497897,262,14805.765097422393
8181,37.316105,-120.497038,263,14884.319054034604
8181,37.316173,-120.496073,264,14970.758648554556
8181,37.316647,-120.495258,265,15060.716746421298
8181,37.317206,-120.494957,266,15128.697362684
8181,37.318025,-120.494957,267,15220.194360578264
8181,37.319053,-120.494979,268,15335.057179479445
8181,37.319062,-120.494066,269,15416.525723109273
8181,37.319055,-120.493856,270,15435.279282765985
8181,37.319072,-120.493609,271,15457.399543568983
8181,37.31907,-120.493321,272,15483.097327793073
8181,37.319074,-120.492543,273,15552.515910744458
8181,37.31907,-120.491551,274,15641.028488254771
8181,37.319079,-120.489812,275,15796.194801524642
8181,37.319091,-120.488509,276,15912.46356513505
8181,37.319104,-120.487077,277,16040.243229598673
8181,37.3191,-120.48683,278,16062.286572669518
8181,37.317728,-120.486712,279,16215.926842103434
8181,37.317146,-120.486642,280,16281.246880445316
8181,37.316156,-120.486578,281,16391.996496816704
8181,37.315277,-120.48676,282,16491.531675189737
8181,37.313788,-120.487415,283,16667.850666962
8181,37.312777,-120.487801,284,16785.934030318625
8181,37.310546,-120.489131,285,17061.99330568091
8181,37.309812,-120.489517,286,17150.935752883506
8181,37.307807,-120.490676,287,17397.657094072332
8181,37.30677,-120.491274,288,17525.20944582212
8181,37.30732,-120.492758,289,17671.20142774824
8181,37.307871,-120.494262,290,17818.859609461386
8181,37.307329,-120.494601,291,17886.547306566576
8181,37.306844,-120.494887,292,17946.44068357648
8181,37.306217,-120.493235,293,18109.660144568064
8181,37.305554,-120.491459,294,18284.605831590434
8181,37.304673,-120.489071,295,18519.34700675891
8181,37.3038,-120.486631,296,18757.945642486684
8181,37.303514,-120.48588,297,18832.194932289676
8181,37.302524,-120.486401,298,18952.1734586273
8181,37.301602,-120.486953,299,19066.35337285468
8181,37.301777,-120.487527,300,19121.18502966884
8181,37.30184,-120.487726,301,19140.28890575004
8181,37.301674,-120.4879,302,19164.47731427477
8181,37.301725,-120.488096,303,19182.87421073361
8181,37.301814,-120.488202,304,19196.598555844994
8181,37.301812,-120.488361,305,19210.79050718028
8181,37.301782,-120.488525,306,19225.805764931767
8181,37.301692,-120.488724,307,19246.21451765531
8181,37.300809,-120.489233,308,19354.819340834794
8181,37.301226,-120.490238,309,19455.889851321
8181,37.301415,-120.490805,310,19510.7213334606
8181,37.30179,-120.491878,311,19615.245829259948
8181,37.302469,-120.493739,312,19797.83481190363
8181,37.301487,-120.494313,313,19918.91275787159
8181,37.300109,-120.495099,314,20088.08885205281
8181,37.299618,-120.495418,315,20149.890554877118
8181,37.299028,-120.495708,316,20220.703515081244
8181,37.29725,-120.49677,317,20440.793013238992
8181,37.2972,-120.497,318,20462.067110120435
8181,37.296989,-120.49691,319,20486.970548099463
8181,37.295807,-120.49758,320,20631.92958135808
8181,37.295717,-120.497641,321,20643.36356234044
8181,37.295492,-120.497763,322,20670.757111919243
8181,37.296264,-120.499887,323,20879.02528418998
8181,37.2967,-120.501,324,20989.661002945933
8181,37.297024,-120.501941,325,21081.11372005941
8181,37.297397,-120.502926,326,21178.40087005839
8181,37.297476,-120.503075,327,21194.36122932198
8181,37.297676,-120.50369,328,21253.622968625772
8181,37.298607,-120.503154,329,21368.104712752
8181,37.299332,-120.50273,330,21457.502978008415
8181,37.299992,-120.502349,331,21538.698782212054
8181,37.300659,-120.501979,332,21620.202649988663
8181,37.301235,-120.503524,333,21772.363088359398
8181,37.301466,-120.504011,334,21822.90947939405
8181,37.301777,-120.504967,335,21915.030158473648
8181,37.30275,-120.504447,336,22033.22167228186
8181,37.30276,-120.505106,337,22092.043381240615
8181,37.302861,-120.505579,338,22135.737235711018
8181,37.30279,-120.505884,339,22164.088418443807
8181,37.302763,-120.506523,340,22221.19422560874
8181,37.302725,-120.508524,341,22399.819027297184
8181,37.302737,-120.510235,342,22552.518481818857
8181,37.301854,-120.510256,343,22651.18077918461
8181,37.300544,-120.51031,344,22797.606973597718
8181,37.299072,-120.510364,345,22962.12229107433
8181,37.299068,-120.509221,346,23064.132160242847
8181,37.299,-120.509,347,23085.268074766074
8181,37.299057,-120.508682,348,23114.354164665456
8181,37.299059,-120.50707,349,23258.220370892413
8181,37.299051,-120.505525,350,23396.11011952434
8181,37.298112,-120.505546,351,23501.02822546485
8181,37.29693,-120.505815,352,23635.241290392885
8181,37.295513,-120.505621,353,23794.486982512866
8181,37.294472,-120.505643,354,23910.79994790034
8181,37.2938,-120.505775,355,23986.791933883444
8181,37.29317,-120.505707,356,24057.4342288286
8181,37.291783,-120.505697,357,24212.386926534135
8181,37.291783,-120.505461,358,24233.451335971567
8181,37.291877,-120.505278,359,24252.869673419555
8181,37.291996,-120.505182,360,24268.686008258886
8181,37.292211,-120.505054,361,24295.283661747093
8181,37.29241,-120.504935,362,24319.92213373656
8181,37.292586,-120.504834,363,24341.552258316962
8181,37.292879,-120.504673,364,24377.30051000388
8181,37.293093,-120.504541,365,24403.953167650998
8181,37.293105,-120.504506,366,24407.35257990631
8181,37.293019,-120.504294,367,24428.57396534427
8181,37.292936,-120.504052,368,24452.07977784531
8181,37.292861,-120.503836,369,24473.100837275855
8181,37.292784,-120.503623,370,24493.96773139501
8181,37.292683,-120.50336,371,24520.01283945356
8181,37.292594,-120.503142,372,24541.863671470433
8181,37.292077,-120.503441,373,24605.48865257234
8181,37.291764,-120.503644,374,24644.871462003808
8181,37.291586,-120.503713,375,24665.688842429383
8181,37.291087,-120.502263,376,24806.606752864183
8181,37.290451,-120.500579,377,24972.864104571672
8181,37.291143,-120.500187,378,25057.721574058145
8181,37.2912,-120.5,379,25075.586187944096
8181,37.291378,-120.500042,380,25095.822101566064
8181,37.291847,-120.499782,381,25153.126775520206
8181,37.293413,-120.498905,382,25344.789362280702
8181,37.294711,-120.498133,383,25505.336690053467
8181,37.295696,-120.497549,384,25627.09900811883
8181,37.296302,-120.497226,385,25700.68216773531
8181,37.297369,-120.496593,386,25832.595339993346
8181,37.298073,-120.496212,387,25918.280828767645
8181,37.298462,-120.495976,388,25966.574331785363
8181,37.299038,-120.497532,389,26119.630152991274
8181,37.299567,-120.49898,390,26261.733368509584
8181,37.300147,-120.498658,391,26332.616196280887
8181,37.301233,-120.498012,392,26466.94286691138
8181,37.301517,-120.497838,393,26502.26696372517
8181,37.301278,-120.497172,394,26567.426333517196
8181,37.300757,-120.495767,395,26705.667821642957
8181,37.300446,-120.494839,396,26795.481545458293
8181,37.303015,-120.493358,397,27111.457684808385
8181,37.30371,-120.492956,398,27196.989648235678
8181,37.302819,-120.490478,399,27439.50679217041
8181,37.301978,-120.488241,400,27660.15309419092
8181,37.30195,-120.488176,401,27662.007447981912
20186,37.301814,-120.488202,0,0
20186,37.30185,-120.488353,1,14.063571259263291
20186,37.301816,-120.48845,2,23.517155583393954
20186,37.301841,-120.488579,3,35.36388858094803
20186,37.301805,-120.488675,4,44.82857785936653
20186,37.298771,-120.490413,5,417.58972256358584
20186,37.297681,-120.487382,6,714.2533783111222
20186,37.297169,-120.485955,7,853.8711183076482
20186,37.296554,-120.484335,8,1013.9552190470089
20186,37.296008,-120.482758,9,1167.3578982070353
20186,37.288467,-120.487136,10,2096.0534066210844
20186,37.288104,-120.481782,11,2575.6864919119944
20186,37.2927,-120.479,12,3146.0503797205856
20186,37.297612,-120.476353,13,3743.5221070566918
20186,37.297352,-120.475736,14,3805.782854491961
20186,37.296921,-120.475034,15,3884.8045476963493
20186,37.296742,-120.474926,16,3907.0046975007713
20186,37.296452,-120.474454,17,3960.1507512362546
20186,37.296059,-120.473639,18,4045.117477567783
20186,37.29419,-120.468585,19,4542.206019527788
20186,37.29425,-120.468457,20,4555.4524464202705
20186,37.294676,-120.468156,21,4610.105953241901
20186,37.294941,-120.467899,22,4647.559389551842
20186,37.295103,-120.467598,23,4679.9536800346805
20186,37.295171,-120.467019,24,4732.189239431454
20186,37.295136,-120.463772,25,5022.035827257288
20186,37.295111,-120.459729,26,5382.918404534899
20186,37.295052,-120.45776,27,5558.792766362317
20186,37.295151,-120.455,28,5805.396424566853
20186,37.295069,-120.447224,29,6499.542642468767
20186,37.294933,-120.425434,30,8444.627825018688
20186,37.295069,-120.41522,31,9356.503910527717
20186,37.295308,-120.397582,32,10931.213284274701
20186,37.295837,-120.381081,33,12405.419896955305
20186,37.295974,-120.379096,34,12583.280009973729
20186,37.295991,-120.376521,35,12813.157645964324
20186,37.295598,-120.352178,36,14986.750856247147
20186,37.295336,-120.324874,37,17424.526787789484
20186,37.295331,-120.324788,38,17432.22504373884
20186,37.295314,-120.323819,39,17518.75686606111
20186,37.295295,-120.322722,40,17616.718699302626
20186,37.294416,-120.322797,41,17715.174878769358
20186,37.293708,-120.322759,42,17794.366560665083
20186,37.293721,-120.321166,43,17936.59842494728
20186,37.291821,-120.32115,44,18148.92875103751
20186,37.2918178816451,-120.320709009688,45,18188.30336758921
20186,37.291821,-120.320265,46,18227.947582986093
20186,37.291817,-120.318023,47,18428.12186300476
20186,37.291813,-120.316757,48,18541.156095113853
20186,37.291788,-120.312932,49,18882.679757820086
20186,37.290767,-120.312942,50,18996.78186102773
20186,37.290784,-120.314632,51,19147.68653868097
20186,37.2908,-120.321,52,19716.256282985716
20186,37.290804,-120.321174,53,19731.79821643286
20186,37.290138,-120.321174,54,19806.223901500816
20186,37.290108,-120.321281,55,19816.34858363125
20186,37.29002,-120.321378,56,19829.452604218743
20186,37.2883,-120.319278,57,20097.97060016044
20186,37.28801,-120.319637,58,20143.552830938686
20186,37.287972,-120.319701,59,20150.67236348497
20186,37.287937,-120.322734,60,20421.51081009642
20186,37.287955,-120.324932,61,20617.775084961886
20186,37.284638,-120.324959,62,20988.456290753857
20186,37.28464,-120.323416,63,21126.23315020519
20186,37.284614,-120.322895,64,21172.844718084394
20186,37.284397,-120.322402,65,21223.102925522468
20186,37.284282,-120.32208,66,21254.596342517027
20186,37.284264,-120.321383,67,21316.865530108927
20186,37.284254,-120.320818,68,21367.328082755877
20186,37.284262,-120.319906,69,21448.767714688245
20186,37.28425,-120.319031,70,21526.910245176397
20186,37.284254,-120.318183,71,21602.63180115885
20186,37.284263,-120.316847,72,21721.93133891177
20186,37.284254,-120.316305,73,21770.338609961207
20186,37.284271,-120.315947,74,21802.36193792946
20186,37.284468,-120.315651,75,21836.760253394983
20186,37.282244,-120.312872,76,22187.96958575256
20186,37.280562,-120.310791,77,22452.286444526093
20186,37.262885,-120.28892,78,25230.40679663733
20186,37.234347,-120.253193,79,29742.69995716471
20186,37.234031,-120.252829,80,29790.714281179437
20186,37.233707,-120.252614,81,29831.706985796627
20186,37.232295,-120.25446,82,30059.999838770796
20186,37.232114,-120.254652,83,30086.525579061607
20186,37.232054,-120.254684,84,30093.815656799754
20186,37.231981,-120.254674,85,30102.02315181247
20186,37.231695,-120.254326,86,30146.619849237763
20186,37.231216,-120.253708,87,30223.535918900878
20186,37.230875,-120.253268,88,30278.295604651157
20186,37.229235,-120.25124,89,30536.06115542733
20186,37.228851,-120.251724,90,30596.99430844679
20186,37.2288,-120.252,91,30622.31023581374
20186,37.228436,-120.252239,92,30668.258438322842
20186,37.228406,-120.250812,93,30795.833147667392
20186,37.228415,-120.249245,94,30935.87954225084
20186,37.2284,-120.248,95,31047.15808486834
20186,37.228436,-120.246257,96,31202.982690562752
20186,37.229961,-120.248151,97,31443.19292315649
20186,37.231353,-120.249857,98,31661.018740789412
20186,37.233002,-120.251906,99,31920.816770827998
20186,37.233433,-120.252298,100,31980.377677848057
20186,37.234027,-120.252732,101,32057.263737797603
20186,37.234292,-120.253027,102,32096.913932030093
20186,37.242304,-120.262957,103,33357.52473949134
20186,37.262432,-120.287987,104,36529.33791203845
20186,37.280652,-120.310743,105,39406.219877125375
20186,37.284574,-120.315657,106,40026.41533570091
20186,37.284331,-120.315983,107,40066.224720101454
20186,37.284327,-120.316306,108,40095.06982573794
20186,37.284331,-120.316842,109,40142.93293135468
20186,37.284336,-120.318194,110,40263.65808656445
20186,37.28434,-120.319031,111,40338.397352842054
20186,37.28434,-120.319916,112,40417.421212117435
20186,37.284326,-120.320716,113,40488.87224526365
20186,37.284337,-120.321388,114,40548.88924055398
20186,37.284337,-120.322042,115,40607.2863157042
20186,37.284444,-120.32237,116,40638.920955187496
20186,37.284704,-120.32296,117,40699.08406316508
20186,37.284713,-120.323432,118,40741.24164819603
20186,37.284716,-120.324808,119,40864.10700411571
20186,37.287882,-120.324819,120,41217.90762487447
20186,37.287882,-120.322587,121,41417.19758205709
20186,37.287891,-120.319637,122,41680.59909693947
20186,37.287925,-120.319546,123,41689.56880440397
20186,37.288309,-120.319138,124,41745.85884647217
20186,37.289897,-120.321069,125,41993.28171020809
20186,37.29053,-120.321075,126,42064.0216771962
20186,37.2905,-120.321,127,42071.51037617087
20186,37.290507,-120.317341,128,42398.20568077004
20186,37.290533,-120.315034,129,42604.2080021942
20186,37.290533,-120.312814,130,42802.42270611323
20186,37.291843,-120.312824,131,42948.82034450765
20186,37.291873,-120.314831,132,43128.04534995711
20186,37.291872,-120.316756,133,43299.91711681288
20186,37.29189,-120.320244,134,43611.34480912621
20186,37.291886,-120.321059,135,43684.11204617508
20186,37.2924,-120.321,136,43741.79274006076
20186,37.293789,-120.321069,137,43897.13610173783
20186,37.293814,-120.322593,138,44033.228715397825
20186,37.294681,-120.322539,139,44130.23584613451
20186,37.295364,-120.322604,140,44206.78139179472
20186,37.295389,-120.323623,141,44297.79929009185
20186,37.295397,-120.324798,142,44402.70537465968
20186,37.295402,-120.324867,143,44408.89087447664
20186,37.295871,-120.353873,144,46998.95999145236
20186,37.296068,-120.374258,145,48818.900478099735
20186,37.29611,-120.37886,146,49229.74726507439
20186,37.295513,-120.397668,147,50910.03331052138
20186,37.295317,-120.415778,148,52526.79258185986
20186,37.295223,-120.431592,149,53938.450378527166
20186,37.295278,-120.455233,150,56048.67787864986
20186,37.295285,-120.458774,151,56364.744698777315
20186,37.295289,-120.464079,152,56838.260010496575
20186,37.295342,-120.466654,153,57068.174725327255
20186,37.295308,-120.467384,154,57133.44325596389
20186,37.295103,-120.468071,155,57198.90074046273
20186,37.294745,-120.468457,156,57251.690755148724
20186,37.294455,-120.468585,157,57286.04577377259
20186,37.29547,-120.471547,158,57573.719508759685
20186,37.296255,-120.473639,159,57780.01358634026
20186,37.296913,-120.474755,160,57903.81175087729
20186,37.29693,-120.474873,161,57914.51364273271
20186,37.297374,-120.475613,162,57997.11466508304
20186,37.297715,-120.476434,163,58079.70346063269
20186,37.296315,-120.477233,164,58251.60375919551
20186,37.293683,-120.478925,165,58582.168173285405
20186,37.292248,-120.479566,166,58752.39111582076
20186,37.289406,-120.481203,167,59101.91044062508
20186,37.288168,-120.481927,168,59254.574194135435
20186,37.288194,-120.483311,169,59378.149243572465
20186,37.288232,-120.483745,170,59417.12151752208
20186,37.288386,-120.484416,171,59479.43924450284
20186,37.288471,-120.485108,172,59541.934957815276
20186,37.288574,-120.487232,173,59731.87787655445
20186,37.299349,-120.480918,174,61061.05043683429
20186,37.301018,-120.48543,175,61504.817071150566
20186,37.301419,-120.486546,176,61614.02885076886
20186,37.301675,-120.487211,177,61679.90984901496
20186,37.301758,-120.487468,178,61704.64974000721
20186,37.301756,-120.487742,179,61729.104345377316
20186,37.301696,-120.487881,180,61743.20482252889
20186,37.301768,-120.488164,181,61769.7115806287
