shape_id,shape_pt_lat,shape_pt_lon,shape_pt_sequence,shape_dist_traveled
6284,37.301923,-120.488088,0,0
6284,37.301607,-120.487178999999,1,88.4738473459686
6284,37.300958,-120.485483,2,256.307288755906
6284,37.300425,-120.485768,3,321.058925997755
6284,37.301531,-120.488771999999,4,616.262324761839
6284,37.302114,-120.488438999999,5,687.854463310213
6284,37.303113,-120.491127,6,952.437254412376
6284,37.303796,-120.492982999999,7,1134.80450467661
6284,37.304756,-120.495504,8,1384.04088183212
6284,37.305997,-120.498947999999,9,1721.20973293569
6284,37.307056,-120.501866,10,2007.22510285594
6284,37.307141,-120.501941,11,2018.84262735535
6284,37.307679,-120.503229,12,2148.54693714372
6284,37.308174,-120.504376999999,13,2264.96346029618
6284,37.308242,-120.504515999999,14,2279.50876281197
6284,37.308592,-120.504924,15,2332.93562871783
6284,37.308959,-120.505031,16,2375.03258301261
6284,37.309385,-120.505139,17,2423.58964797378
6284,37.31,-120.505139,18,2492.29504535246
6284,37.311228,-120.505042,19,2629.75520334615
6284,37.311578,-120.505064,20,2668.90509011189
6284,37.315917,-120.504968,21,3153.71696266524
6284,37.316374,-120.504999,22,3204.84609885506
6284,37.316357,-120.507402,23,3419.26559883429
6284,37.316357,-120.510664,24,3710.32086309636
6284,37.316348,-120.514591,25,4060.71082472062
6284,37.316361,-120.517133,26,4287.52547305671
6284,37.316331,-120.518839,27,4439.77973298603
6284,37.316178,-120.519247,28,4479.99626243182
6284,37.315964,-120.519344,29,4505.42135596599
6284,37.314386,-120.519322,30,4681.71615627282
6284,37.313737,-120.519333,31,4754.22485015741
6284,37.31378,-120.519891,32,4804.24503539606
6284,37.313933,-120.520587999999,33,4868.74248665946
6284,37.314215,-120.521597,34,4964.12514960344
6284,37.314642,-120.522734,35,5076.23052548713
6284,37.315273,-120.524429,36,5243.08876330401
6284,37.316143,-120.526843,37,5479.38871560234
6284,37.316502,-120.527840999999,38,5577.04822527439
6284,37.316664,-120.528023,39,5601.36292970472
6284,37.316843,-120.528163,40,5624.9401801313
6284,37.318481,-120.52812,41,5807.96442610201
6284,37.32064,-120.52812,42,6049.15033823819
6284,37.3212,-120.528,43,6112.61848521304
6284,37.322782,-120.528088,44,6289.52097027625
6284,37.32517,-120.528034,45,6556.33240097049
6284,37.328225,-120.527991,46,6897.63371858874
6284,37.331407,-120.527947999999,47,7253.12158720106
6284,37.331782,-120.527873,48,7295.54442223955
6284,37.331778,-120.528302,49,7333.81586388263
6284,37.331757,-120.53122,50,7594.12519336129
6284,37.331723,-120.536274,51,8044.97800847815
6284,37.331697,-120.540544,52,8425.88724230573
6284,37.331688,-120.540854999999,53,8453.64758809736
6284,37.326919,-120.540951,54,8986.45905724098
6284,37.324693,-120.540983999999,55,9235.14183599671
6284,37.323089,-120.54101,56,9414.33888787057
6284,37.323084,-120.542105,57,9512.02893349815
6284,37.323127,-120.544605,58,9735.11293031697
6284,37.323157,-120.545753,59,9837.58381128211
6284,37.323208,-120.546085,60,9867.74528999807
6284,37.323609,-120.54719,61,9976.02495659905
6284,37.32442,-120.549411,62,10193.8921670512
6284,37.324697,-120.550028,63,10257.0362540398
6284,37.325465,-120.549995999999,64,10342.8753670181
6284,37.326301,-120.549974,65,10436.2837551404
6284,37.326314,-120.551122,66,10538.7048619349
6284,37.326327,-120.551691,67,10589.4849164447
6284,37.326335,-120.552732,68,10682.3544872646
6284,37.326352,-120.553542,69,10754.6375958787
6284,37.326036,-120.553729999999,70,10793.7185480557
6284,37.326177,-120.554175,71,10836.4265429644
6284,37.327423,-120.557565,72,11169.3305489606
6284,37.32761,-120.558091,73,11220.6923836812
6284,37.327824,-120.558455999999,74,11261.0854983666
6284,37.328029,-120.558701999999,75,11292.8023297438
6284,37.328229,-120.558976,76,11325.9164672641
6284,37.3284,-120.558905999999,77,11346.0129531669
6284,37.32947,-120.55889,78,11465.5471359525
6284,37.330754,-120.558836,79,11609.0587973615
6284,37.331339,-120.558853,80,11674.4245350355
6284,37.335092,-120.55881,81,12093.6755624778
6284,37.338775,-120.558732,82,12505.1484442426
6284,37.338735,-120.560988,83,12706.4146255062
6284,37.338628,-120.562558999999,84,12847.0434201355
6284,37.338867,-120.565639,85,13123.0463751659
6284,37.338713,-120.566958,86,13241.9400840562
6284,37.338636,-120.570627,87,13569.293204326
6284,37.338611,-120.574479,88,13912.8646560578
6284,37.338611,-120.576614,89,14103.2845332554
6284,37.338568,-120.576925,90,14131.4352661722
6284,37.340769,-120.576892999999,91,14377.3099777378
6284,37.342159,-120.576849999999,92,14532.6244081402
6284,37.343174,-120.576834,93,14646.0118675887
6284,37.34552,-120.57677,94,14908.1291167723
6284,37.348382,-120.576684,95,15227.9149403264
6284,37.350561,-120.576645999999,96,15471.3392712484
6284,37.351733,-120.576657,97,15602.2588109269
6284,37.352671,-120.576636,98,15707.0529161917
6284,37.353038,-120.576679,99,15748.2268326639
6284,37.354121,-120.576625,100,15869.2969252641
6284,37.355494,-120.576559999999,101,16022.7745729922
6284,37.355783,-120.576429,102,16057.105129904
6284,37.357626,-120.576475,103,16263.0145850803
6284,37.359083,-120.576451,104,16425.7798929912
6284,37.3605100552689,-120.576564495874,105,16585.5071002588
6284,37.3606182548834,-120.576605518207,106,16598.1346596488
6284,37.3607557626497,-120.576617309713,107,16613.5306224615
6284,37.3609142380008,-120.576626113452,108,16631.2501812542
6284,37.3614553482524,-120.576638281345,109,16691.7035247089
6284,37.3620789210082,-120.576653033494,110,16761.3708523104
6284,37.3625330066263,-120.576649010181,111,16812.0948181899
6284,37.3627930919869,-120.576657056808,112,16841.1559739231
6284,37.3628719701558,-120.576649010181,113,16849.996058003
6284,37.3629711007099,-120.57661011815,114,16861.5994894597
6284,37.3631341861753,-120.576414316892,115,16886.8311020568
6284,37.3632716893316,-120.57618767023,116,16912.2135935055
6284,37.3633995990182,-120.575989186763,117,16934.9582562927
6284,37.3635797381237,-120.575716942548,118,16966.4874209687
6284,37.3636490222799,-120.575627088546,119,16977.6264428961
6284,37.363823,-120.575858999999,120,17006.0027919013
6284,37.363954,-120.576164,121,17036.8834981512
6284,37.364099,-120.576389,122,17062.666746138
6284,37.364303,-120.576571,123,17090.6413459744
6284,37.364483,-120.576636,124,17111.566405479
6284,37.364738,-120.576657,125,17140.1121231568
6284,37.365276,-120.576679,126,17200.2403010037
6284,37.365855,-120.576667999999,127,17264.9237315534
6284,37.366168,-120.576685,128,17299.919584471
6284,37.366141,-120.577848,129,17403.6522788736
6284,37.366029,-120.577872,130,17416.3446485164
6284,37.366004,-120.577904,131,17420.3369005254
6284,37.366007,-120.578041999999,132,17432.6450508369
6284,37.366048,-120.57806,133,17437.4978942168
6284,37.366025,-120.578162,134,17446.9477894431
6284,37.365297,-120.578154999999,135,17528.2697192645
6284,37.365285,-120.576732,136,17655.1477312187
6284,37.364977,-120.576721,137,17689.5662058259
6284,37.364521,-120.576732,138,17740.5121779424
6284,37.364299,-120.576645999999,139,17766.4686006855
6284,37.36406,-120.576453,140,17798.2307395972
6284,37.363924,-120.576185,141,17826.5457273138
6284,37.363822,-120.57596,142,17849.6163519137
6284,37.3635445630661,-120.575804114341,143,17883.5808675558
6284,37.3642992243209,-120.574634671211,144,18017.6619016444
6284,37.3641158892338,-120.574216246604,145,18060.2196261767
6284,37.364145734511,-120.573856830596,146,18092.4378381053
6284,37.3643717055109,-120.573470592498,147,18135.1347864507
6284,37.3645038769123,-120.573277473449,148,18157.8161843572
6284,37.3635402994216,-120.572301149368,149,18296.2458795626
6284,37.3629945509294,-120.571743249893,150,18374.9269840243
6284,37.3628709042351,-120.571909546852,151,18395.1905478094
6284,37.3627685757824,-120.572242140769,152,18426.9717007884
6284,37.3623976339713,-120.572848320007,153,18495.0750395685
6284,37.3620565364349,-120.572499632835,154,18544.2513625579
6284,37.3620011079388,-120.572354793548,155,18558.5730623476
6284,37.362001,-120.572212,156,18571.3048350902
6284,37.3620906462583,-120.572000741958,157,18592.6374151786
6284,37.3620735913485,-120.571775436401,158,18612.8162461072
6284,37.3620224265959,-120.571566224098,159,18632.3259657138
6284,37.362018162865,-120.571405291557,160,18646.6829596794
6284,37.3623123597326,-120.571024417877,161,18693.9399009067
6284,37.3616386898397,-120.570353865623,162,18790.0513637078
6284,37.3614425569622,-120.570192933082,163,18816.2410076361
6284,37.3611270377792,-120.570182204246,164,18851.4987783264
6284,37.3606196460408,-120.57017147541,165,18908.1845967486
6284,37.360146361579,-120.570160746574,166,18961.061075051
6284,37.3596943934511,-120.57017147541,167,19011.5568396242
6284,37.3594129779587,-120.570139288902,168,19043.122844842
6284,37.3592338948232,-120.570300221443,169,19067.7416414506
6284,37.3591993205349,-120.570542039642,170,19089.6466747679
6284,37.3603383167432,-120.572402915977,171,19298.7365562763
6284,37.3605499526606,-120.573062755264,172,19362.1423275888
6284,37.3605332802493,-120.573407588434,173,19392.9452712299
6284,37.3605500817099,-120.574081706329,174,19453.0813423553
6284,37.3605340232334,-120.574706661029,175,19508.8333580536
6284,37.3605247435555,-120.576441353338,176,19663.5078064427
6284,37.3605158787823,-120.576770620866,177,19692.8830507993
6284,37.360581,-120.578671,178,19862.4826522466
6284,37.360526,-120.579543,179,19940.4749711047
6284,37.360526,-120.583009,180,20249.5122859045
6284,37.360573,-120.584607,181,20392.0900606083
6284,37.360505,-120.586618999999,182,20571.6444989987
6284,37.360513,-120.58929,183,20809.7967521665
6284,37.360534,-120.590588,184,20925.5518553913
6284,37.360546,-120.591541,185,21010.5329469964
6284,37.360534,-120.593914,186,21222.1158908832
6284,37.360505,-120.595834999999,187,21393.4239637015
6284,37.360526,-120.597075,188,21504.0076667847
6284,37.360483,-120.600041,189,21768.4999873999
6284,37.3605,-120.602,190,21943.1741785805
6284,37.360492,-120.603517,191,22078.4320192539
6284,37.3605,-120.608,192,22478.1328980902
6284,37.3605,-120.612408,193,22871.1429993441
6284,37.360449,-120.61387,194,23001.6163785527
6284,37.361447,-120.613859,195,23113.09349414
6284,37.362739,-120.613832,196,23257.4250543277
6284,37.364193,-120.613859,197,23419.8491580319
6284,37.36742,-120.613827,198,23780.304054116
6284,37.370473,-120.613708999999,199,24121.4747633731
6284,37.37338,-120.613655,200,24446.211327397
6284,37.374736,-120.613586,201,24597.7962386595
6284,37.376211,-120.613602,202,24762.5543375525
6284,37.379374,-120.613547999999,203,25115.8822716935
6284,37.380917,-120.613403,204,25288.7134921246
6284,37.382443,-120.613495,205,25459.3590901396
6284,37.383841,-120.613468,206,25615.5289619642
6284,37.385393,-120.613495,207,25788.8982092183
6284,37.385878,-120.613483999999,208,25843.0797488218
6284,37.386151,-120.613708999999,209,25879.5759852533
6284,37.38633,-120.613902,210,25905.9509048519
6284,37.38656,-120.614159999999,211,25940.4289749727
6284,37.386688,-120.614331,212,25961.325951263
6284,37.387004,-120.614814,213,26016.9939614867
6284,37.38708,-120.614771,214,26026.3078608787
6284,37.387865,-120.614761,215,26113.9937431436
6284,37.389305,-120.614702,216,26274.9219068845
6284,37.389416,-120.61475,217,26288.0374411892
6284,37.389382,-120.613409,218,26407.6118960773
6284,37.391905,-120.613376,219,26689.436840951
6284,37.392408,-120.613317,220,26745.8655598615
6284,37.393005,-120.613343999999,221,26812.5916161764
6284,37.393013,-120.610523,222,27063.998237821
6284,37.392998,-120.609031,223,27196.9749885988
6284,37.392996,-120.608881,224,27210.3447894371
6284,37.390107,-120.608924,225,27533.0603053461
6284,37.386927,-120.608982999999,226,27888.2958129596
6284,37.3855,-120.608999999999,227,28047.6946856096
6284,37.38307,-120.609020999999,228,28319.1249370463
6284,37.384169,-120.610844,229,28522.7672779816
6284,37.385005,-120.612174999999,230,28673.7402839419
6284,37.386462,-120.612174999999,231,28836.4820286459
6284,37.387085,-120.612174999999,232,28906.0689233008
6284,37.38708,-120.613343999999,233,29010.2588450074
6284,37.387085,-120.613526999999,234,29026.5784644747
6284,37.386087,-120.613547999999,235,29138.06699787
6284,37.384182,-120.613607,236,29350.9132451159
6284,37.380904,-120.613698,237,29717.1432153719
6284,37.378491,-120.61365,238,29986.7001023189
6284,37.375128,-120.61372,239,30362.3862508189
6284,37.372809,-120.613736,240,30621.4136625687
6284,37.369893,-120.613811,241,30947.1883799533
6284,37.367352,-120.613881,242,31231.0769828585
6284,37.364231,-120.613933999999,243,31579.7127771202
6284,37.363749,-120.61402,244,31634.0935486549
6284,37.361732,-120.613993,245,31859.3975741806
6284,37.360368,-120.613933999999,246,32011.8419409796
6284,37.360346,-120.613102,247,32086.0621406886
6284,37.3604,-120.608,248,32540.9886599193
6284,37.3604,-120.602,249,33075.944119567
6284,37.360385,-120.59775,250,33454.8777948972
6284,37.360424,-120.596778999999,251,33541.5620311214
6284,37.360402,-120.593898,252,33798.4455455787
6284,37.360406,-120.590755,253,34078.6791497825
6284,37.360449,-120.58641,254,34466.1160125602
6284,37.360453,-120.585621,255,34536.4661934968
6284,37.360445,-120.583583,256,34718.1808244885
6284,37.36047,-120.580772,257,34968.8321050982
6284,37.360411,-120.579275,258,35102.4714346885
6284,37.36047,-120.576566,259,35344.1042061192
6284,37.360473,-120.576073,260,35388.062995233
6284,37.360476,-120.575501,261,35439.0655515346
6284,37.360481,-120.573984,262,35574.3277800292
6284,37.360486,-120.573415,263,35625.064985607
6284,37.360461,-120.573042999999,264,35658.3512533453
6284,37.360414,-120.572923,265,35670.2695568291
6284,37.360301,-120.572741,266,35690.8285098326
6284,37.360218,-120.57253,267,35711.8025753337
6284,37.360157,-120.572356,268,35728.7475322735
6284,37.359997,-120.572103999999,269,35757.4582404788
6284,37.359864,-120.571888,270,35781.7820757994
6284,37.359742,-120.571683,271,35804.5819106714
6284,37.359666,-120.571557999999,272,35818.5924854317
6284,37.35952,-120.571282,273,35848.115466275
6284,37.359452,-120.571154999999,274,35861.7510749359
6284,37.359156,-120.570680999999,275,35915.4123871997
6284,37.35901,-120.570442,276,35942.2474309603
6284,37.358962,-120.570268,277,35958.6626754972
6284,37.359077,-120.570149,278,35975.324217122
6284,37.3592,-120.570092,279,35989.9737268717
6284,37.359406,-120.570068,280,36013.0840712174
6284,37.359498,-120.570068,281,36023.360851994
6284,37.35969,-120.570070999999,282,36044.8097146363
6284,37.359894,-120.570086,283,36067.6365749469
6284,37.36016,-120.570092,284,36097.3546904545
6284,37.360406,-120.570092,285,36124.833907189
6284,37.360631,-120.570096,286,36149.9698674024
6284,37.361107,-120.570108,287,36203.1517977713
6284,37.361365,-120.570107,288,36231.9716008786
6284,37.361461,-120.570122999999,289,36242.7896750725
6284,37.36169,-120.570307,290,36273.1788922284
6284,37.362336,-120.570963,291,36366.0676187377
6284,37.363053,-120.571714999999,292,36470.5199764426
6284,37.362905,-120.571906,293,36494.2544367068
6284,37.362798,-120.572236999999,294,36526.0952008532
6284,37.3627,-120.572436999999,295,36547.0194571195
6284,37.3623957911299,-120.572918457672,296,36601.7687755616
6284,37.362005,-120.572524,297,36657.8270798373
6284,37.361945,-120.572371999999,298,36672.946394604
6284,37.362038,-120.572183,299,36692.7427914254
6284,37.362138,-120.57202,300,36711.0730155798
6284,37.36211,-120.571774,301,36733.2287389682
6284,37.362075,-120.571561999999,302,36752.5311785392
6284,37.362063,-120.571448,303,36762.7836621227
6284,37.362372,-120.571012,304,36814.7704397981
6284,37.363102,-120.571759,305,36920.0577803353
6284,37.363765,-120.572433,306,37015.4313782061
6284,37.364531,-120.573196,307,37124.7440508051
6284,37.364552,-120.5732,308,37127.1167809275
6284,37.364855,-120.572714,309,37182.0999808455
6284,37.365523,-120.571679,310,37300.7727890077
6284,37.365593,-120.571636,311,37309.4813423904
6284,37.365682,-120.571698999999,312,37320.9000226272
6284,37.36634,-120.5724,313,37417.3809307368
6284,37.366356,-120.572516,314,37427.8764161122
6284,37.365856,-120.573268999999,315,37515.2066345425
6284,37.365327,-120.574089,316,37609.2104447134
6284,37.364995,-120.57457,317,37665.9066285105
6284,37.364799,-120.574718,318,37691.4694847551
6284,37.364615,-120.574754999999,319,37712.2859422406
6284,37.364462,-120.574723,320,37729.6130518138
6284,37.364347,-120.574647,321,37744.136540803
6284,37.36386,-120.575406999999,322,37831.032159375
6284,37.363693,-120.575654,323,37859.8934318321
6284,37.363856,-120.575879,324,37886.9850435064
6284,37.363975,-120.576158,325,37915.1893261271
6284,37.364129,-120.576373,326,37940.9454066438
6284,37.364325,-120.576554999999,327,37968.1970106712
6284,37.364504,-120.576609,328,37988.7633210791
6284,37.36476,-120.576645999999,329,38017.54892386
6284,37.365305,-120.576645999999,330,38078.4270227613
6284,37.365885,-120.576645999999,331,38143.2147237884
6284,37.366192,-120.576645999999,332,38177.5075239279
6284,37.366167,-120.577851,333,38284.9771872174
6284,37.366041,-120.577888,334,38299.433144223
6284,37.366018,-120.577909999999,335,38302.6654569476
6284,37.366039,-120.578104,336,38320.1201411208
6284,37.365277,-120.578133999999,337,38405.2795861469
6284,37.365277,-120.576751,338,38528.5842460419
6284,37.365004,-120.576748,339,38559.0803147659
6284,37.364555,-120.576754,340,38609.2377764483
6284,37.364316,-120.5767,341,38636.3654315855
6284,37.364069,-120.576485,342,38669.961544191
6284,37.363915,-120.576217,343,38699.404222359
6284,37.363813,-120.575992,344,38722.4748478697
6284,37.363711,-120.575938,345,38734.8440486905
6284,37.363617,-120.575917,346,38745.5097670984
6284,37.363455,-120.576109999999,347,38770.4811584407
6284,37.363131,-120.576636,348,38829.7203125289
6284,37.36302,-120.576721,349,38844.2520426537
6284,37.362943,-120.576732,350,38852.9089039383
6284,37.362645,-120.576742999999,351,38886.2108196246
6284,37.361449,-120.576791,352,39019.8760410076
6284,37.360547,-120.576679,353,39121.1257502522
6284,37.360342,-120.576679,354,39144.0248520417
6284,37.359234,-120.5767,355,39267.8058668891
6284,37.358206,-120.57663,356,39382.805994413
6284,37.355678,-120.5767,357,39665.260010815
6284,37.355482,-120.576609,358,39688.6091188512
6284,37.354893,-120.576651999999,359,39754.5137912732
6284,37.353162,-120.576748,360,39948.0609872707
6284,37.352693,-120.576791,361,40000.5897980526
6284,37.350561,-120.576866,362,40238.8343229997
6284,37.34842,-120.576856,363,40477.9919396493
6284,37.345546,-120.576898,364,40799.0479877288
6284,37.342449,-120.577033,365,41145.2013466172
6284,37.340172,-120.577059,366,41399.5594229855
6284,37.338513,-120.577096999999,367,41584.9055212443
6284,37.338483,-120.576915,368,41601.4803168791
6284,37.338534,-120.57663,369,41627.5299090431
6284,37.338573,-120.571496,370,42085.4516933587
6284,37.338585,-120.569281,371,42283.0130332085
6284,37.338573,-120.567586,372,42434.1972283343
6284,37.338739,-120.565391999999,373,42630.7586617656
6284,37.338543,-120.562667,374,42874.789038788
6284,37.338715,-120.558814999999,375,43218.8925480573
6284,37.337306,-120.558836,376,43376.2977606048
6284,37.33435,-120.558862999999,377,43706.510135885
6284,37.330848,-120.558976,378,44097.8351346898
6284,37.329598,-120.558981,379,44237.4686080708
6284,37.328331,-120.558996999999,380,44379.0075714185
6284,37.328212,-120.559078,381,44394.1374611287
6284,37.328054,-120.558862999999,382,44420.2016402369
6284,37.327811,-120.558589999999,383,44456.6693769242
6284,37.327687,-120.558429,384,44476.6226753056
6284,37.327564,-120.558182,385,44502.5893611838
6284,37.326975,-120.556508,386,44665.7722070358
6284,37.326173,-120.554341,387,44878.8344736741
6284,37.325934,-120.553708,388,44941.2963065102
6284,37.326263,-120.553536,389,44981.1223724283
6284,37.326292,-120.55344,390,44990.2785376732
6284,37.326288,-120.552844,391,45043.4481846261
6284,37.32628,-120.551782,392,45138.1910773722
6284,37.326271,-120.550827,393,45223.3906032659
6284,37.326241,-120.550044,394,45293.3208927973
6284,37.324966,-120.550066,395,45435.7619154449
6284,37.324646,-120.550109,396,45471.7136605363
6284,37.324219,-120.549052,397,45577.3869569242
6284,37.323601,-120.547346,398,45744.5068243412
6284,37.323328,-120.546563,399,45820.7266799856
6284,37.323157,-120.546025999999,400,45872.3016210091
6284,37.323097,-120.545694,401,45902.6690808612
6284,37.323072,-120.544707,402,45990.7662589742
6284,37.323029,-120.541896,403,46241.5899570395
6284,37.32302,-120.540951,404,46325.9025098765
6284,37.324206,-120.54093,405,46458.4032361289
6284,37.326548,-120.540892,406,46720.0488794866
6284,37.328553,-120.54086,407,46944.044650154
6284,37.330882,-120.540806999999,408,47204.2590761517
6284,37.331633,-120.540796,409,47288.1586659046
6284,37.331637,-120.54064,410,47302.081516961
6284,37.331659,-120.538833,411,47463.2904279724
6284,37.331676,-120.534588999999,412,47841.8753327075
6284,37.331701,-120.531799999999,413,48090.6812500536
6284,37.331718,-120.528302,414,48402.7244979201
6284,37.33171,-120.52798,415,48431.462346259
6284,37.33142,-120.528013,416,48463.99225684
6284,37.33084,-120.528023,417,48528.7912756969
6284,37.328801,-120.528045,418,48756.5802103226
6284,37.326305,-120.528072,419,49035.4234129684
6284,37.324142,-120.528114,420,49277.0852090134
6284,37.321771,-120.528156999999,421,49541.9817937508
6284,37.320755,-120.528179,422,49655.4980044999
6284,37.319736,-120.528156999999,423,49769.3493033287
6284,37.317577,-120.52819,424,50010.5531685506
6284,37.316604,-120.528222,425,50119.2862918231
6284,37.316289,-120.527374,426,50202.7303297526
6284,37.315009,-120.523887,427,50545.1420599425
6284,37.31416,-120.52157,428,50772.5966607908
6284,37.314015,-120.521119,429,50815.975852313
6284,37.313852,-120.520539999999,430,50870.7535440189
6284,37.31375,-120.520002999999,431,50920.0049442672
6284,37.313682,-120.519242,432,50988.3307778566
6284,37.314962,-120.519252,433,51131.3268384843
6284,37.315956,-120.519252,434,51242.3700518467
6284,37.316143,-120.519199,435,51263.7890270249
6284,37.316289,-120.518823,436,51301.0921564159
6284,37.316297,-120.517589,437,51411.1991249056
6284,37.316297,-120.512386,438,51875.4379244234
6284,37.31631,-120.507043,439,52352.1745495078
6284,37.316318,-120.50508,440,52527.3284547749
6284,37.315124,-120.505116999999,441,52660.7583134059
6284,37.312897,-120.505123,442,52909.5506172426
6284,37.311216,-120.505203,443,53097.4809822212
6284,37.310414,-120.505198,444,53187.0783890379
6284,37.309586,-120.505207999999,445,53279.5836080819
6284,37.309415,-120.505198,446,53298.7078881291
6284,37.309185,-120.505165,447,53324.5707802797
6284,37.308929,-120.50509,448,53353.9427519165
6284,37.308297,-120.504833,449,53428.1785903517
6284,37.308101,-120.504704,450,53452.9165274247
6284,37.307982,-120.504575,451,53470.5020800745
6284,37.307854,-120.504275,452,53500.8528536555
6284,37.307307,-120.502773,453,53648.1604844076
6284,37.307,-120.502010999999,454,53724.3195193147
6284,37.307009,-120.501893,455,53734.8975273997
6284,37.30616,-120.499602999999,456,53960.1927449505
6284,37.305072,-120.497135,457,54211.7520513304
6284,37.303723,-120.492945,458,54614.9060704489
6284,37.301948,-120.488104,459,55090.276714312
6284,37.301923,-120.488088,460,55092.0746290869
2697,37.301923,-120.488088,0,0
2697,37.301571,-120.487346,1,77.0174937365369
2697,37.301393,-120.486621,2,144.708558636967
2697,37.30095,-120.485462,3,259.376987139172
2697,37.300429,-120.485762,4,323.445750308736
2697,37.301484,-120.488777,5,617.209064186665
2697,37.30211,-120.488445,6,693.162975193385
2697,37.302673,-120.489947,7,841.232994816206
2697,37.3038,-120.492983,8,1140.00405086912
2697,37.304295,-120.494356,9,1274.43586356608
2697,37.304756,-120.495504,10,1389.10269408437
2697,37.304824,-120.49574,11,1411.49198833683
2697,37.305993,-120.49898,12,1728.75832572471
2697,37.306975,-120.501609,13,1987.7508440403
2697,37.307512,-120.502768,14,2107.31722023858
2697,37.308058,-120.504119,15,2242.4290509142
2697,37.308511,-120.505911,16,2410.15731289505
2697,37.308895,-120.507724,17,2577.53225555112
2697,37.309279,-120.509055,18,2703.8136250632
2697,37.309774,-120.510557,19,2848.80299957928
2697,37.310183,-120.511372,20,2934.69050386044
2697,37.310729,-120.511909,21,3012.25779176004
2697,37.311344,-120.512509,22,3099.35981906702
2697,37.311745,-120.51296,23,3159.57897541128
2697,37.312078,-120.513411,24,3214.38240544351
2697,37.312342,-120.513829,25,3261.93213411797
2697,37.312675,-120.514441,26,3328.0079718403
2697,37.312956,-120.51532,27,3412.48944968588
2697,37.313102,-120.516146,28,3487.97575710484
2697,37.313289,-120.517155,29,3580.39939753092
2697,37.31346,-120.519215,30,3765.1996003275
2697,37.313656,-120.520481,31,3880.26447914169
2697,37.313801,-120.521125,32,3939.96644385594
2697,37.314057,-120.521897,33,4014.5505506283
2697,37.316668,-120.529096,34,4720.00412341282
2697,37.319433,-120.536671,35,5463.08840001776
2697,37.321549,-120.542411,36,6027.11347072483
2697,37.326054,-120.554684,37,7232.12005834733
2697,37.330797,-120.567623,38,8502.12407266912
2697,37.331991,-120.570692,39,8806.63887875402
2697,37.332588,-120.571979,40,8939.40062384548
2697,37.333032,-120.573009,41,9043.80583195954
2697,37.333441,-120.574018,42,9144.73712304405
2697,37.333732,-120.575026,43,9240.34211995401
2697,37.334004,-120.576056,44,9337.10708023851
2697,37.334312,-120.577129,45,9438.80918756051
2697,37.335455,-120.580369,46,9754.7441455611
2697,37.336393,-120.582794,47,9995.07669309243
2697,37.337093,-120.584146,48,10138.7945325892
2697,37.337997,-120.585541,49,10299.0343059025
2697,37.338833,-120.586807,50,10445.558910032
2697,37.3396,-120.58803,51,10584.258983939
2697,37.339976,-120.588995,52,10680.0249104054
2697,37.340257,-120.589918,53,10768.1244897102
2697,37.34036,-120.589982,54,10780.9677161147
2697,37.340598,-120.590878,55,10865.1838132294
2697,37.340709,-120.591747,56,10943.6710038518
2697,37.340709,-120.592262,57,10989.6011428343
2697,37.340684,-120.592949,58,11050.9346108992
2697,37.340615,-120.594419,59,11182.2622757562
2697,37.340633,-120.594783,60,11214.7876230079
2697,37.340726,-120.595105,61,11245.3261015753
2697,37.340795,-120.595427,62,11275.0596870603
2697,37.340837,-120.59562,63,11292.9000983664
2697,37.341716,-120.597927,64,11520.8726082448
2697,37.342526,-120.600169,65,11740.3364286214
2697,37.343481,-120.602776,66,11996.1338454463
2697,37.344155,-120.604643,67,12178.8611428138
2697,37.344659,-120.606038,68,12315.4097252476
2697,37.344821,-120.606338,69,12347.7078906128
2697,37.345111,-120.606768,70,12397.9045217689
2697,37.345443,-120.607631,71,12483.3328575745
2697,37.345529,-120.607855,72,12505.4981178905
2697,37.345352,-120.607979,73,12528.1508683473
2697,37.345519,-120.608473,74,12575.9906432588
2697,37.345748,-120.609113,75,12638.5332899429
2697,37.345941,-120.609025,76,12661.4747509901
2697,37.346799,-120.611317,77,12887.2173677692
2697,37.346961,-120.611756,78,12930.3446119211
2697,37.34697,-120.612057,79,12957.2049109784
2697,37.346996,-120.61225,80,12974.6588494928
2697,37.34703,-120.612422,81,12990.4599779685
2697,37.347234,-120.613012,82,13047.7949532106
2697,37.347358,-120.613344,83,13080.480258297
2697,37.347571,-120.613983,84,13142.2294232212
2697,37.347874,-120.61479,85,13221.7532497239
2697,37.348382,-120.616145,86,13355.2417047581
2697,37.348842,-120.617437,87,13481.3892574454
2697,37.349486,-120.619154,88,13650.5510629099
2697,37.349976,-120.620522,89,13784.2508672255
2697,37.350817,-120.622694,90,13999.5036144619
2697,37.352471,-120.624679,91,14255.3504746435
2697,37.352932,-120.625312,92,14331.7507642914
2697,37.353384,-120.626085,93,14417.1872564901
2697,37.353827,-120.627061,94,14517.2949228526
2697,37.354126,-120.627995,95,14607.0205877012
2697,37.354381,-120.629025,96,14703.1738818313
2697,37.35462,-120.630441,97,14832.2195865836
2697,37.355115,-120.633187,98,15083.2232502326
2697,37.355507,-120.634539,99,15211.474225118
2697,37.355951,-120.63587,100,15340.0918562009
2697,37.35665,-120.637779,101,15527.3491797785
2697,37.357366,-120.639753,102,15720.6648962433
2697,37.358185,-120.64162,103,15910.6004295584
2697,37.359259,-120.643508,104,16117.2963303313
2697,37.360283,-120.645225,105,16308.3817854937
2697,37.361229,-120.647081,106,16504.706565284
2697,37.361818,-120.648658,107,16659.9286867236
2697,37.362278,-120.650235,108,16809.6131197406
2697,37.362705,-120.652092,109,16981.8972908659
2697,37.36308,-120.65428,110,17181.4019600969
2697,37.36366,-120.656748,111,17410.7584714687
2697,37.366286,-120.664001,112,18120.7434733809
2697,37.370191,-120.674622,113,19163.131090168
2697,37.371675,-120.677433,114,19463.5498506468
2697,37.372681,-120.678978,115,19641.2811941991
2697,37.373738,-120.681145,116,19867.6510763511
2697,37.374454,-120.683119,117,20060.9164636894
2697,37.374915,-120.685029,118,20238.7714040273
2697,37.375324,-120.687647,119,20476.5423768622
2697,37.375767,-120.689771,120,20672.2107945356
2697,37.376432,-120.691831,121,20870.2668971314
2697,37.377524,-120.694835,122,21164.4713317285
2697,37.38119,-120.704792,123,22141.7628209367
2697,37.382332,-120.70771,124,22431.4034477329
2697,37.38327,-120.709491,125,22621.5747021533
2697,37.383355,-120.709566,126,22633.1843615206
2697,37.383739,-120.710102,127,22697.3772538416
2697,37.384574,-120.71124,128,22835.1473397627
2697,37.385614,-120.712645,129,23005.9286323191
2697,37.385972,-120.712473,130,23048.7468825605
2697,37.386458,-120.712291,131,23105.3939995588
2697,37.386722,-120.71227,132,23134.9364463759
2697,37.387345,-120.712248,133,23204.5397516844
2697,37.389007,-120.712152,134,23390.3464273357
2697,37.389561,-120.712119,135,23452.2861562071
2697,37.389557,-120.712495,136,23485.7940687375
2697,37.38957,-120.714673,137,23679.8782072153
2697,37.389568,-120.718152,138,23989.8859660099
2697,37.389544,-120.718246,139,23998.6804959542
2697,37.389433,-120.718803,140,24049.838284786
2697,37.389425,-120.718889,141,24057.5534842309
2697,37.389442,-120.719136,142,24079.6449054305
2697,37.390107,-120.720949,143,24257.4491506634
2697,37.389817,-120.721193,144,24296.4567551322
2697,37.389508,-120.721319,145,24332.7454618366
2697,37.388615,-120.721807,146,24441.5410447093
2697,37.388376,-120.722065,147,24476.7680053399
2697,37.387711,-120.72287,148,24580.0196433104
2697,37.387438,-120.723106,149,24617.0568736054
2697,37.387277,-120.723202,150,24636.968127085
2697,37.387157,-120.723245,151,24650.9063436444
2697,37.387012,-120.723277,152,24667.3485916204
2697,37.386126,-120.723315,153,24766.3519026471
2697,37.386049,-120.72332,154,24774.9625288019
2697,37.386023,-120.725487,155,24968.0887002459
2697,37.385964,-120.730637,156,25427.0571444282
2697,37.385945,-120.737099,157,26002.8906726791
2697,37.38749,-120.73708,158,26175.4353837569
2697,37.388257,-120.737059,159,26261.1098185204
2697,37.388427,-120.737112,160,26280.6730009484
2697,37.38876,-120.737048,161,26318.2951904907
2697,37.38905,-120.736978,162,26351.2758616551
2697,37.38957,-120.736817,163,26411.0921934892
2697,37.391326,-120.73627,164,26613.158332311
2697,37.39147,-120.736667,165,26652.0160158944
2697,37.391871,-120.737418,166,26732.5339907979
2697,37.392434,-120.738201,167,26826.4508170877
2697,37.392945,-120.738748,168,26901.4967175968
2697,37.393644,-120.739285,169,26993.0537348253
2697,37.393772,-120.739381,170,27009.7117375685
2697,37.393823,-120.739467,171,27019.259114757
2697,37.394505,-120.739778,172,27100.3047652786
2697,37.395886,-120.740304,173,27261.4895748675
2697,37.396934,-120.740798,174,27386.5259981116
2697,37.397923,-120.741398,175,27509.2278820649
2697,37.40256,-120.745239,176,28129.910337051
2697,37.404861,-120.747149,177,28438.0997259074
2697,37.40665,-120.749059,178,28700.5192047526
2697,37.408236,-120.751033,179,28950.100736036
2697,37.409633,-120.752492,180,29153.1504015937
2697,37.410877,-120.753522,181,29319.633594651
2697,37.412889,-120.755088,182,29584.0959684134
2697,37.415189,-120.757535,183,29920.9572976664
2697,37.418802,-120.761611,184,30463.7147023189
2697,37.419586,-120.762491,185,30581.2220530405
2697,37.421376,-120.76453,186,30851.2863470078
2697,37.4225,-120.766118,187,31040.3816990405
2697,37.422799,-120.766568,188,31092.5453238488
2697,37.422875,-120.766606,189,31101.6820575983
2697,37.423557,-120.76755,190,31215.1208963908
2697,37.4244,-120.768676,191,31352.6636276453
2697,37.424852,-120.769213,192,31422.1965149954
2697,37.425244,-120.769578,193,31476.7200470902
2697,37.42613,-120.770264,194,31593.0004249212
2697,37.42619,-120.769696,195,31644.0264682568
2697,37.426394,-120.767582,196,31833.6657591098
2697,37.426599,-120.765705,197,32002.3856696275
2697,37.427851,-120.765656,198,32142.2632602495
2697,37.428942,-120.765592,199,32264.2273224242
2697,37.429334,-120.765764,200,32310.6040492742
2697,37.42976,-120.766107,201,32367.1373021435
2697,37.429998,-120.766622,202,32420.1437906512
2697,37.430169,-120.767115,203,32468.0196255983
2697,37.430186,-120.767716,204,32521.5737211353
2697,37.430186,-120.769047,205,32640.1021512389
2697,37.430177,-120.770495,206,32769.0533245678
2697,37.430254,-120.771514,207,32860.2035285153
2697,37.430356,-120.772136,208,32916.7525601482
2697,37.430612,-120.772609,209,32967.658473234
2697,37.430986,-120.772952,210,33019.3998444476
2697,37.4335,-120.776,211,33409.8862156009
2697,37.434053,-120.776492,212,33485.600802346
2697,37.434036,-120.777029,213,33533.456358466
2697,37.434036,-120.777479,214,33573.527188903
2697,37.433917,-120.777823,215,33606.917237256
2697,37.433764,-120.778123,216,33638.6273549785
2697,37.432895,-120.779368,217,33785.9607476206
2697,37.430833,-120.7772,218,34086.4427549389
2697,37.430083,-120.776213,219,34207.8481989473
2697,37.428891,-120.777887,220,34407.6984630261
2697,37.427493,-120.779775,221,34637.1298208286
2697,37.426897,-120.780634,222,34738.5259904566
2697,37.426812,-120.780848,223,34759.816479822
2697,37.426812,-120.781256,224,34796.1506850094
2697,37.426863,-120.784571,225,35091.4200556367
2697,37.426888,-120.791904,226,35744.4541279055
2697,37.426922,-120.795193,227,36037.3725738173
2697,37.430577,-120.794967,228,36445.9994141855
2697,37.43407,-120.794978,229,36836.0421198976
2697,37.434053,-120.790461,230,37238.2587043367
2697,37.434002,-120.785848,231,37649.0616715951
2697,37.435008,-120.785762,232,37761.6577432305
2697,37.435416,-120.78559,233,37809.7226068619
2697,37.435825,-120.785333,234,37860.8062376225
2697,37.436149,-120.785011,235,37906.9693849548
2697,37.436422,-120.784571,236,37956.6109805229
2697,37.436831,-120.783745,237,38043.1863731027
2697,37.437274,-120.782672,238,38150.775082596
2697,37.437665,-120.783166,239,38212.7518582642
2697,37.438006,-120.783681,240,38272.3564992186
2697,37.438568,-120.784432,241,38364.061573055
2697,37.439199,-120.785247,242,38465.2086521082
2697,37.439983,-120.786191,243,38586.5718558296
2697,37.441448,-120.787586,244,38791.9709065063
2697,37.444404,-120.790687,245,39222.2981668438
2697,37.446039,-120.793262,246,39515.3676531008
2697,37.447538,-120.795493,247,39775.1145087261
2697,37.449514,-120.797853,248,40079.7910876744
2697,37.451286,-120.79927,249,40314.4489196092
2697,37.453909,-120.80133,250,40660.0132095073
2697,37.455749,-120.803604,251,40948.4396152686
2697,37.457009,-120.805836,252,41191.8933106223
2697,37.458372,-120.809183,253,41526.444769338
2697,37.46498,-120.825963,254,43192.3063989525
2697,37.472542,-120.845232,255,45103.77354314
2697,37.477515,-120.857935,256,46363.180242662
2697,37.47857,-120.859823,257,46568.3597123073
2697,37.479796,-120.861626,258,46779.2529550121
2697,37.481022,-120.862956,259,46960.2013195683
2697,37.482351,-120.864158,260,47143.1125050793
2697,37.484632,-120.865574,261,47427.2486337448
2697,37.493179,-120.87008,262,48462.3151942195
2697,37.504006,-120.875884,263,49776.7900019651
2697,37.506079,-120.876995,264,50028.4528603737
2697,37.50836,-120.878218,265,50305.3835564183
2697,37.510819,-120.879527,266,50603.5940157276
2697,37.513985,-120.8812,267,50987.1136810228
2697,37.51664,-120.882627,268,51309.5646410687
2697,37.518538,-120.883614,269,51538.9324969559
2697,37.51864,-120.883604,270,51550.3552797073
2697,37.519568,-120.883968,271,51658.9036728995
2697,37.520589,-120.884312,272,51776.9297485779
2697,37.521031,-120.884376,273,51826.6052860727
2697,37.521482,-120.884419,274,51877.1035293808
2697,37.52184,-120.884462,275,51917.2560109764
2697,37.521769,-120.882504,276,52091.5534619513
2697,37.521704,-120.877928,277,52498.5459704104
2697,37.521729,-120.877445,278,52541.5882645825
2697,37.521763,-120.877231,279,52560.9935423088
2697,37.521746,-120.875514,280,52713.6930702071
2697,37.521772,-120.870944,281,53120.1019909578
2697,37.521848,-120.870718,282,53141.9175559427
2697,37.521814,-120.869731,283,53229.7713512641
2697,37.521831,-120.867757,284,53405.3255245176
2697,37.521857,-120.863519,285,53782.2153754847
2697,37.521783,-120.861881,286,53928.114985933
2697,37.521801,-120.861583,287,53954.6919341023
2697,37.52181,-120.860671,288,54035.8014984371
2697,37.521827,-120.859759,289,54116.927147076
2697,37.521818,-120.858943,290,54189.5004351005
2697,37.52181,-120.858171,291,54258.1597791359
2697,37.519861,-120.858139,292,54475.7893160978
2697,37.519138,-120.858128,293,54556.5200808569
2697,37.5167,-120.858112,294,54828.7328719152
2697,37.514649,-120.858091,295,55057.7400066126
2697,37.50936,-120.858187,296,55648.3323967197
2697,37.507385,-120.858112,297,55868.9471850468
2697,37.506919,-120.858128,298,55920.9967644215
2697,37.506826,-120.858367,299,55944.6556391035
2697,37.506926,-120.858739,300,55979.5770851587
2697,37.507148,-120.858934,301,56009.829798373
2697,37.507086,-120.859184,302,56033.1191496963
2697,37.506657,-120.858645,303,56100.8893596197
2697,37.506672,-120.858444,304,56118.8461117862
2697,37.506794,-120.858287,305,56138.3541427044
2697,37.506828,-120.858058,306,56159.0738585282
2697,37.507222,-120.858034,307,56203.1167599419
2697,37.507422,-120.85823,308,56231.4466485287
2697,37.5073,-120.867242,309,57033.1458834323
2697,37.507292,-120.871759,310,57434.9131390103
2697,37.5074,-120.873,311,57545.9504579716
2697,37.507283,-120.875106,312,57733.7229093591
2697,37.507275,-120.877166,313,57916.9507022503
2697,37.507266,-120.878475,314,58033.3830613772
2697,37.507096,-120.878422,315,58052.9400446309
2697,37.505241,-120.877081,316,58291.9400667089
2697,37.504236,-120.876426,317,58418.3712428155
2697,37.504177,-120.876308,318,58430.7630235873
2697,37.503555,-120.875975,319,58506.2618968048
2697,37.499197,-120.873674,320,59034.1282168132
2697,37.494294,-120.870992,321,59631.281358232
2697,37.492192,-120.869898,322,59885.3505057169
2697,37.488157,-120.867709,323,60376.1521413859
2697,37.48327,-120.865134,324,60967.9376200254
2697,37.482282,-120.864447,325,61094.0529084528
2697,37.481363,-120.863675,326,61217.5303727136
2697,37.480478,-120.862795,327,61343.6047549859
2697,37.479643,-120.861851,328,61469.0921280123
2697,37.478724,-120.860585,329,61621.4675465631
2697,37.477804,-120.858954,330,61799.2704100052
2697,37.476561,-120.856143,331,62085.3246452152
2697,37.475624,-120.85374,332,62323.3765488556
2697,37.472644,-120.846187,333,63073.3511347495
2697,37.469936,-120.839299,334,63756.8472183368
2697,37.468012,-120.834364,335,64245.7673792181
2697,37.465832,-120.828892,336,64790.2140312842
2697,37.462324,-120.82003,337,65670.8692475127
2697,37.458917,-120.811318,338,66534.6056396305
2697,37.456958,-120.806404,339,67023.6630655234
2697,37.456566,-120.805696,340,67100.3949580156
2697,37.456107,-120.804838,341,67192.373474036
2697,37.455425,-120.803808,342,67311.5617548297
2697,37.454608,-120.802692,343,67446.4383137969
2697,37.453756,-120.801748,344,67573.3736285015
2697,37.452921,-120.800976,345,67689.2022007546
2697,37.451678,-120.799967,346,67854.5279383426
2697,37.450877,-120.799409,347,67956.8383808523
2697,37.449787,-120.798572,348,68099.5483668855
2697,37.448748,-120.797628,349,68242.8063622936
2697,37.447623,-120.796319,350,68414.1577199373
2697,37.446652,-120.79501,351,68573.3339617289
2697,37.44563,-120.793229,352,68768.6930737621
2697,37.444625,-120.791577,353,68953.6960733365
2697,37.444046,-120.790805,354,69048.0585686386
2697,37.442887,-120.789453,355,69224.8040464275
2697,37.44069,-120.787414,356,69529.9984960789
2697,37.440076,-120.786856,357,69614.6695175407
2697,37.439991,-120.786851,358,69624.171492467
2697,37.439403,-120.786379,359,69702.1285971647
2697,37.438023,-120.785306,360,69883.440538097
2697,37.43666,-120.784276,361,70061.1370882741
2697,37.436452,-120.784684,362,70104.2564707622
2697,37.43629,-120.784931,363,70132.733735218
2697,37.436009,-120.785242,364,70174.5839511182
2697,37.435651,-120.785564,365,70223.7792070629
2697,37.435404,-120.785703,366,70254.0103447886
2697,37.435165,-120.78581,367,70282.3480767163
2697,37.434697,-120.785928,368,70335.6532787133
2697,37.434296,-120.785928,369,70380.4310823088
2697,37.43416,-120.785971,370,70396.0928210597
2697,37.434083,-120.786079,371,70408.992955054
2697,37.434058,-120.786443,372,70441.5253246601
2697,37.434117,-120.790488,373,70801.7711704316
2697,37.434143,-120.794361,374,71146.6509512673
2697,37.434143,-120.795069,375,71209.6938909835
2697,37.430905,-120.795241,376,71571.5852470482
2697,37.428222,-120.795316,377,71871.2533786918
2697,37.426841,-120.795273,378,72025.5084773796
2697,37.42682,-120.792068,379,72310.9317681231
2697,37.426714,-120.784062,380,73023.9922520676
2697,37.426714,-120.781755,381,73229.4404764873
2697,37.426731,-120.780832,382,73311.6596957077
2697,37.426799,-120.780661,383,73328.6761623804
2697,37.426969,-120.780382,384,73359.9443145747
2697,37.427353,-120.779791,385,73427.8317729791
2697,37.42835,-120.77845,386,73591.0984651581
2697,37.430079,-120.776079,387,73877.206757484
2697,37.430714,-120.77675,388,73969.9346071554
2697,37.432865,-120.779212,389,74295.1409760014
2697,37.433853,-120.777817,390,74461.2815609628
2697,37.43393,-120.777506,391,74490.2791075809
2697,37.433964,-120.777217,392,74516.2920714685
2697,37.433964,-120.776519,393,74578.4464801363
2697,37.432622,-120.775119,394,74773.3795573609
2697,37.430931,-120.773064,395,75036.3327774702
2697,37.430735,-120.772893,396,75062.9957976476
2697,37.43059,-120.772721,397,75085.2843173323
2697,37.430454,-120.77255,398,75106.7906752966
2697,37.430343,-120.772324,399,75130.4270629142
2697,37.430241,-120.772035,400,75158.5708080848
2697,37.430173,-120.771702,401,75189.1817765053
2697,37.430096,-120.770532,402,75293.7266234072
2697,37.430088,-120.768333,403,75489.5542910337
2697,37.430088,-120.767807,404,75536.3958142486
2697,37.430045,-120.767174,405,75592.9701472224
2697,37.429951,-120.766724,406,75634.3957766898
2697,37.429806,-120.76638,407,75669.0459103327
2697,37.429645,-120.766155,408,75695.9663763201
2697,37.42944,-120.765941,409,75725.75284166
2697,37.42921,-120.765801,410,75754.3027712404
2697,37.428946,-120.765705,411,75784.9979468944
2697,37.428209,-120.765764,412,75867.4654937248
2697,37.426663,-120.76579,413,76040.1211668943
2697,37.426177,-120.770372,414,76451.7722285789
2697,37.425938,-120.772539,415,76646.5947525367
2697,37.425589,-120.772195,416,76696.1665072516
2697,37.425086,-120.771638,417,76771.1038500323
2697,37.424959,-120.771444,418,76793.4561870834
2697,37.423817,-120.769106,419,77037.6242193389
2697,37.42334,-120.768258,420,77130.0415371787
2697,37.423297,-120.768119,421,77143.3195757393
2697,37.422973,-120.76755,422,77205.5855142987
2697,37.421359,-120.76512,423,77487.2272941143
2697,37.420967,-120.764669,424,77546.6379511766
2697,37.418018,-120.7613,425,77992.1541253015
2697,37.415667,-120.75864,426,78345.7901142202
2697,37.413093,-120.755786,427,78729.5167265474
2697,37.412156,-120.754949,428,78857.9969391311
2697,37.411116,-120.754176,429,78993.0122456414
2697,37.409514,-120.75291,430,79204.487771965
2697,37.408866,-120.752288,431,79295.6271881062
2697,37.408082,-120.751473,432,79409.3633874691
2697,37.407281,-120.750464,433,79536.1708375909
2697,37.406378,-120.749305,434,79680.4918756743
2697,37.405679,-120.748512,435,79785.7708717192
2697,37.404895,-120.747696,436,79899.5666326027
2697,37.403344,-120.746387,437,80108.3688877081
2697,37.398503,-120.742375,438,80756.453911398
2697,37.397667,-120.741709,439,80867.0736341938
2697,37.396985,-120.741237,440,80954.0735194504
2697,37.396338,-120.740916,441,81031.7806542812
2697,37.395315,-120.740529,442,81151.112641954
2697,37.393832,-120.73995,443,81324.5733192801
2697,37.393218,-120.739607,444,81399.6433446291
2697,37.392962,-120.739499,445,81429.8078752111
2697,37.392796,-120.739424,446,81449.5133982779
2697,37.392063,-120.738963,447,81541.0981132773
2697,37.391211,-120.738394,448,81648.9090507784
2697,37.390776,-120.738147,449,81702.2401856749
2697,37.39029,-120.737869,450,81761.8993188743
2697,37.39,-120.737622,451,81801.0554801603
2697,37.389813,-120.737396,452,81830.0663057572
2697,37.389548,-120.736903,453,81883.0335302087
2697,37.388892,-120.737091,454,81958.1826303128
2697,37.388397,-120.737171,455,82013.9190169016
2697,37.388274,-120.737225,456,82028.4733357404
2697,37.387779,-120.737249,457,82083.7933281191
2697,37.385891,-120.737257,458,82294.6350810164
2697,37.385891,-120.735154,459,82482.0331325548
2697,37.385908,-120.731474,460,82809.9644154751
2697,37.385942,-120.727569,461,83157.9627143511
2697,37.38593,-120.723224,462,83545.1538518492
2697,37.386266,-120.723159,463,83583.1215893962
2697,37.386974,-120.723224,464,83662.4004448301
2697,37.387144,-120.723181,465,83681.7682743272
2697,37.387315,-120.723106,466,83702.0006595025
2697,37.387485,-120.722977,467,83724.1945759714
2697,37.38769,-120.722795,468,83752.250662582
2697,37.388201,-120.722162,469,83832.4895432053
2697,37.388611,-120.721738,470,83891.8526961692
2697,37.388917,-120.721545,471,83930.1093284644
2697,37.389128,-120.7214,472,83956.9830594529
2697,37.38935,-120.721225,473,83986.2717232531
2697,37.390017,-120.720922,474,84065.5024742128
2697,37.389412,-120.719281,475,84226.5828380531
2697,37.389369,-120.719109,476,84242.6441198597
2697,37.389352,-120.718948,477,84257.1156053837
2697,37.389493,-120.718103,478,84334.0408803798
2697,37.389497,-120.717929,479,84349.5521291707
2697,37.389514,-120.716545,480,84472.892532888
2697,37.389518,-120.7125,481,84833.3371161081
2697,37.389497,-120.712189,482,84861.1490500577
2697,37.387579,-120.712296,483,85075.5604779734
2697,37.386514,-120.712361,484,85194.6390000852
2697,37.386309,-120.712404,485,85217.8515412136
2697,37.38567,-120.712683,486,85293.4210807368
2697,37.384178,-120.713348,487,85470.2697616308
2697,37.383879,-120.712264,488,85572.4793138256
2697,37.383504,-120.711105,489,85683.9323160107
2697,37.383266,-120.710515,490,85742.8474629797
2697,37.382967,-120.709893,491,85807.5590349955
2697,37.382567,-120.70911,492,85890.4122233902
2697,37.382567,-120.708863,493,85912.4243023636
2697,37.381701,-120.707002,494,86104.4129645241
2697,37.380559,-120.703847,495,86413.1596577888
2697,37.379502,-120.700972,496,86695.2696870477
2697,37.377609,-120.695736,497,87207.5787872341
2697,37.376245,-120.69211,498,87564.8553578184
2697,37.375682,-120.690501,499,87721.4413184533
2697,37.375171,-120.688527,500,87906.4065096988
2697,37.374813,-120.68593,501,88141.3046755272
2697,37.374471,-120.684278,502,88293.4219187028
2697,37.374045,-120.682776,503,88435.4999863028
2697,37.373465,-120.68121,504,88589.3793500209
2697,37.37292,-120.680008,505,88712.600395169
2697,37.372204,-120.67872,506,88852.5098169219
2697,37.37118,-120.677176,507,89031.4509875329
2697,37.370464,-120.67591,508,89169.7586524417
2697,37.369935,-120.674815,509,89283.8526105207
2697,37.3691,-120.672519,510,89508.7601265946
2697,37.365774,-120.66355,511,90390.3546793086
2697,37.363523,-120.657327,512,90999.4207248152
2697,37.36325,-120.656533,513,91076.4922707388
2697,37.362892,-120.654945,514,91223.598739255
2697,37.362125,-120.65074,515,91608.1372331625
2697,37.36163,-120.648894,516,91781.7482414548
2697,37.361289,-120.647972,517,91872.3410418683
2697,37.360556,-120.646298,518,92042.5629571761
2697,37.359873,-120.645053,519,92177.2459214162
2697,37.358611,-120.643036,520,92405.7305218189
2697,37.35781,-120.64147,521,92571.5538953314
2697,37.357264,-120.640247,522,92696.488371524
2697,37.356241,-120.6375,523,92966.7490170136
2697,37.355166,-120.634775,524,93237.7603479508
2697,37.354501,-120.63308,525,93406.1553644534
2697,37.353938,-120.631492,526,93561.0815495148
2697,37.353153,-120.629443,527,93763.7282468175
2697,37.352787,-120.62837,528,93867.7696865995
2697,37.352437,-120.62734,529,93967.5838941784
2697,37.351934,-120.626031,530,94097.1198700949
2697,37.351593,-120.62513,531,94186.0302065282
2697,37.351303,-120.624368,532,94261.3015086686
2697,37.350296,-120.621622,533,94530.7551940566
2697,37.349789,-120.620313,534,94660.4897958722
2697,37.349205,-120.618714,535,94817.2855743402
2697,37.348671,-120.617223,536,94963.0057608063
2697,37.34804,-120.615525,537,95130.0197497266
2697,37.347571,-120.614251,538,95255.1222067787
2697,37.34736,-120.613674,539,95311.716074171
2697,37.347162,-120.61309,540,95368.2950172069
2697,37.346949,-120.612599,541,95418.1258209849
2697,37.346889,-120.612266,542,95448.5677357726
2697,37.346855,-120.612051,543,95468.1127414223
2697,37.346915,-120.611976,544,95477.5808183064
2697,37.346906,-120.611783,545,95494.8208160823
2697,37.346546,-120.610735,546,95596.5595457632
2697,37.345934,-120.609073,547,95759.7741419243
2697,37.345794,-120.608695,548,95796.9332883254
2697,37.345755,-120.608629,549,95804.2556551488
2697,37.345691,-120.608586,550,95812.3677922559
2697,37.345646,-120.608532,551,95819.3286621148
2697,37.345596,-120.608435,552,95829.625029305
2697,37.345553,-120.608321,553,95840.8686368278
2697,37.345553,-120.608213,554,95850.4997069079
2697,37.345571,-120.608134,555,95857.8259356993
2697,37.345484,-120.607858,556,95884.2876181072
2697,37.345064,-120.606784,557,95990.9360661423
2697,37.344799,-120.606387,558,96037.0832028955
2697,37.34462,-120.606043,559,96073.7007529122
2697,37.343844,-120.603962,560,96278.5255524054
2697,37.34271,-120.600775,561,96589.6905208237
2697,37.341588,-120.597755,562,96886.7511634637
2697,37.34094,-120.596017,563,97057.8191117595
2697,37.339788,-120.592831,564,97369.7408478637
2697,37.338415,-120.589108,565,97735.490668011
2697,37.337041,-120.585337,566,98105.1855423496
2697,37.336077,-120.582697,567,98364.1031172804
2697,37.336094,-120.58259,568,98373.8337098571
2697,37.334815,-120.579307,569,98699.646896496
2697,37.332972,-120.574157,570,99203.0242632322
2697,37.331368,-120.56978,571,99632.5938597012
2697,37.328366,-120.561583,572,100437.008886043
2697,37.326062,-120.555253,573,101057.569296854
2697,37.323076,-120.547121,574,101856.035193814
2697,37.320141,-120.539117,575,102641.782651383
2697,37.317018,-120.530641,576,103474.602123887
2697,37.314219,-120.522981,577,104226.190564715
2697,37.313861,-120.522037,578,104319.433100588
2697,37.313366,-120.520728,579,104448.660906142
2697,37.312837,-120.519204,580,104596.930989479
2697,37.312342,-120.517938,581,104722.703723077
2697,37.311608,-120.5159,582,104922.186684863
2697,37.311028,-120.514333,583,105076.295069428
2697,37.310448,-120.512692,584,105236.420102149
2697,37.309944,-120.511442,585,105361.366527403
2697,37.309304,-120.509629,586,105538.242213208
2697,37.308809,-120.50803,587,105691.269707637
2697,37.308553,-120.506925,588,105793.938562166
2697,37.308127,-120.505047,589,105968.150357583
2697,37.307666,-120.503781,590,106092.309362249
2697,37.307094,-120.502269,591,106241.603803314
2697,37.305899,-120.498943,592,106567.054849121
2697,37.30537,-120.497596,593,106701.003813944
2697,37.305072,-120.497135,594,106753.926930563
2697,37.304969,-120.496405,595,106820.081594602
2697,37.303723,-120.492967,596,107156.998113416
2697,37.3019378032162,-120.488134404928,597,107632.164165377
2697,37.301923,-120.488088,598,107637.477864909
2693,37.301814,-120.488202,0,0
2693,37.301735,-120.488031999999,1,17.552268229079
2693,37.301649,-120.487876,2,34.4681320237808
2693,37.301786,-120.487688,3,57.1787808877316
2693,37.301479,-120.486904999999,4,135.022194845972
2693,37.301022,-120.48566,5,257.303909784541
2693,37.300548,-120.484471999999,6,375.819505064296
2693,37.299772,-120.482372,7,582.322482805019
2693,37.30182,-120.481234999999,8,832.618928300067
2693,37.301998,-120.481098,9,855.963307002668
2693,37.304635,-120.479583,10,1180.1153953466
2693,37.304739,-120.479465,11,1195.79655431887
2693,37.304193,-120.478005,12,1339.66572773177
2693,37.306881,-120.476482,13,1669.29858106612
2693,37.307034,-120.476957,14,1715.00516652681
2693,37.307495,-120.478122999999,15,1831.10934862603
2693,37.307128,-120.478314,16,1875.51282519588
2693,37.304833,-120.47969,17,2159.80155868795
2693,37.302424,-120.473033,18,2812.03052049787
2693,37.299334,-120.464624,19,3638.12997841171
2693,37.297508,-120.459646,20,4127.03618407808
2693,37.295699,-120.454718,21,4611.10796065364
2693,37.295426,-120.453941,22,4686.87288340108
2693,37.29537,-120.453828,23,4698.74211999839
2693,37.295294,-120.453772,24,4708.59527956832
2693,37.295198,-120.453737,25,4719.76665275861
2693,37.295144,-120.453238,26,4764.71393277817
2693,37.295128,-120.452548999999,27,4826.23984454967
2693,37.295119,-120.451647999999,28,4906.6692442769
2693,37.293819,-120.451699,29,5051.98432869019
2693,37.292304,-120.451709,30,5221.25152432527
2693,37.291271,-120.45172,31,5336.66862746171
2693,37.288996,-120.451732,32,5590.8474687804
2693,37.287822,-120.451740999999,33,5722.01622169006
2693,37.2878,-120.447999999999,34,6055.98033480285
2693,37.2878,-120.445,35,6323.78865818674
2693,37.287729,-120.436796,36,7056.20525412766
2693,37.287703,-120.433599,37,7341.62010455696
2693,37.280533,-120.433588,38,8142.72006985295
2693,37.2805,-120.435,39,8268.83730005674
2693,37.2806,-120.44,40,8715.3743960549
2693,37.2806,-120.442999999999,41,8983.21081874826
2693,37.2806,-120.446,42,9251.04591095385
2693,37.280584,-120.446484,43,9294.29348073903
2693,37.2827,-120.449,44,9620.40023610299
2693,37.284331,-120.45128,45,9893.59731403684
2693,37.284852,-120.451452,46,9953.79774402149
2693,37.285347,-120.451515999999,47,10009.3964655252
2693,37.287172,-120.451595,48,10213.4183618184
2693,37.288991,-120.451576,49,10416.6550365023
2693,37.290067,-120.451441,50,10537.4747333619
2693,37.291484,-120.451494,51,10695.8611746976
2693,37.291553,-120.451527,52,10704.1138957854
2693,37.291553,-120.453286,53,10861.1293974497
2693,37.291514,-120.454407,54,10961.2890332662
2693,37.291589,-120.456033,55,11106.6734203502
2693,37.291625,-120.460646,56,11518.4638881202
2693,37.291582,-120.461552999999,57,11599.567593484
2693,37.2921883141034,-120.462826641872,58,11731.9068381275
2693,37.292722,-120.463924,59,11846.5790898064
2693,37.293046,-120.464572999999,60,11914.8889603854
2693,37.293144,-120.464696,61,11930.3943719549
2693,37.293264,-120.464770999999,62,11945.379685789
2693,37.293452,-120.464727999999,63,11966.7315216662
2693,37.293648,-120.464686,64,11988.9479308884
2693,37.293849,-120.46468,65,12011.410753888
2693,37.294015,-120.464696,66,12030.0117727797
2693,37.29422,-120.464770999999,67,12053.8734162512
2693,37.294416,-120.464868,68,12077.4207570796
2693,37.294572,-120.464973,69,12097.2097176221
2693,37.294711,-120.465184,70,12121.620161894
2693,37.294839,-120.465345,71,12141.8938162909
2693,37.294937,-120.465555,72,12163.6015060317
2693,37.295193,-120.465512,73,12192.4590733727
2693,37.295163,-120.463833,74,12342.3605936611
2693,37.295154,-120.461794,75,12524.3608726821
2693,37.295163,-120.459728999999,76,12708.6824549997
2693,37.295171,-120.459015,77,12772.4194430894
2693,37.295159,-120.457213,78,12933.2695694417
2693,37.295129,-120.454906,79,13139.217886538
2693,37.295154,-120.453533,80,13261.803009841
2693,37.295265,-120.453608,81,13275.8960624331
2693,37.295406,-120.453763999999,82,13296.9212210663
2693,37.295595,-120.454195,83,13340.8061129442
2693,37.296016,-120.455325,84,13452.0967934139
2693,37.297602,-120.459635,85,13875.6421694171
2693,37.299615,-120.465138,86,14415.8493340008
2693,37.302392,-120.472534,87,15145.2213801266
2693,37.304321,-120.477823,88,15664.1170229506
2693,37.306838,-120.476396,89,15972.8126255454
2693,37.307014,-120.476937,90,16024.9431003111
2693,37.307367,-120.478080999999,91,16134.3879984606
2693,37.304585,-120.479743,92,16478.7724974779
2693,37.302255,-120.48117,93,16768.5651392611
2693,37.30188,-120.48131,94,16812.2838090632
2693,37.29996,-120.482468999999,95,17050.4249979257
2693,37.301086,-120.485387,96,17339.6435576229
2693,37.300429,-120.48573,97,17419.1711606017
2693,37.301538,-120.488755999999,98,17716.2984685442
2693,37.301803,-120.488608,99,17748.7168922634
2693,37.301807,-120.48843,100,17764.6090476128
2693,37.301814,-120.488202,101,17767.8428909998
20185,37.301814,-120.488202,0,0
20185,37.30185,-120.488353,1,14.0635712592632
20185,37.301816,-120.48845,2,23.5171555833939
20185,37.301841,-120.488579,3,35.363888580948
20185,37.301805,-120.488675,4,44.8285778593665
20185,37.300768,-120.489255,5,171.719404049033
20185,37.299644,-120.486127,6,477.83044293349
20185,37.300924,-120.485387,7,635.346006757053
20185,37.299917,-120.482651,8,904.200739545964
20185,37.29757,-120.476353,9,1524.45574590651
20185,37.297314,-120.475731,10,1586.90566444015
20185,37.296921,-120.475034,11,1663.04946590834
20185,37.296742,-120.474926,12,1685.24961571277
20185,37.296452,-120.474454,13,1738.39566944825
20185,37.296059,-120.473639,14,1823.36239577978
20185,37.29419,-120.468585,15,2320.45093773978
20185,37.29425,-120.468457,16,2333.69736463227
20185,37.294676,-120.468156,17,2388.3508714539
20185,37.294941,-120.467899,18,2425.80430776384
20185,37.295103,-120.467598,19,2458.19859824668
20185,37.295171,-120.467019,20,2510.43415764345
20185,37.295136,-120.463772,21,2800.28074546928
20185,37.295111,-120.459729,22,3161.16332274689
20185,37.295052,-120.45776,23,3337.03768457431
20185,37.295151,-120.455,24,3583.64134277885
20185,37.295069,-120.447224,25,4277.78756068076
20185,37.294933,-120.425434,26,6222.87274323068
20185,37.295069,-120.41522,27,7134.74882873971
20185,37.295052,-120.406895,28,7877.890582807
20185,37.29524,-120.397711,29,8697.98945225657
20185,37.295854,-120.380202,30,10262.4998366639
20185,37.295948,-120.379107,31,10360.8127892535
20185,37.295957,-120.37636,32,10606.0391772804
20185,37.295598,-120.352178,33,12765.1893953018
20185,37.295428,-120.337329,34,14090.9746426064
20185,37.295342,-120.324787,35,15210.7344928823
20185,37.295329,-120.322754,36,15392.2438366433
20185,37.294416,-120.322797,37,15494.3437541234
20185,37.293708,-120.322759,38,15573.5354360191
20185,37.293721,-120.321166,39,15715.7673003013
20185,37.291821,-120.32115,40,15928.0976263915
20185,37.2918178816451,-120.320709009688,41,15967.4722429432
20185,37.2917999221481,-120.319524440475,42,16073.2537025836
20185,37.2918209609904,-120.318086601188,43,16201.6507534131
20185,37.2918002431858,-120.316858473541,44,16311.3271433353
20185,37.2918130077568,-120.314862996017,45,16489.4972380355
20185,37.2917837894479,-120.31293681847,46,16661.5058169888
20185,37.290767,-120.312942,47,16775.134831329
20185,37.290784,-120.314632,48,16926.0395089822
20185,37.2908,-120.321,49,17494.6092532869
20185,37.290804,-120.321174,50,17510.1511867341
20185,37.290138,-120.321174,51,17584.576871802
20185,37.290108,-120.321281,52,17594.7015539325
20185,37.29002,-120.321378,53,17607.80557452
20185,37.2883,-120.319278,54,17876.3235704617
20185,37.28801,-120.319637,55,17921.9058012399
20185,37.287972,-120.319701,56,17929.0253337862
20185,37.2879678228666,-120.324947691154,57,18397.4906385043
20185,37.2846425128254,-120.324942784408,58,18769.0929065688
20185,37.2846467809487,-120.323542488777,59,18894.1281961069
20185,37.2846381271072,-120.32296560102,60,18945.6484848325
20185,37.2843691628708,-120.32235194054,61,19008.1455702516
20185,37.284283800043,-120.321981795696,62,19042.5456843839
20185,37.284284,-120.320786,63,19149.3210074339
20185,37.284254,-120.320678,64,19159.5307056376
20185,37.284272,-120.319905,65,19228.5830858756
20185,37.284272,-120.318945,66,19314.3039676309
20185,37.284263,-120.318156,67,19384.7631036858
20185,37.284267,-120.317486,68,19444.5909724695
20185,37.28425,-120.316697,69,19515.0687204142
20185,37.284241,-120.316166,70,19562.4940043575
20185,37.284306,-120.315828,71,19593.5368789731
20185,37.284429,-120.315635,72,19615.5807381451
20185,37.283939,-120.315002,73,19694.2780708232
20185,37.280562,-120.310791,74,20227.0212691093
20185,37.262885,-120.28892,75,23005.1416212205
20185,37.234347,-120.253193,76,27517.4347817479
20185,37.234031,-120.252829,77,27565.4491057626
20185,37.233707,-120.252614,78,27606.4418103798
20185,37.232295,-120.25446,79,27834.734663354
20185,37.2320665294901,-120.254775626983,80,27872.7818469701
20185,37.2317929252698,-120.254443371688,81,27915.404389445
20185,37.2312591358718,-120.253842268508,82,27995.6832298022
20185,37.2305078576709,-120.25292469577,83,28113.0468395014
20185,37.2297517263516,-120.251980613769,84,28232.4617556254
20185,37.2292488641184,-120.251288254042,85,28316.0509828576
20185,37.2288,-120.252,86,28397.0613278398
20185,37.228436,-120.252239,87,28443.0095303489
20185,37.2284,-120.248,88,28821.8702081734
20185,37.228436,-120.246257,89,28977.6948138678
20185,37.233002,-120.251906,90,29695.5254175015
20185,37.233433,-120.252298,91,29755.0863245216
20185,37.234027,-120.252732,92,29831.9723844711
20185,37.234292,-120.253027,93,29871.6225787036
20185,37.242304,-120.262957,94,31132.2333861649
20185,37.262432,-120.287987,95,34304.046558712
20185,37.280652,-120.310743,96,37180.9285237989
20185,37.284015,-120.314927,97,37710.8617964813
20185,37.284557,-120.315624,98,37797.707197038
20185,37.284365,-120.315877,99,37828.8637186014
20185,37.284314,-120.316182,100,37856.6880433084
20185,37.284322,-120.316713,101,37904.111041498
20185,37.284327,-120.317497,102,37974.1188815708
20185,37.284335,-120.318162,103,38033.5052924063
20185,37.28434,-120.318961,104,38104.8522966521
20185,37.284344,-120.319905,105,38189.1456019035
20185,37.2843091230093,-120.320640449073,106,38254.931166721
20185,37.2843414537227,-120.32080133682,107,38269.7445624232
20185,37.284337185582,-120.321949322279,108,38372.2518329899
20185,37.2844438890259,-120.322319467123,109,38407.3880313586
20185,37.2846957085535,-120.322947104032,110,38470.099288347
20185,37.2847155138522,-120.323552870391,111,38524.2343318345
20185,37.2847106373726,-120.324814055572,112,38636.8485687482
20185,37.28787346412,-120.324797140228,113,38990.2964482727
20185,37.287891,-120.319637,114,39451.0383787549
20185,37.287925,-120.319546,115,39460.0080862194
20185,37.288309,-120.319138,116,39516.2981282876
20185,37.289897,-120.321069,117,39763.7209920235
20185,37.29053,-120.321075,118,39834.4609590116
20185,37.2905,-120.321,119,39841.9496579863
20185,37.290507,-120.317341,120,40168.6449625854
20185,37.290533,-120.315034,121,40374.6472840096
20185,37.290533,-120.312814,122,40572.8619879286
20185,37.2918644731941,-120.312829542327,123,40721.6630428419
20185,37.2918940795294,-120.314862911361,124,40903.2411186557
20185,37.2918849490454,-120.318638865081,125,41240.3743552982
20185,37.291885585245,-120.320061322753,126,41367.3763281183
20185,37.2918771812033,-120.321026449073,127,41453.5511017438
20185,37.2924,-120.321,128,41512.0239642393
20185,37.293789,-120.321069,129,41667.3673259163
20185,37.293814,-120.322593,130,41803.4599395763
20185,37.294681,-120.322539,131,41900.467070313
20185,37.2953972548359,-120.322560355819,132,41980.5312579469
20185,37.2954017898595,-120.323976635581,133,42106.9758405914
20185,37.29540205737,-120.324733635581,134,42174.5596715004
20185,37.295398,-120.3249,135,42189.4193450161
20185,37.295871,-120.353873,136,44776.5520503261
20185,37.29623,-120.376318,137,46780.6553826683
20185,37.296196,-120.378807,138,47002.8798462922
20185,37.295513,-120.397668,139,48688.3002806653
20185,37.295317,-120.415778,140,50305.0595520038
20185,37.295342,-120.431807,141,51735.8713367833
20185,37.295278,-120.455233,142,53826.9089648465
20185,37.295285,-120.458774,143,54142.9757849739
20185,37.295289,-120.464079,144,54616.4910966932
20185,37.295462,-120.466955,145,54873.9224425583
20185,37.295359,-120.467491,146,54923.1288327111
20185,37.295103,-120.468071,147,54982.2734145484
20185,37.294745,-120.468457,148,55035.0634292344
20185,37.294574,-120.468607,149,55058.3924508496
20185,37.29547,-120.471547,150,55339.2538208974
20185,37.296255,-120.473639,151,55545.547898478
20185,37.296913,-120.474755,152,55669.346063015
20185,37.29693,-120.474873,153,55680.0479548704
20185,37.297382,-120.475667,154,55767.066866982
20185,37.297689,-120.47631,155,55833.9248763551
20185,37.297869,-120.476847,156,55885.9016414087
20185,37.301018,-120.48543,157,56728.8607303094
20185,37.301419,-120.486546,158,56838.0725099277
20185,37.301675,-120.487211,159,56903.9535081738
20185,37.301758,-120.487468,160,56928.6933991661
20185,37.301756,-120.487742,161,56953.1480045362
20185,37.301696,-120.487881,162,56967.2484816877
20185,37.301768,-120.488164,163,56993.7552397875
20185,37.301814,-120.488202,164,56994.4410529483
8182,37.30195,-120.488176,0,0
8182,37.301923,-120.488088,1,8.41303031514162
8182,37.3015,-120.48691,2,123.678482634787
8182,37.302554,-120.48632,3,252.667681374797
8182,37.303557,-120.485773,4,374.894482804707
8182,37.304124,-120.487307,5,525.740132309386
8182,37.304798,-120.489078,6,700.810649558056
8182,37.306633,-120.494013,7,1186.59241786596
8182,37.307982,-120.497843,8,1560.12871456258
8182,37.306002,-120.49898,9,1803.4898238276
8182,37.307051,-120.501866,10,2086.44322885836
8182,37.307154,-120.50192,11,2098.91833651912
8182,37.308195,-120.50442,12,2350.50436986464
8182,37.308587,-120.504892,13,2411.26501363363
8182,37.309176,-120.505085,14,2479.28235025287
8182,37.309577,-120.505149,15,2524.44307063015
8182,37.309927,-120.505149,16,2563.54370260162
8182,37.311578,-120.505064,17,2748.14286789479
8182,37.315917,-120.504968,18,3232.95474044814
8182,37.318998,-120.504892,19,3577.21888477154
8182,37.31916,-120.504892,20,3595.31689610548
8182,37.326344,-120.504677,21,4398.1147862056
8182,37.326335,-120.503905,22,4466.99590613422
8182,37.326316,-120.503299,23,4521.10176333914
8182,37.326318,-120.50281,24,4564.72844645502
8182,37.326271,-120.501662,25,4667.28188284619
8182,37.326226,-120.499662,26,4845.78345704722
8182,37.326207,-120.499082,27,4897.57202905385
8182,37.32628,-120.498632,28,4938.53902805856
8182,37.326429,-120.498235,29,4977.67419712885
8182,37.326779,-120.497736,30,5036.92609730525
8182,37.327227,-120.497189,31,5106.82918155947
8182,37.327401,-120.496931,32,5136.95671943009
8182,37.327534,-120.496518,33,5176.6854323066
8182,37.327653,-120.495794,34,5242.63064140732
8182,37.327734,-120.495091,35,5305.99783506769
8182,37.327734,-120.494678,36,5342.84340262
8182,37.32764,-120.494249,37,5382.53102886873
8182,37.327423,-120.493766,38,5431.97319868123
8182,37.327005,-120.492833,39,5527.41568624568
8182,37.326864,-120.492446,40,5565.36582593081
8182,37.326774,-120.491958,41,5610.04915068434
8182,37.326762,-120.49095,42,5699.98898244659
8182,37.32674,-120.490065,43,5778.98362648094
8182,37.326382,-120.488681,44,5908.77545875286
8182,37.326339,-120.487683,45,5997.94360368808
8182,37.326336,-120.486846,46,6072.61918723482
8182,37.326574,-120.486803,47,6099.48374075407
8182,37.327026,-120.486808,48,6149.98289088868
8182,37.32805,-120.486766,49,6264.44493242921
8182,37.328447,-120.486712,50,6309.05842644467
8182,37.329086,-120.486696,51,6380.46141734242
8182,37.329615,-120.486696,52,6439.56100063698
8182,37.329841,-120.486631,53,6465.46695210493
8182,37.330208,-120.486647,54,6506.49282886138
8182,37.330733,-120.486535,55,6565.99053229097
8182,37.331172,-120.486385,56,6616.82820835923
8182,37.331637,-120.486358,57,6668.83358452443
8182,37.331961,-120.486331,58,6705.11075522445
8182,37.332226,-120.486336,59,6734.7197827115
8182,37.332222,-120.486588,60,6757.20521950335
8182,37.332217,-120.487232,61,6814.65932964394
8182,37.332209,-120.487844,62,6869.26325987861
8182,37.332202,-120.48851,63,6928.68231364487
8182,37.332191,-120.489268,64,6996.31464223116
8182,37.332184,-120.489692,65,7034.14772379932
8182,37.332187,-120.490209,66,7080.27042608555
8182,37.332182,-120.490617,67,7116.6722975686
8182,37.332171,-120.491143,68,7163.61269377753
8182,37.332165,-120.491652,69,7209.02534960124
8182,37.332164,-120.491977,70,7238.01868044274
8182,37.332161,-120.492349,71,7271.20632085942
8182,37.332154,-120.492622,72,7295.57306586812
8182,37.332149,-120.493091,73,7337.41602624169
8182,37.332144,-120.49344,74,7368.55511574932
8182,37.332143,-120.493851,75,7405.22032597286
8182,37.332137,-120.494183,76,7434.84539549975
8182,37.332131,-120.494463,77,7459.8329792886
8182,37.332123,-120.494863,78,7495.52785549654
8182,37.332119,-120.49511,79,7517.56705224197
8182,37.332118,-120.495177,80,7523.54510950679
8182,37.332128,-120.49519,81,7525.15540021076
8182,37.332307,-120.495194,82,7545.15608279606
8182,37.33246,-120.495193,83,7562.24914995114
8182,37.33257,-120.495196,84,7574.54102958386
8182,37.332688,-120.495196,85,7587.72373832578
8182,37.332813,-120.495201,86,7601.69559368057
8182,37.332957,-120.495205,87,7617.78692375351
8182,37.333128,-120.49521,88,7636.89588556278
8182,37.333301,-120.49521,89,7656.22307653331
8182,37.333424,-120.49521,90,7669.96437412228
8182,37.333564,-120.49521,91,7685.60487540378
8182,37.333668,-120.495212,92,7697.22490323037
8182,37.333787,-120.495216,93,7710.52411704147
8182,37.33391,-120.495216,94,7724.26541436962
8182,37.334116,-120.49521,95,7747.2855177843
8182,37.334308,-120.495191,96,7768.80220891487
8182,37.334649,-120.495202,97,7806.91063711265
8182,37.334929,-120.4952,98,7838.19214816077
8182,37.335098,-120.495206,99,7857.08005233611
8182,37.335269,-120.495202,100,7876.18713913879
8182,37.335341,-120.495146,101,7885.65581894004
8182,37.335415,-120.495068,102,7896.46133706025
8182,37.335454,-120.495,103,7903.92988561216
8182,37.335472,-120.494858,104,7916.75564524926
8182,37.33548,-120.494666,105,7933.90634319419
8182,37.335484,-120.494478,106,7950.68287409288
8182,37.33549,-120.494329,107,7963.99134362004
8182,37.335489,-120.49419,108,7976.39137528347
8182,37.335502,-120.494013,109,7992.24735930545
8182,37.335493,-120.493857,110,8006.19965886366
8182,37.335498,-120.49369,111,8021.10741349572
8182,37.335505,-120.493499,112,8038.16356771106
8182,37.335508,-120.493306,113,8055.38346129381
8182,37.335515,-120.493132,114,8070.92488290982
8182,37.335518,-120.492937,115,8088.32316192097
8182,37.335522,-120.492693,116,8110.09387011086
8182,37.335521,-120.492465,117,8130.43301913898
8182,37.335524,-120.492221,118,8152.20173687025
8182,37.335531,-120.491954,119,8176.03244387545
8182,37.335537,-120.491732,120,8195.84741507399
8182,37.335545,-120.491439,121,8221.99992339572
8182,37.335546,-120.491179,122,8245.19364994301
8182,37.335551,-120.490905,123,8269.6423777242
8182,37.335552,-120.490629,124,8294.26339832072
8182,37.335552,-120.490373,125,8317.10006172624
8182,37.335551,-120.490154,126,8336.63644081958
8182,37.33553,-120.489914,127,8358.17399441712
8182,37.335421,-120.489737,128,8378.11376777648
8182,37.335318,-120.489572,129,8396.79694306458
8182,37.335325,-120.489391,130,8412.96218227423
8182,37.335421,-120.489255,131,8429.15514920452
8182,37.335501,-120.48919,132,8439.80881267647
8182,37.335555,-120.489032,133,8455.14018685314
8182,37.335622,-120.488795,134,8477.56792688936
8182,37.33572,-120.488553,135,8501.77335298572
8182,37.335849,-120.488321,136,8526.99263668918
8182,37.335964,-120.488109,137,8549.85552766397
8182,37.336089,-120.487895,138,8573.50813245288
8182,37.336205,-120.487637,139,8599.92094744138
8182,37.336281,-120.487425,140,8620.6510534839
8182,37.336347,-120.487191,141,8642.78910662238
8182,37.33638,-120.487016,142,8658.82945508256
8182,37.33638,-120.486918,143,8667.57156877546
8182,37.336264,-120.486853,144,8681.76903825013
8182,37.335961,-120.486741,145,8717.06364757824
8182,37.335293,-120.486481,146,8795.21330896724
8182,37.335091,-120.48646,147,8817.8582621969
8182,37.3347,-120.486424,148,8861.65846801776
8182,37.334417,-120.486426,149,8893.27558362148
8182,37.334085,-120.486418,150,8930.37331577787
8182,37.333664,-120.486425,151,8977.41136201303
8182,37.333436,-120.486424,152,9002.88355966884
8182,37.333078,-120.486428,153,9042.88072543442
8182,37.332928,-120.486399,154,9059.83716688521
8182,37.332806,-120.48637,155,9073.7102993493
8182,37.332645,-120.486399,156,9091.88223714474
8182,37.332461,-120.486428,157,9112.60077930545
8182,37.33225,-120.486458,158,9136.32502810386
8182,37.331998,-120.48645,159,9164.48738092026
8182,37.332001,-120.486047,160,9200.4408153302
8182,37.331999,-120.485819,161,9220.78207000107
8182,37.331999,-120.48553,162,9246.56395821174
8182,37.332004,-120.485258,163,9270.83570388033
8182,37.332011,-120.484962,164,9297.25366608281
8182,37.332023,-120.484743,165,9316.83677112575
8182,37.33204,-120.484502,166,9338.42029804186
8182,37.332096,-120.484347,167,9353.59745013795
8182,37.332095,-120.484001,168,9384.46458578548
8182,37.332091,-120.48355,169,9424.70116165114
8182,37.33209,-120.483162,170,9459.31517753303
8182,37.332091,-120.482832,171,9488.75500933974
8182,37.332091,-120.482305,172,9535.76922293602
8182,37.332091,-120.481822,173,9578.85818696104
8182,37.332088,-120.481374,174,9618.8261990287
8182,37.33209,-120.480485,175,9698.13533687762
8182,37.332125,-120.479456,176,9790.01710213857
8182,37.332116,-120.478845,177,9844.53460055772
8182,37.33212,-120.478581,178,9868.09069311521
8182,37.332157,-120.478137,179,9907.91575043938
8182,37.332269,-120.478093,180,9921.02975187242
8182,37.33244,-120.478078,181,9940.18085470364
8182,37.332719,-120.478066,182,9971.36939693255
8182,37.332948,-120.47806,183,9996.95910903342
8182,37.333218,-120.478052,184,10027.1322259435
8182,37.333476,-120.478038,185,10055.983295035
8182,37.333675,-120.478036,186,10078.2164943777
8182,37.333927,-120.478034,187,10106.3707572995
8182,37.334314,-120.478024,188,10149.615995346
8182,37.334606,-120.477979,189,10182.4846050251
8182,37.334753,-120.477957,190,10199.0244482997
8182,37.334937,-120.478062,191,10221.6146031391
8182,37.335205,-120.47806,192,10251.5563666177
8182,37.335567,-120.478056,193,10292.0009479792
8182,37.33584,-120.478056,194,10322.5007848284
8182,37.336059,-120.478047,195,10346.9808561273
8182,37.336088,-120.478103,196,10352.9350902545
8182,37.336353,-120.478097,197,10382.5459943874
8182,37.336781,-120.47809,198,10430.3666618428
8182,37.336786,-120.478396,199,10457.6694246688
8182,37.336361,-120.478404,200,10505.1561907697
8182,37.336107,-120.478408,201,10533.5355550638
8182,37.335861,-120.478413,202,10561.0225275109
8182,37.335587,-120.478416,203,10591.6352371132
8182,37.335227,-120.478424,204,10631.8611094706
8182,37.33497,-120.478429,205,10660.5768572854
8182,37.334632,-120.478436,206,10698.3437002398
8182,37.334331,-120.478439,207,10731.97277009
8182,37.333963,-120.478447,208,10773.0922720841
8182,37.33343,-120.478459,209,10832.6491578874
8182,37.332772,-120.478483,210,10906.192711133
8182,37.331948,-120.478468,211,10998.2604945923
8182,37.331469,-120.478472,212,11051.7760178169
8182,37.331154,-120.478472,213,11086.9681161772
8182,37.330588,-120.478494,214,11150.2326237548
8182,37.329865,-120.478536,215,11231.0937259701
8182,37.328796,-120.478515,216,11350.5381067697
8182,37.32706,-120.478542,217,11544.5006243471
8182,37.32648,-120.478558,218,11609.3144928451
8182,37.325798,-120.478499,219,11685.6897937963
8182,37.325456,-120.478435,220,11724.3226719228
8182,37.325252,-120.478359,221,11748.1010475528
8182,37.324522,-120.478397,222,11829.7278018556
8182,37.322799,-120.478413,223,12022.2283371748
8182,37.322779,-120.478491,224,12029.5376167658
8182,37.322786,-120.478799,225,12057.0293556627
8182,37.322803,-120.479585,226,12127.1840922669
8182,37.322947,-120.480477,227,12208.3802533112
8182,37.323149,-120.481071,228,12265.9830057259
8182,37.323313,-120.481424,229,12302.4200212743
8182,37.323449,-120.482139,230,12367.9979097803
8182,37.323513,-120.48275,231,12422.9790738895
8182,37.323504,-120.484239,232,12555.8332272582
8182,37.323494,-120.485305,233,12650.949386767
8182,37.323519,-120.48561,234,12678.3047182442
8182,37.323507,-120.485921,235,12706.0847698798
8182,37.323499,-120.486161,236,12727.5164108762
8182,37.323484,-120.486469,237,12755.0474647853
8182,37.323462,-120.487077,238,12809.3493320465
8182,37.323485,-120.487908,239,12883.5361988914
8182,37.323454,-120.488357,240,12923.7456541609
8182,37.323459,-120.489849,241,13056.8637026111
8182,37.323416,-120.490366,242,13103.2400768638
8182,37.32315,-120.490377,243,13132.9734730413
8182,37.322997,-120.490377,244,13150.0664457736
8182,37.322813,-120.490381,245,13170.6257983126
8182,37.322646,-120.490382,246,13189.2830472274
8182,37.322554,-120.490385,247,13199.5646592748
8182,37.322281,-120.490399,248,13230.0894526033
8182,37.322038,-120.49042,249,13257.3016947522
8182,37.321742,-120.490424,250,13290.3723765242
8182,37.321386,-120.490459,251,13330.2666660223
8182,37.320895,-120.490462,252,13385.1212326017
8182,37.320559,-120.490478,253,13422.6858732981
8182,37.319807,-120.490472,254,13506.7000896021
8182,37.319305,-120.490488,255,13562.8010763664
8182,37.319262,-120.4928,256,13769.1453354977
8182,37.319262,-120.495,257,13965.4397893851
8182,37.319262,-120.496652,258,14112.8386125542
8182,37.319253,-120.497757,259,14211.4365603408
8182,37.319248,-120.499206,260,14340.7234786262
8182,37.319247,-120.499809,261,14394.5256344933
8182,37.318829,-120.499807,262,14441.2237033558
8182,37.318344,-120.499785,263,14495.4420205763
8182,37.317807,-120.499731,264,14555.627254441
8182,37.31739,-120.499566,265,14604.4842193026
8182,37.316805,-120.498911,266,14692.1588833788
8182,37.316403,-120.498187,267,14770.8365072591
8182,37.316109,-120.497237,268,14861.7437841993
8182,37.31611,-120.496535,269,14924.3820052005
8182,37.316271,-120.49582,270,14990.667090884
8182,37.31657,-120.495381,271,15042.1469305592
8182,37.316873,-120.495108,272,15083.8509508019
8182,37.317252,-120.494946,273,15128.5914251325
8182,37.317739,-120.494936,274,15183.0053825426
8182,37.318281,-120.494925,275,15243.5644655925
8182,37.319041,-120.494936,276,15328.4757792743
8182,37.319053,-120.494732,277,15346.7269564096
8182,37.319062,-120.494066,278,15406.1592613157
8182,37.31907,-120.493321,279,15472.637907088
8182,37.319074,-120.492543,280,15542.0564900393
8182,37.31907,-120.491551,281,15630.5690675497
8182,37.319079,-120.489812,282,15785.7353808195
8182,37.319091,-120.488509,283,15902.0041444299
8182,37.319104,-120.487077,284,16029.7838088936
8182,37.3191,-120.48683,285,16051.8271519644
8182,37.317728,-120.486712,286,16205.4674213983
8182,37.317146,-120.486642,287,16270.7874597402
8182,37.316156,-120.486578,288,16381.5370761116
8182,37.315277,-120.48676,289,16481.0722544846
8182,37.313788,-120.487415,290,16657.3912462569
8182,37.312777,-120.487801,291,16775.4746096135
8182,37.310546,-120.489131,292,17051.5338849758
8182,37.309812,-120.489517,293,17140.4763321784
8182,37.307807,-120.490676,294,17387.1976733672
8182,37.30677,-120.491274,295,17514.750025117
8182,37.30732,-120.492758,296,17660.7420070431
8182,37.307871,-120.494262,297,17808.4001887563
8182,37.307329,-120.494601,298,17876.0878858615
8182,37.306844,-120.494887,299,17935.9812628714
8182,37.306217,-120.493235,300,18099.200723863
8182,37.305554,-120.491459,301,18274.1464108853
8182,37.304673,-120.489071,302,18508.8875860538
8182,37.3038,-120.486631,303,18747.4862217816
8182,37.303514,-120.48588,304,18821.7355115846
8182,37.302524,-120.486401,305,18941.7140379222
8182,37.301602,-120.486953,306,19055.8939521496
8182,37.301777,-120.487527,307,19110.7256089637
8182,37.30184,-120.487726,308,19129.8294850449
8182,37.301674,-120.4879,309,19154.0178935697
8182,37.301725,-120.488096,310,19172.4147900285
8182,37.301814,-120.488202,311,19186.1391351399
8182,37.301812,-120.488361,312,19200.3310864752
8182,37.301782,-120.488525,313,19215.3463442267
8182,37.301692,-120.488724,314,19235.7550969502
8182,37.300809,-120.489233,315,19344.3599201297
8182,37.301226,-120.490238,316,19445.4304306159
8182,37.301415,-120.490805,317,19500.2619127555
8182,37.30179,-120.491878,318,19604.7864085548
8182,37.302469,-120.493739,319,19787.3753911985
8182,37.301487,-120.494313,320,19908.4533371665
8182,37.300109,-120.495099,321,20077.6294313477
8182,37.299618,-120.495418,322,20139.431134172
8182,37.299028,-120.495708,323,20210.2440943761
8182,37.29725,-120.49677,324,20430.3335925339
8182,37.2972,-120.497,325,20451.6076894153
8182,37.296989,-120.49691,326,20476.5111273944
8182,37.295807,-120.49758,327,20621.470160653
8182,37.295717,-120.497641,328,20632.9041416353
8182,37.295492,-120.497763,329,20660.2976912141
8182,37.296264,-120.499887,330,20868.5658634849
8182,37.2967,-120.501,331,20979.2015822408
8182,37.297024,-120.501941,332,21070.6542993543
8182,37.297397,-120.502926,333,21167.9414493533
8182,37.297476,-120.503075,334,21183.9018086169
8182,37.297676,-120.50369,335,21243.1635479207
8182,37.298607,-120.503154,336,21357.6452920469
8182,37.299332,-120.50273,337,21447.0435573033
8182,37.299992,-120.502349,338,21528.2393615069
8182,37.300659,-120.501979,339,21609.7432292836
8182,37.301235,-120.503524,340,21761.9036676543
8182,37.301466,-120.504011,341,21812.4500586889
8182,37.301777,-120.504967,342,21904.5707377685
8182,37.30275,-120.504447,343,22022.7622515767
8182,37.30276,-120.505106,344,22081.5839605355
8182,37.302861,-120.505579,345,22125.2778150059
8182,37.30279,-120.505884,346,22153.6289977387
8182,37.302763,-120.506523,347,22210.7348049036
8182,37.302725,-120.508524,348,22389.3596065921
8182,37.302737,-120.510235,349,22542.0590611137
8182,37.301854,-120.510256,350,22640.7213584795
8182,37.300544,-120.51031,351,22787.1475528926
8182,37.299072,-120.510364,352,22951.6628703692
8182,37.299068,-120.509221,353,23053.6727395377
8182,37.299,-120.509,354,23074.808654061
8182,37.299057,-120.508682,355,23103.8947439603
8182,37.299059,-120.50707,356,23247.7609501873
8182,37.299051,-120.505525,357,23385.6506988192
8182,37.298112,-120.505546,358,23490.5688047597
8182,37.29693,-120.505815,359,23624.7818696878
8182,37.295513,-120.505621,360,23784.0275618078
8182,37.295462,-120.505686,361,23792.1588196845
8182,37.295483,-120.508427,362,24036.8079776042
8182,37.295483,-120.511013,363,24267.6108875655
8182,37.295509,-120.515202,364,24641.4921792469
8182,37.295515,-120.518019,365,24892.9100061253
8182,37.295531,-120.518606,366,24945.3300187151
8182,37.296736,-120.518575,367,25079.9734004902
8182,37.296923,-120.518568,368,25100.8731935417
8182,37.297043,-120.518562,369,25114.2895230908
8182,37.297507,-120.518554,370,25166.1295771639
8182,37.297712,-120.518548,371,25189.037136611
8182,37.297768,-120.519354,372,25261.2416439768
8182,37.29765,-120.519483,373,25278.7435227304
8182,37.297273,-120.519482,374,25320.8596021812
8182,37.297264,-120.519112,375,25353.896439083
8182,37.297262,-120.518786,376,25382.991964746
8182,37.297258,-120.518638,377,25396.2081490991
8182,37.297052,-120.518641,378,25419.2227169908
8182,37.296924,-120.518649,379,25433.5398770738
8182,37.29674,-120.518658,380,25454.1108748148
8182,37.296235,-120.518678,381,25510.5544933945
8182,37.296063,-120.51868,382,25529.7700681338
8182,37.295562,-120.518693,383,25585.7506249485
8182,37.295466,-120.518686,384,25596.4933157378
8182,37.295458,-120.518385,385,25623.3723268206
8182,37.295455,-120.517998,386,25657.9135953683
8182,37.295456,-120.51773,387,25681.8327950713
8182,37.295451,-120.517308,388,25719.5003627877
8182,37.295451,-120.516698,389,25773.942803742
8182,37.295452,-120.516217,390,25816.8721906801
8182,37.295451,-120.515693,391,25863.6393535008
8182,37.295449,-120.515181,392,25909.3359682059
8182,37.295451,-120.514278,393,25989.9292422876
8182,37.295447,-120.513694,394,26042.0533607234
8182,37.295439,-120.512877,395,26114.9764611012
8182,37.295437,-120.512424,396,26155.4075804986
8182,37.295429,-120.511812,397,26210.0362834723
8182,37.2954,-120.511,398,26282.580283763
8182,37.295415,-120.510582,399,26319.9247611503
8182,37.29542,-120.50996,400,26375.4416494765
8182,37.295424,-120.509419,401,26423.7285133444
8182,37.29542,-120.50852,402,26503.9665100929
8182,37.295418,-120.507952,403,26554.6616989174
8182,37.295419,-120.507258,404,26616.6022152265
8182,37.295417,-120.50681,405,26656.5874682866
8182,37.295418,-120.50622,406,26709.2459601523
8182,37.295413,-120.505703,407,26755.3923994485
8182,37.29542,-120.505639,408,26761.1577841432
8182,37.295397,-120.505628,409,26763.9084272743
8182,37.294469,-120.505655,410,26867.6089079182
8182,37.2938,-120.505775,411,26943.1104532413
8182,37.29317,-120.505707,412,27013.7527481865
8182,37.291783,-120.505697,413,27168.705445892
8182,37.291783,-120.505461,414,27189.7698553295
8182,37.291877,-120.505278,415,27209.1881927775
8182,37.291996,-120.505182,416,27225.0045276168
8182,37.292211,-120.505054,417,27251.602181105
8182,37.29241,-120.504935,418,27276.2406530945
8182,37.292586,-120.504834,419,27297.8707776749
8182,37.292879,-120.504673,420,27333.6190293618
8182,37.293093,-120.504541,421,27360.2716870089
8182,37.293105,-120.504506,422,27363.6710992642
8182,37.293019,-120.504294,423,27384.8924847022
8182,37.292936,-120.504052,424,27408.3982972032
8182,37.292861,-120.503836,425,27429.4193566338
8182,37.292784,-120.503623,426,27450.2862507529
8182,37.292683,-120.50336,427,27476.3313588115
8182,37.292594,-120.503142,428,27498.1821908283
8182,37.292077,-120.503441,429,27561.8071719302
8182,37.291764,-120.503644,430,27601.1899813617
8182,37.291586,-120.503713,431,27622.0073617873
8182,37.291087,-120.502263,432,27762.9252722221
8182,37.290451,-120.500579,433,27929.1826239296
8182,37.291143,-120.500187,434,28014.040093416
8182,37.2912,-120.5,435,28031.904707302
8182,37.291378,-120.500042,436,28052.140620924
8182,37.291847,-120.499782,437,28109.4452948781
8182,37.293413,-120.498905,438,28301.1078816386
8182,37.294711,-120.498133,439,28461.6552094114
8182,37.295696,-120.497549,440,28583.4175274767
8182,37.296302,-120.497226,441,28657.0006870932
8182,37.297369,-120.496593,442,28788.9138593512
8182,37.298073,-120.496212,443,28874.5993481255
8182,37.298462,-120.495976,444,28922.8928511433
8182,37.299038,-120.497532,445,29075.9486723492
8182,37.299567,-120.49898,446,29218.0518878675
8182,37.300147,-120.498658,447,29288.9347156388
8182,37.301233,-120.498012,448,29423.2613862693
8182,37.301517,-120.497838,449,29458.5854830831
8182,37.301278,-120.497172,450,29523.7448528751
8182,37.300757,-120.495767,451,29661.9863410009
8182,37.300446,-120.494839,452,29751.8000648162
8182,37.303015,-120.493358,453,30067.7762041663
8182,37.30371,-120.492956,454,30153.3081675936
8182,37.302819,-120.490478,455,30395.8253115283
8182,37.301978,-120.488241,456,30616.4716135488
8182,37.30195,-120.488176,457,30619.6256401369
20183,37.301571,-120.487346,0,0
20183,37.299336,-120.481138,1,607.721334972764
20183,37.297587,-120.476407,2,1072.99207512029
20183,37.300568,-120.474653,3,1440.99212539003
20183,37.302488,-120.473545,4,1677.19452639616
20183,37.304453,-120.472394,5,1919.57252746207
20183,37.305771,-120.471482,6,2087.81961362009
20183,37.30671,-120.47101,7,2200.86776434516
20183,37.30805,-120.470293,8,2363.67690973096
20183,37.309313,-120.469562,9,2519.13242015046
20183,37.310305,-120.469323,10,2631.99488246845
20183,37.312598,-120.469197,11,2888.42163861911
20183,37.315812,-120.469212,12,3247.50086311752
20183,37.319702,-120.469143,13,3682.14572994095
20183,37.321899,-120.469119,14,3927.60982122466
20183,37.324979,-120.468982,15,4271.93277408335
20183,37.325482,-120.469015,16,4328.20637196307
20183,37.327082,-120.469021,17,4506.96349138819
20183,37.330616,-120.468931,18,4901.8731543366
20183,37.331897,-120.468961,19,5045.01495772598
20183,37.332085,-120.468972,20,5066.04173720608
20183,37.332051,-120.468221,21,5133.14838004601
20183,37.332038,-120.465828,22,5346.64091908752
20183,37.332085,-120.462824,23,5614.69045697649
20183,37.332008,-120.459874,24,5878.01292407769
20183,37.332665,-120.459831,25,5951.51601397198
20183,37.333186,-120.45996,26,6010.85119130806
20183,37.33484,-120.459917,27,6195.68308645725
20183,37.338031,-120.459852,28,6552.2426689469
20183,37.338048,-120.460399,29,6601.07595483423
20183,37.338133,-120.460968,30,6652.71549100343
20183,37.338346,-120.461408,31,6698.61700319018
20183,37.338449,-120.461966,32,6749.70710621789
20183,37.33844,-120.462588,33,6805.2025930296
20183,37.338432,-120.4635,34,6886.56363965098
20183,37.338662,-120.464047,35,6941.71187734567
20183,37.338858,-120.464616,36,6996.99201747437
20183,37.338892,-120.465249,37,7053.58671373156
20183,37.338811,-120.467083,38,7217.43938927969
20183,37.338833,-120.467824,39,7283.58610860597
20183,37.338918,-120.4691,40,7397.80710160728
20183,37.336005,-120.469138,41,7723.2728496865
20183,37.334568,-120.469154,42,7883.82464976716
20183,37.332179,-120.469143,43,8150.73188564395
20183,37.332136,-120.472298,44,8432.23892579584
20183,37.33217,-120.475066,45,8679.20768260586
20183,37.332162,-120.478081,46,8948.18281124714
20183,37.333314,-120.478059,47,9076.90038768503
20183,37.334606,-120.477979,48,9221.42027469592
20183,37.336735,-120.477995,49,9459.27862339591
20183,37.3371946366493,-120.477919931213,50,9511.0645047523
20183,37.3414944210365,-120.477908642852,51,9991.44191010801
20183,37.3436997988574,-120.477824934207,52,10237.9421136372
20183,37.3449792194554,-120.47759962865,53,10382.2861771882
20183,37.3457011358868,-120.477397253646,54,10464.9347897054
20183,37.3474535918112,-120.477358867874,55,10660.7510539323
20183,37.3486948661147,-120.477348973883,56,10799.4304123458
20183,37.3498450106544,-120.477353621574,57,10927.9265102601
20183,37.3525741915266,-120.477278519722,58,11232.9072089459
20183,37.3534259101525,-120.477290670168,59,11328.0683364899
20183,37.3548927872305,-120.477263848078,60,11491.9669398371
20183,37.3571271611792,-120.477178017389,61,11741.7110419844
20183,37.3572550813389,-120.47665766884,62,11790.2674315976
20183,37.3574512251602,-120.476341168176,63,11826.0012801859
20183,37.3577413851389,-120.476030693276,64,11868.6336929039
20183,37.3581421976302,-120.475923404916,65,11914.4238113235
20183,37.3585515358376,-120.475955591424,66,11960.2456236719
20183,37.3590632054573,-120.476438389047,67,12031.8108016735
20183,37.3592422890001,-120.476953373178,68,12081.9056501081
20183,37.3598562864741,-120.477017746194,69,12150.7419551822
20183,37.3605299723673,-120.477049932702,70,12226.0616290188
20183,37.3610501560713,-120.477092848046,71,12284.3030215022
20183,37.3610927939199,-120.46883164428,72,13021.0333496598
20183,37.3589182327526,-120.4687780001,73,13264.0282100132
20183,37.3573167742635,-120.468869195207,74,13443.1321677403
20183,37.3561061674255,-120.468837008698,75,13578.4148426538
20183,37.3534755685847,-120.468912110551,76,13872.3886613442
20183,37.3482758959447,-120.468890652879,77,14453.3130994442
20183,37.346698800066,-120.468880917842,78,14629.5126103135
20183,37.3451891160188,-120.468875553424,79,14798.1792374757
20183,37.3444609986639,-120.4688662682,80,14879.5306789701
20183,37.3435142229845,-120.468882361454,81,14985.3167406901
20183,37.3428631565593,-120.468902143516,82,15058.0770290177
20183,37.341100317464,-120.468989649814,83,15255.18075151
20183,37.3401449694671,-120.469059387249,84,15362.0959049526
20183,37.3320087303001,-120.469121457672,85,16271.1150799689
20183,37.331194,-120.46917,86,16362.2418798874
20183,37.32991,-120.469138,87,16505.7221855893
20183,37.328937,-120.469154,88,16614.4377134581
20183,37.326472,-120.469315,89,16890.2084078657
20183,37.324863,-120.469326,90,17069.9728216532
20183,37.321788,-120.469406,91,17413.5940870626
20183,37.319063,-120.469456,92,17718.0709559211
20183,37.317462,-120.469444,93,17896.942102624
20183,37.316357,-120.469524,94,18020.6018263615
20183,37.314782,-120.469508,95,18196.5707619364
20183,37.312176,-120.46956,96,18487.7569162374
20183,37.310615,-120.469567,97,18662.1570625393
20183,37.310213,-120.469605,98,18707.1973978891
20183,37.309812,-120.469562,99,18752.1622093284
20183,37.309343,-120.469733,100,18806.7370137114
20183,37.308355,-120.470222,101,18925.4320015233
20183,37.305908,-120.471756,102,19231.1774845477
20183,37.305063,-120.472196,103,19333.4237331476
20183,37.304481,-120.472593,104,19407.4724200983
20183,37.303663,-120.47299,105,19505.4888317206
20183,37.302488,-120.473738,106,19652.7612275728
20183,37.300032,-120.475141,107,19954.3707789509
20183,37.297796,-120.476439,108,20229.7353382487
20183,37.298859,-120.479432,109,20522.0762913148
20183,37.300245,-120.483322,110,20902.2251060648
20183,37.300992,-120.485414,111,21106.7355622047
20183,37.301619,-120.487334,112,21291.8551762969
20189,37.301814,-120.488202,0,0
20189,37.301922,-120.488332,1,16.7388093103495
20189,37.301807,-120.488482,2,35.2934394280866
20189,37.301819,-120.488636,3,49.102622909758
20189,37.301163,-120.489029,4,130.350864382852
20189,37.300339,-120.489501,5,231.587718254856
20189,37.298795,-120.490397,6,421.716372476774
20189,37.298201,-120.488745,7,583.403647191196
20189,37.29748,-120.486814,8,773.642453694191
20189,37.296793,-120.484979,9,954.51282213142
20189,37.295991,-120.482919,10,1159.04514118839
20189,37.295257,-120.483413,11,1252.14999152975
20189,37.290554,-120.486159,12,1831.92532237375
20189,37.288343,-120.487576,13,2109.43734405641
20189,37.283367,-120.487726,14,2665.51409435782
20189,37.277775,-120.487833,15,3290.32168873027
20189,37.271065,-120.48794,16,4040.01931078126
20189,37.260289,-120.488048,17,5243.94550440361
20189,37.258411,-120.487983,18,5453.83470928877
20189,37.246472,-120.488133,19,6787.71933428795
20189,37.234138,-120.488112,20,8165.66728673537
20189,37.222008,-120.488091,21,9520.82487417554
20189,37.211464,-120.488069,22,10698.796136284
20189,37.200441,-120.488198,23,11930.3334607045
20189,37.189057,-120.488262,24,13202.1604828025
20189,37.185707,-120.488219,25,13576.440404028
20189,37.18516,-120.488284,26,13637.8265237834
20189,37.184459,-120.48852,27,13718.9332317862
20189,37.183843,-120.488884,28,13795.0563404849
20189,37.183348,-120.489228,29,13858.3314119829
20189,37.182219,-120.490065,30,14004.9834381736
20189,37.181672,-120.490537,31,14079.244005926
20189,37.181211,-120.490794,32,14135.6379431169
20189,37.180954,-120.491095,33,14174.9867619073
20189,37.180117,-120.491567,34,14277.5737987056
20189,37.179245,-120.491953,35,14380.9229459947
20189,37.178561,-120.49191,36,14457.4352202327
20189,37.176082,-120.491953,37,14734.4127985654
20189,37.167584,-120.491974,38,15683.8010585258
20189,37.159786,-120.492039,39,16555.0037564521
20189,37.156828,-120.492103,40,16885.5175544613
20189,37.150842,-120.492167,41,17554.2908471762
20189,37.149491,-120.492167,42,17705.2229637696
20189,37.142821,-120.492189,43,18450.3900881389
20189,37.142256,-120.492168,44,18513.5391616767
20189,37.136637,-120.492125,45,19141.2991026435
20189,37.127681,-120.492382,46,20142.1170426224
20189,37.124054,-120.492275,47,20547.4342945592
20189,37.120376,-120.492339,48,20958.3760992055
20189,37.1136,-120.492339,49,21715.3830377116
20189,37.106037,-120.492404,50,22560.3327977845
20189,37.098592,-120.492382,51,23392.0821346054
20189,37.090753,-120.492425,52,24267.8549436808
20189,37.085361,-120.492489,53,24870.2704374007
20189,37.084437,-120.492597,54,24973.9502971492
20189,37.084026,-120.492897,55,25027.1418230408
20189,37.083513,-120.493348,56,25097.2429105159
20189,37.083239,-120.493927,57,25157.4326384866
20189,37.082879,-120.494828,58,25247.5509197851
20189,37.082229,-120.496609,59,25422.72421173
20189,37.08163,-120.49824,60,25583.3185170419
20189,37.075895,-120.512273,61,26993.3834397222
20189,37.07206,-120.521672,62,27937.530514933
20189,37.071067,-120.524032,63,28176.1436023918
20189,37.070365,-120.526178,64,28383.6383372964
20189,37.068345,-120.533538,65,29080.0651167698
20189,37.067386,-120.536456,66,29362.3972026214
20189,37.06665,-120.538001,67,29523.2982471222
20189,37.065537,-120.539825,68,29728.532568643
20189,37.064424,-120.54137,69,29914.513123632
20189,37.062044,-120.54358,70,30245.9191070838
20189,37.059355,-120.546048,71,30618.8148604908
20189,37.057797,-120.5477,72,30847.2126288979
20189,37.056273,-120.549781,73,31099.5916930024
20189,37.055845,-120.550618,74,31188.4822677178
20189,37.055263,-120.551927,75,31322.5043154832
20189,37.054321,-120.55418,76,31550.0178261589
20189,37.053996,-120.556154,77,31730.44545063
20189,37.053191,-120.561476,78,32215.349593527
20189,37.052454,-120.566862,79,32704.5506661608
20189,37.050827,-120.578191,80,33735.0238242271
20189,37.049851,-120.585036,81,34357.5003965595
20189,37.048978,-120.590465,82,34853.2626231663
20189,37.048721,-120.592074,83,35000.1546175481
20189,37.048396,-120.593791,84,35158.1122213971
20189,37.048122,-120.595722,85,35333.6900903754
20189,37.048036,-120.599327,86,35656.6016595995
20189,37.047933,-120.611107,87,36711.3583524991
20189,37.047933,-120.617974,88,37326.1697239225
20189,37.048276,-120.622995,89,37777.3305534314
20189,37.048601,-120.625355,90,37991.7153323018
20189,37.04932,-120.628917,91,38320.5714110206
20189,37.049851,-120.631235,92,38536.4039631657
20189,37.050451,-120.633187,93,38723.5680985467
20189,37.050725,-120.634367,94,38833.5516514725
20189,37.05113,-120.635438,95,38939.5678156469
20189,37.051135,-120.635594,96,38953.5447862656
20189,37.048524,-120.635595,97,39245.1744581652
20189,37.048681,-120.636217,98,39303.5562699132
20189,37.048523,-120.636046,99,39326.9186911822
20189,37.048327,-120.636026,100,39348.8835499648
20189,37.048318,-120.635707,101,39377.4605760353
20189,37.048309,-120.635525,102,39393.7856070492
20189,37.051188,-120.635513,103,39715.3507451548
20189,37.051219,-120.635845,104,39745.2738167281
20189,37.051504,-120.637651,105,39910.0579565018
20189,37.051744,-120.638895,106,40024.6058081381
20189,37.052429,-120.640976,107,40226.001060467
20189,37.053062,-120.642865,108,40409.2918533014
20189,37.053636,-120.644732,109,40588.3009758675
20189,37.054013,-120.64647,110,40749.4835677908
20189,37.054304,-120.648251,111,40912.1962499926
20189,37.054424,-120.649785,112,41050.1703065404
20189,37.054449,-120.652714,113,41312.3839570753
20189,37.054475,-120.655096,114,41525.6350696738
20189,37.054484,-120.662595,115,42196.9240721878
20189,37.054535,-120.671693,116,43011.3586854966
20189,37.054561,-120.673785,117,43198.6464442781
20189,37.054603,-120.680673,118,43815.238399768
20189,37.054612,-120.683463,119,44064.983120714
20189,37.054655,-120.694932,120,45091.6126177599
20189,37.054689,-120.698655,121,45424.8848286893
20189,37.054535,-120.700768,122,45614.8018382411
20189,37.054672,-120.706744,123,46149.9346218551
20189,37.054912,-120.721872,124,47504.2863842797
20189,37.05522,-120.737697,125,48921.1374939838
20189,37.055485,-120.753522,126,50337.8386990794
20189,37.055734,-120.769926,127,51806.2735630209
20189,37.056042,-120.786073,128,53251.8096056349
20189,37.056187,-120.796148,129,54153.6273272566
20189,37.056282,-120.801523,130,54634.7786603139
20189,37.056481,-120.807056,131,55130.4462660477
20189,37.056532,-120.808631,132,55271.512983318
20189,37.056592,-120.810353,133,55425.7652463737
20189,37.05665,-120.812595,134,55626.511934856
20189,37.056697,-120.814553,135,55801.8161213032
20189,37.05675,-120.81642,136,55969.0021044453
20189,37.056954,-120.817946,137,56107.4526922481
20189,37.057129,-120.819153,138,56217.2215681232
20189,37.057189,-120.819923,139,56286.4543354474
20189,37.057198,-120.820572,140,56344.5424098787
20189,37.057945,-120.820585,141,56427.9601151606
20189,37.058004,-120.820762,142,56445.1151492903
20189,37.058,-120.821269,143,56490.4885241672
20189,37.05799,-120.822712,144,56619.6265117934
20189,37.05799,-120.823149,145,56658.7333103523
20189,37.057937,-120.823177,146,56665.1598464288
20189,37.05745,-120.823169,147,56719.54247559
20189,37.057129,-120.823158,148,56755.3985196709
20189,37.057112,-120.823957,149,56826.9263705734
20189,37.057086,-120.825609,150,56974.7924151243
20189,37.057078,-120.828173,151,57204.2458931026
20189,37.057044,-120.828441,152,57228.5277115939
20189,37.057027,-120.833334,153,57666.4026980521
20189,37.057009,-120.83402,154,57727.8249526645
20189,37.057001,-120.835211,155,57834.4097971015
20189,37.057009,-120.837389,156,58029.3178197173
20189,37.056958,-120.837647,157,58053.0976999798
20189,37.056949,-120.838451,158,58125.0533290781
20189,37.056958,-120.838859,159,58161.5783562032
20189,37.057836,-120.838891,160,58259.6542951005
20189,37.058033,-120.838902,161,58281.6725759319
20189,37.058131,-120.838961,162,58293.8220416375
20189,37.058229,-120.839041,163,58306.8981418743
20189,37.059338,-120.841509,164,58560.0940334649
20189,37.059878,-120.842727,165,58684.6519508491
20189,37.06049,-120.844084,166,58823.9879168659
20189,37.060729,-120.844604,167,58877.6281404668
20189,37.061235,-120.84572,168,58992.3647093147
20189,37.06192,-120.847169,169,59142.9009510774
20189,37.062583,-120.848655,170,59295.0868103727
20189,37.062947,-120.849448,171,59376.8594031495
20189,37.063191,-120.850011,172,59434.1311004104
20189,37.063741,-120.849614,173,59505.0751600816
20189,37.064513,-120.84903,174,59605.8747571557
20189,37.065127,-120.848614,175,59683.8838703045
20189,37.064916,-120.848107,176,59735.0014952588
20189,37.064779,-120.847799,177,59766.5211876211
20189,37.064398,-120.846933,178,59854.9183521527
20189,37.064045,-120.846152,179,59935.1496718986
20189,37.063518,-120.84498,180,60055.3995060208
20189,37.06326,-120.844527,181,60105.1275155212
20189,37.062808,-120.84483,182,60162.4172926515
20189,37.062276,-120.845205,183,60230.6402751387
20189,37.062182,-120.845243,184,60241.6729079148
20189,37.06177,-120.845507,185,60293.3857806047
20189,37.061736,-120.845565,186,60299.8159466863
20189,37.061681,-120.845608,187,60307.0628108168
20189,37.061498,-120.84572,188,60329.8211348158
20189,37.0614,-120.84579,189,60342.429297288
20189,37.061377,-120.845845,190,60347.9805296368
20189,37.061365,-120.845915,191,60354.3859664698
20189,37.061397,-120.845996,192,60362.466811552
20189,37.061541,-120.846307,193,60394.6064467414
20189,37.061714,-120.846684,194,60433.4798132904
20189,37.061935,-120.847165,195,60483.0920480237
20189,37.062596,-120.848646,196,60634.7783597722
20189,37.062959,-120.849443,197,60716.8064911957
20189,37.063228,-120.850091,198,60782.1064528972
20189,37.062467,-120.850658,199,60881.0697177765
20189,37.062258,-120.85079,200,60907.2243248824
20189,37.062664,-120.851685,201,60999.248641172
20189,37.062857,-120.852147,202,61045.8675465988
20189,37.063268,-120.852957,203,61131.6517068689
20189,37.063341,-120.853204,204,61155.2079840675
20189,37.063422,-120.853413,205,61175.9810580904
20189,37.063491,-120.853681,206,61201.1684245303
20189,37.063486,-120.854496,207,61274.0953505606
20189,37.063473,-120.855703,208,61382.1052143641
20189,37.063473,-120.857919,209,61580.3882433532
20189,37.063472,-120.859261,210,61700.4673008421
20189,37.063439,-120.85963,211,61733.6894665835
20189,37.063294,-120.860403,212,61804.7251019333
20189,37.062926,-120.86139,213,61902.1298517235
20189,37.062438,-120.862141,214,61988.6418865513
20189,37.06177,-120.862784,215,62082.8382742344
20189,37.061076,-120.863267,216,62171.5625126295
20189,37.060597,-120.863482,217,62228.3986911805
20189,37.058842,-120.86434,218,62438.851387124
20189,37.056907,-120.865311,219,62671.7148391321
20189,37.055605,-120.865982,220,62828.9975134537
20189,37.054501,-120.866556,221,62962.5346873846
20189,37.053602,-120.867038,222,63071.784372574
20189,37.052486,-120.867514,223,63203.4669675516
20189,37.052859,-120.868629,224,63311.5896038551
20189,37.052966,-120.869146,225,63359.3728217322
20189,37.052984,-120.86972,226,63410.7785789937
20189,37.052967,-120.870594,227,63489.0145540566
20189,37.05295,-120.871933,228,63608.8545024074
20189,37.053367,-120.87193,229,63655.4134626869
20189,37.053372,-120.872069,230,63667.8647833536
20189,37.053367,-120.872228,231,63682.1042823881
20189,37.053299,-120.873062,232,63757.1222164167
20189,37.053222,-120.874027,233,63843.9047078947
20189,37.053226,-120.874837,234,63916.391037484
20189,37.053232,-120.875542,235,63979.4832702737
20189,37.053175,-120.876108,236,64030.5313989378
20189,37.05316,-120.876545,237,64069.6732357454
20189,37.053164,-120.876987,238,64109.2291614886
20189,37.053168,-120.877156,239,64124.3591065942
20189,37.053618,-120.877159,240,64174.6020554473
20189,37.053969,-120.877234,241,64214.3615445292
20189,37.054277,-120.877358,242,64250.4954974925
20189,37.054302,-120.877364,243,64253.3379025533
20189,37.054758,-120.877661,244,64310.7695208243
20189,37.054959,-120.877789,245,64335.9651129864
20189,37.055197,-120.87795,246,64366.1919703572
20189,37.055368,-120.878061,247,64387.7132561196
20189,37.055529,-120.878139,248,64406.996331171
20189,37.055747,-120.878214,249,64432.2441924087
20189,37.05595,-120.878252,250,64455.1626427765
20189,37.05613,-120.878273,251,64475.3471643725
20189,37.056419,-120.878289,252,64507.6455333349
20189,37.056652,-120.878293,253,64533.6622598568
20189,37.056847,-120.87829,254,64555.4355093059
20189,37.056825,-120.878985,255,64617.6744774129
20189,37.0568,-120.880305,256,64735.8244724098
20189,37.056842,-120.882767,257,64956.1798276153
20189,37.056855,-120.885454,258,65196.6221178694
20189,37.056881,-120.8901,259,65612.3627202515
20189,37.056903,-120.893072,260,65878.3110250239
20189,37.056948,-120.893965,261,65958.3748965053
20189,37.057,-120.894013,262,65965.5965779038
20189,37.057066,-120.894024,263,65973.0306902949
20189,37.057245,-120.894046,264,65993.1121216109
20189,37.057418,-120.89404,265,66012.434413193
20189,37.05753,-120.894088,266,66025.6558832047
20189,37.057577,-120.894274,267,66043.1067180733
20189,37.057587,-120.894502,268,66063.5385913783
20189,37.057588,-120.894631,269,66075.0819945388
20189,37.057626,-120.894716,270,66083.7910065241
20189,37.057554,-120.894829,271,66096.708208726
20189,37.057569,-120.895164,272,66126.7305961909
20189,37.057941,-120.89518,273,66168.2876603036
20189,37.057941,-120.895666,274,66211.7744633031
20189,37.05792,-120.895912,275,66233.9108047654
20189,37.057829,-120.895939,276,66244.3538961874
20189,37.057623,-120.895936,277,66267.3545573324
20189,37.05752,-120.895813,278,66283.2721856696
20189,37.057499,-120.895365,279,66323.4275106226
20189,37.057502,-120.894952,280,66360.384094909
20189,37.057481,-120.894692,281,66383.766643071
20189,37.057469,-120.894341,282,66415.2025803146
20189,37.057436,-120.894241,283,66424.8793858455
20189,37.057048,-120.89419,284,66468.4378966883
20189,37.056691,-120.894195,285,66508.2981717549
20189,37.056655,-120.893919,286,66533.3197719619
20189,37.056637,-120.893662,287,66556.4039774556
20189,37.056618,-120.893367,288,66582.8859256761
20189,37.056621,-120.89293,289,66621.9905185009
20189,37.056646,-120.892471,290,66663.1570105375
20189,37.056667,-120.889564,291,66923.2893339162
20189,37.056718,-120.886753,292,67174.8863545246
20189,37.056765,-120.884762,293,67353.1219020491
20189,37.05677,-120.882563,294,67549.893779328
20189,37.056675,-120.881672,295,67630.3249753688
20189,37.056682,-120.881185,296,67673.9099594899
20189,37.056686,-120.880956,297,67694.4063276153
20189,37.056709,-120.880328,298,67750.6600340134
20189,37.056678,-120.879589,299,67816.8782557276
20189,37.056662,-120.879066,300,67863.7118445115
20189,37.056661,-120.878477,301,67916.4173873536
20189,37.056401,-120.878494,302,67945.4860022961
20189,37.056121,-120.878506,303,67976.7662051294
20189,37.055935,-120.878471,304,67997.7677928711
20189,37.055723,-120.878416,305,68021.9436789572
20189,37.055486,-120.878318,306,68049.819838993
20189,37.055323,-120.878252,307,68068.9529932224
20189,37.055154,-120.878113,308,68091.5525854151
20189,37.054904,-120.877955,309,68122.8415253172
20189,37.054666,-120.877788,310,68153.3279730642
20189,37.0542393523863,-120.87760566222,311,68203.6799024622
20189,37.053936,-120.877418,312,68241.483684969
20189,37.053632,-120.877343,313,68276.0822856252
20189,37.053186,-120.877357,314,68325.8936619103
20189,37.053088,-120.877284,315,68338.6370507609
20189,37.053097,-120.876968,316,68366.9329081046
20189,37.053109,-120.876528,317,68406.3301579403
20189,37.05312,-120.876107,318,68444.0243917348
20189,37.053189,-120.875538,319,68495.5222569903
20189,37.053183,-120.874835,320,68558.435561185
20189,37.053165,-120.874017,321,68631.6640475846
20189,37.053235,-120.873063,322,68717.3923602862
20189,37.053292,-120.8722,323,68794.8821114987
20189,37.053305,-120.87206,324,68807.4942064846
20189,37.052877,-120.87205,325,68855.2889153799
20189,37.052902,-120.870653,326,68980.3354108831
20189,37.05292,-120.869711,327,69064.6575980744
20189,37.052911,-120.869177,328,69112.4551120449
20189,37.052765,-120.868532,329,69172.4330847027
20189,37.052403,-120.867447,330,69277.6052957223
20189,37.053593,-120.866894,331,69419.3870919747
20189,37.05442,-120.866433,332,69520.519392461
20189,37.055561,-120.865886,333,69656.9939454032
20189,37.056761,-120.865316,334,69800.3563657178
20189,37.057977,-120.864699,335,69946.9215421555
20189,37.059783,-120.863809,336,70163.7216474729
20189,37.061025,-120.863171,337,70313.6846824904
20189,37.061676,-120.862779,338,70394.3908835554
20189,37.062433,-120.862044,339,70501.4843644321
20189,37.062874,-120.861341,340,70581.3670710504
20189,37.063259,-120.860327,341,70681.7654359821
20189,37.063388,-120.859523,342,70755.1331245658
20189,37.063358,-120.859262,343,70778.7257814047
20189,37.063414,-120.858327,344,70862.6207729899
20189,37.063426,-120.856492,345,71026.8181481381
20189,37.063443,-120.854046,346,71245.6899720204
20189,37.063443,-120.85371,347,71275.7546986104
20189,37.063422,-120.85359,348,71286.7451334905
20189,37.063366,-120.853423,349,71302.9434475807
20189,37.063225,-120.853075,350,71337.8355239369
20189,37.062553,-120.851567,351,71492.2281148652
20189,37.062176,-120.850757,352,71576.0436657647
20189,37.062472,-120.850532,353,71614.7427063908
20189,37.062664,-120.850425,354,71638.2211735122
20189,37.06287,-120.850291,355,71664.1595872135
20189,37.063769,-120.849663,356,71779.1952540839
20189,37.064531,-120.849078,357,71879.0885770969
20189,37.065181,-120.848628,358,71962.085200155
20189,37.064815,-120.847936,359,72036.2732566351
20189,37.064802,-120.847777,360,72050.5740460668
20189,37.064423,-120.846922,361,72138.0013797025
20189,37.064068,-120.846141,362,72218.3426191877
20189,37.063534,-120.844969,363,72338.9768125389
20189,37.063266,-120.844501,364,72390.4458492743
20189,37.062802,-120.844817,365,72449.4677479241
20189,37.06231,-120.845168,366,72512.7466734483
20189,37.062173,-120.84522,367,72528.7354464678
20189,37.061753,-120.845481,368,72581.124281594
20189,37.061702,-120.845504,369,72587.1791910595
20189,37.061639,-120.84554,370,72594.9159803889
20189,37.061481,-120.845638,371,72614.6167721323
20189,37.061366,-120.845705,372,72628.7877759019
20189,37.06121,-120.845797,373,72648.0534022089
20189,37.060948,-120.845216,374,72707.7078706769
20189,37.059968,-120.843054,375,72929.9714219921
20189,37.05891,-120.840715,376,73170.3121646902
20189,37.058187,-120.839111,377,73334.9919158838
20189,37.058092,-120.839004,378,73349.2816943625
20189,37.057943,-120.838966,379,73366.2624322072
20189,37.056894,-120.838961,380,73483.3906012474
20189,37.056868,-120.836837,381,73673.4861963028
20189,37.056871,-120.835276,382,73813.1784684461
20189,37.056847,-120.83471,383,73863.9000082172
20189,37.056875,-120.833285,384,73991.4601649916
20189,37.056924,-120.831741,385,74129.7397308475
20189,37.056971,-120.829031,386,74372.3128341816
20189,37.056968,-120.828426,387,74426.4550966404
20189,37.056906,-120.828146,388,74452.4509552183
20189,37.056928,-120.825597,389,74680.5740819625
20189,37.056967,-120.823951,390,74827.9393383778
20189,37.057019,-120.823093,391,74904.94127333
20189,37.058613,-120.823109,392,75082.9314453112
20189,37.058616,-120.822808,393,75109.8695649488
20189,37.058523,-120.822685,394,75125.0019686082
20189,37.058367,-120.822309,395,75162.8911218063
20189,37.058313,-120.821982,396,75192.7687436907
20189,37.058313,-120.821572,397,75229.4592425271
20189,37.05832,-120.820611,398,75315.4618339409
20189,37.057988,-120.82061,399,75352.5328699694
20189,37.05797,-120.82271,400,75540.4714321873
20189,37.05797,-120.823135,401,75578.5043704468
20189,37.057931,-120.823155,402,75583.2125274033
20189,37.057452,-120.823148,403,75636.7008424598
20189,37.057098,-120.823134,404,75676.2479690797
20189,37.056967,-120.82313,405,75690.8796740563
20189,37.05697,-120.822641,406,75734.6417927488
20189,37.056982,-120.821849,407,75805.5309692782
20189,37.056992,-120.821545,408,75832.7590196994
20189,37.056989,-120.821081,409,75874.2840376987
20189,37.056991,-120.820845,410,75895.4050263297
20189,37.056988,-120.820459,411,75929.9500825826
20189,37.056991,-120.820098,412,75962.2580016038
20189,37.056976,-120.819732,413,75995.05445539
20189,37.056957,-120.819436,414,76021.6285936311
20189,37.056945,-120.819203,415,76042.5230021713
20189,37.056918,-120.818873,416,76072.2085369416
20189,37.056868,-120.818525,417,76103.8479306403
20189,37.056788,-120.818057,418,76146.6718729628
20189,37.056743,-120.817563,419,76191.1652717043
20189,37.056671,-120.816629,420,76275.1361710568
20189,37.056624,-120.815127,421,76409.6553315446
20189,37.056474,-120.810004,422,76868.4309136984
20189,37.0562,-120.808368,423,77018.004299965
20189,37.055896,-120.806442,424,77193.6800422682
20189,37.055841,-120.803964,425,77415.5319252107
20189,37.055794,-120.799157,426,77845.7658018079
20189,37.055669,-120.792773,427,78417.2773170269
20189,37.055575,-120.786749,428,78956.5081798603
20189,37.055451,-120.778729,429,79674.4151208255
20189,37.055211,-120.764229,430,80972.4383401361
20189,37.05492,-120.747621,431,82459.2478402477
20189,37.054595,-120.728652,432,84157.4604883291
20189,37.054218,-120.708203,433,85988.303804957
20189,37.054064,-120.699148,434,86799.0078111325
20189,37.054167,-120.690072,435,87611.5027075424
20189,37.054081,-120.674558,436,89000.2569224372
20189,37.05403,-120.659709,437,90329.4972034125
20189,37.053961,-120.649538,438,91240.0196933305
20189,37.05367,-120.64647,439,91516.5816969499
20189,37.053174,-120.644131,440,91733.1741940622
20189,37.052249,-120.641384,441,91999.910644834
20189,37.051221,-120.638938,442,92247.1610686699
20189,37.050558,-120.63735,443,92407.4560259849
20189,37.04991,-120.635645,444,92576.3867326534
20189,37.048495,-120.635627,445,92734.4401191061
20189,37.048652,-120.636278,446,92795.3033536449
20189,37.048519,-120.636082,447,92818.2943163654
20189,37.048292,-120.636075,448,92843.6562853002
20189,37.048277,-120.635708,449,92876.5556582121
20189,37.048264,-120.635488,450,92896.3052259337
20189,37.049864,-120.635484,451,93075.0139493512
20189,37.04977,-120.63418,452,93192.2271287715
20189,37.049624,-120.632608,453,93333.9043040479
20189,37.049487,-120.631283,454,93453.5102179659
20189,37.048866,-120.628236,455,93734.9809119246
20189,37.048194,-120.624642,456,94065.3860830361
20189,37.047642,-120.620828,457,94412.3755773926
20189,37.047471,-120.614862,458,94946.8604311299
20189,37.047539,-120.606108,459,95730.6638035164
20189,37.047591,-120.595765,460,96656.7292768448
20189,37.048396,-120.59098,461,97094.4855503281
20189,37.049526,-120.584114,462,97722.0507930574
20189,37.051204,-120.572762,463,98755.5759316422
20189,37.052574,-120.562828,464,99658.0708239096
20189,37.053722,-120.554717,465,100395.510960931
20189,37.054321,-120.552614,466,100595.334995691
20189,37.055485,-120.550275,467,100841.835228346
20189,37.057078,-120.547636,468,101137.624639423
20189,37.06004,-120.544953,469,101546.503105969
20189,37.064098,-120.541306,470,102105.15986652
20189,37.066273,-120.538151,471,102477.728278272
20189,37.067557,-120.534611,472,102825.579608766
20189,37.069303,-120.528216,473,103430.369708646
20189,37.070622,-120.524311,474,103809.723650738
20189,37.073293,-120.517809,475,104463.788164333
20189,37.077983,-120.506458,476,105606.988870164
20189,37.080859,-120.499291,477,106324.470421697
20189,37.08151,-120.497146,478,106529.779943081
20189,37.081617,-120.495611,479,106667.694675028
20189,37.081869,-120.494404,480,106779.339463013
20189,37.082396,-120.493401,481,106886.69972937
20189,37.082858,-120.492902,482,106954.956018259
20189,37.083453,-120.492532,483,107029.22177716
20189,37.084095,-120.492361,484,107102.560221836
20189,37.08469,-120.492355,485,107169.035146801
20189,37.085755,-120.492371,486,107288.02440869
20189,37.087103,-120.492323,487,107438.682772784
20189,37.088558,-120.492328,488,107601.234411251
20189,37.090432,-120.492312,489,107810.600551979
20189,37.092516,-120.492328,490,108043.427162073
20189,37.094814,-120.492307,491,108300.16408451
20189,37.099345,-120.492275,492,108806.370532466
20189,37.105027,-120.492232,493,109441.168976962
20189,37.111059,-120.49221,494,110115.060210641
20189,37.117039,-120.492189,495,110783.141776603
20189,37.122566,-120.492157,496,111400.618642603
20189,37.127519,-120.492167,497,111953.962915275
20189,37.131385,-120.492157,498,112385.868946362
20189,37.136577,-120.492028,499,112966.028029169
20189,37.140999,-120.491985,500,113460.063828738
20189,37.145993,-120.491953,501,114017.995174992
20189,37.150312,-120.491964,502,114500.509916499
20189,37.157213,-120.491931,503,115271.487320732
20189,37.163762,-120.491899,504,116003.139584499
20189,37.170003,-120.491878,505,116700.37932535
20189,37.175107,-120.491856,506,117270.595580392
20189,37.17868,-120.491792,507,117669.807923341
20189,37.179416,-120.491695,508,117752.488927861
20189,37.180817,-120.490934,509,117923.151246248
20189,37.183365,-120.489024,510,118255.087443915
20189,37.184493,-120.488359,511,118394.422795794
20189,37.185279,-120.488133,512,118484.528029612
20189,37.186083,-120.488112,513,118574.37010622
20189,37.19016,-120.488155,514,119029.866628607
20189,37.194681,-120.488112,515,119534.964962971
20189,37.203193,-120.488058,516,120485.933273862
20189,37.207705,-120.488015,517,120990.026112175
20189,37.212977,-120.487962,518,121579.030123818
20189,37.218565,-120.487962,519,122203.318406378
20189,37.224143,-120.487972,520,122826.490063181
20189,37.229816,-120.487951,521,123460.277140165
20189,37.235197,-120.487962,522,124061.44011274
20189,37.241467,-120.487972,523,124761.921321034
20189,37.247992,-120.487951,524,125490.892737159
20189,37.255985,-120.487897,525,126383.878754339
20189,37.262808,-120.487844,526,127146.154727693
20189,37.268819,-120.487822,527,127817.702710008
20189,37.276435,-120.487726,528,128668.600542226
20189,37.282223,-120.487586,529,129315.353028196
20189,37.28743,-120.487479,530,129897.154253731
20189,37.288283,-120.487382,531,129992.843440139
20189,37.289897,-120.48632,532,130196.558715427
20189,37.293055,-120.484453,533,130586.746964081
20189,37.296034,-120.482748,534,130952.703778603
20189,37.296913,-120.485247,535,131196.409505501
20189,37.298841,-120.490258,536,131692.813517351
20189,37.302042,-120.488477,537,132084.159967283
20189,37.301923,-120.488088,538,132121.335263671
20189,37.301835,-120.487747,539,132153.316893167
20189,37.301637,-120.48786,540,132177.627747506
20189,37.301786,-120.488152,541,132208.550550804
20189,37.301814,-120.488202,542,132208.651345706
6274,37.301923,-120.488088,0,0
6274,37.301453,-120.486926,1,116.240144261921
6274,37.303531,-120.485719,2,372.167297005457
6274,37.303921,-120.48669,3,469.160774393381
6274,37.304798,-120.489078,4,703.717811215243
6274,37.305814,-120.491722,5,965.555239024692
6274,37.308639,-120.490038,6,1315.11308657927
6274,37.310426,-120.489083,7,1532.18340165204
6274,37.312709,-120.487683,8,1816.19072689442
6274,37.313306,-120.487441,9,1886.29588572323
6274,37.314032,-120.487162,10,1971.13899050388
6274,37.314676,-120.486841,11,2048.57836336807
6274,37.315465,-120.48654,12,2140.72613657858
6274,37.316067,-120.486449,13,2208.46967838596
6274,37.317214,-120.486422,14,2336.63460658675
6274,37.317748,-120.486422,15,2396.29282757285
6274,37.318021,-120.48646,16,2426.98014553509
6274,37.318059,-120.48646,17,2431.22548679241
6274,37.318042,-120.486948,18,2474.8097900285
6274,37.318038,-120.488069,19,2574.8344289559
6274,37.318046,-120.488772,20,2637.56739000003
6274,37.318093,-120.489432,21,2696.69075971308
6274,37.318225,-120.489963,22,2746.3120850315
6274,37.318362,-120.490467,23,2793.81545842498
6274,37.318405,-120.490585,24,2805.38831955123
6274,37.317969,-120.490805,25,2857.90434180487
6274,37.317385,-120.491164,26,2930.58737764838
6274,37.316536,-120.491213,27,3025.53721920793
6274,37.316425,-120.491298,28,3040.07346606667
6274,37.316404,-120.491593,29,3066.50022668245
6274,37.316404,-120.492666,30,3162.24234059765
6274,37.316434,-120.493133,31,3204.04652775268
6274,37.316425,-120.493444,32,3231.81471905174
6274,37.316429,-120.493975,33,3279.19698916891
6274,37.316451,-120.49427,34,3305.63377666581
6274,37.316527,-120.494517,35,3329.25201759036
6274,37.316805,-120.495096,36,3389.53157526347
6274,37.316852,-120.495241,37,3403.49444553106
6274,37.31651,-120.495611,38,3453.98951913375
6274,37.316297,-120.496008,39,3496.66348071672
6274,37.316207,-120.496684,40,3557.81388149136
6274,37.316237,-120.497269,41,3610.11971530695
6274,37.31637,-120.497784,42,3658.41450423228
6274,37.31654,-120.498256,43,3704.61407259051
6274,37.316788,-120.49868,44,3751.50652083298
6274,37.317018,-120.498975,45,3788.29068624588
6274,37.317434,-120.499381,46,3847.21591274712
6274,37.317863,-120.499635,47,3900.23092166645
6274,37.318247,-120.499678,48,3943.3015061285
6274,37.320358,-120.499704,49,4179.14765727937
6274,37.320905,-120.49956,50,4241.59292066128
6274,37.321536,-120.499243,51,4317.54867194891
6274,37.322142,-120.498766,52,4397.51484747732
6274,37.322577,-120.498143,53,4471.34765845967
6274,37.323029,-120.497339,54,4559.07150545611
6274,37.323238,-120.496529,55,4635.01772340097
6274,37.323289,-120.495177,56,4755.7771996073
6274,37.323285,-120.49449,57,4817.0728236302
6274,37.323285,-120.492849,58,4963.48278152684
6274,37.323349,-120.489351,59,5275.65728548587
6274,37.323357,-120.487114,60,5475.24594427867
6274,37.32337,-120.486803,61,5503.03161258668
6274,37.323353,-120.485387,62,5629.38279801951
6274,37.323392,-120.484003,63,5752.94174929236
6274,37.323417,-120.48323,64,5821.96634081297
6274,37.323417,-120.48264,65,5874.60695474983
6274,37.323366,-120.482211,66,5913.30472772428
6274,37.323264,-120.48175,67,5955.98529142096
6274,37.323119,-120.481299,68,5999.36275344965
6274,37.322956,-120.480838,69,6044.34510031136
6274,37.32282,-120.48043,70,6083.79146321215
6274,37.322726,-120.479915,71,6130.92588684332
6274,37.322683,-120.479432,72,6174.28739440965
6274,37.322627,-120.478719,73,6238.21019780681
6274,37.322666,-120.478354,74,6271.06675509454
6274,37.323268,-120.478338,75,6338.33793907111
6274,37.325013,-120.478284,76,6533.35059560366
6274,37.325461,-120.478199,77,6583.97288207964
6274,37.326642,-120.478199,78,6715.91539359582
6274,37.327747,-120.478161,79,6839.41365299957
6274,37.329406,-120.478113,80,7024.80828149646
6274,37.330908,-120.478134,81,7192.62370243758
6274,37.332682,-120.478091,82,7390.85389960191
6274,37.334606,-120.477979,83,7606.03723719668
6274,37.336777,-120.478005,84,7848.59467397369
6274,37.336794,-120.47837,85,7881.21022551901
6274,37.335659,-120.478402,86,8008.0456339896
6274,37.334269,-120.478413,87,8163.34085630942
6274,37.333228,-120.478445,88,8279.67739522354
6274,37.332179,-120.478445,89,8396.87267082746
6274,37.332136,-120.480967,90,8621.91503266116
6274,37.332145,-120.483112,91,8813.27537610251
6274,37.332128,-120.484432,92,8931.04894713461
6274,37.332213,-120.485258,93,9005.34627202691
6274,37.332204,-120.487629,94,9216.8663346379
6274,37.33217,-120.489861,95,9416.01930366498
6274,37.332128,-120.492811,96,9679.22967204948
6274,37.332102,-120.495214,97,9893.61935432123
6274,37.333459,-120.495225,98,10045.2236744022
6274,37.334308,-120.495191,99,10140.12062496
6274,37.335131,-120.495236,100,10232.1520162013
6274,37.335352,-120.495139,101,10258.3140466607
6274,37.335497,-120.494839,102,10289.5965014945
6274,37.335583,-120.491298,103,10605.6187434469
6274,37.335583,-120.490183,104,10705.0830366431
6274,37.335506,-120.48985,105,10736.0090601917
6274,37.335395,-120.489668,106,10756.4387096157
6274,37.335344,-120.489507,107,10771.889777671
6274,37.335378,-120.489346,108,10786.7457684288
6274,37.335497,-120.489196,109,10805.6082662586
6274,37.3356,-120.488981,110,10827.9746896842
6274,37.335898,-120.488294,111,10897.7181334127
6274,37.336214,-120.487715,112,10960.2804216509
6274,37.336359,-120.487318,113,10999.2240154068
6274,37.336427,-120.486857,114,11041.0434331422
6274,37.336043,-120.486739,115,11085.2162004632
6274,37.335293,-120.486481,116,11172.1091961239
6274,37.335049,-120.486433,117,11199.702999618
6274,37.334806,-120.486374,118,11227.3563237657
6274,37.333749,-120.486363,119,11345.4479004573
6274,37.33293,-120.486406,120,11437.0265358706
6274,37.332435,-120.486492,121,11492.8573195389
6274,37.331786,-120.486529,122,11565.4383479918
6274,37.331309,-120.486647,123,11619.7583172581
6274,37.330861,-120.486787,124,11671.3434301289
6274,37.330524,-120.486889,125,11710.0769263764
6274,37.329605,-120.486932,126,11812.8186949826
6274,37.3286,-120.486964,127,11925.1329739342
6274,37.325791,-120.486977,128,12238.9548928711
6274,37.323503,-120.48713,129,12494.9330730344
6274,37.323463,-120.489247,130,12683.8657895531
6274,37.323409,-120.494737,131,13173.7208887198
6274,37.323392,-120.49633,132,13315.8603210014
6274,37.323242,-120.497183,133,13393.7876532208
6274,37.322914,-120.497961,134,13472.2789326398
6274,37.322453,-120.498712,135,13556.7892198346
6274,37.321843,-120.499243,136,13639.7866677424
6274,37.320913,-120.499763,137,13753.5718806822
6274,37.32029,-120.499876,138,13823.8980504548
6274,37.319232,-120.49986,139,13942.1032994187
6274,37.318153,-120.499903,140,14062.7070266346
6274,37.31776,-120.499753,141,14108.606461461
6274,37.31739,-120.499566,142,14153.1823098613
6274,37.316873,-120.499125,143,14223.0700355809
6274,37.316544,-120.498594,144,14283.0346301112
6274,37.316195,-120.497795,145,14364.2924885084
6274,37.316088,-120.497269,146,14412.7247529824
6274,37.316054,-120.496706,147,14463.1035844251
6274,37.316203,-120.495992,148,14528.9512186766
6274,37.316634,-120.495209,149,14613.8019186695
6274,37.316672,-120.495172,150,14619.1798187808
6274,37.316404,-120.494598,151,14678.5059419397
6274,37.316314,-120.494292,152,14707.6022260821
6274,37.316293,-120.493857,153,14746.4873631098
6274,37.316293,-120.493273,154,14798.5967255591
6274,37.316319,-120.492791,155,14841.7028016574
6274,37.316314,-120.491315,156,14973.4053320589
6274,37.316421,-120.491154,157,14992.0941516045
6274,37.316557,-120.491003,158,15012.4014145393
6274,37.317116,-120.491057,159,15075.0377507764
6274,37.317372,-120.490971,160,15104.6492784679
6274,37.317756,-120.490746,161,15152.0144473591
6274,37.318151,-120.490649,162,15196.9840882393
6274,37.31823,-120.490494,163,15213.3903795625
6274,37.317995,-120.489684,164,15290.2847525524
6274,37.317918,-120.48889,165,15361.6513371013
6274,37.317931,-120.488069,166,15434.9212235069
6274,37.317927,-120.487286,167,15504.7875997532
6274,37.31794,-120.486776,168,15550.3167201258
6274,37.317728,-120.486712,169,15574.6799548323
6274,37.317329,-120.486723,170,15619.266824017
6274,37.317236,-120.486658,171,15631.1659116831
6274,37.316694,-120.48661,172,15691.8691512276
6274,37.315516,-120.486728,173,15823.8952076427
6274,37.314932,-120.48698,174,15892.9055331058
6274,37.313797,-120.487495,175,16027.7773700449
6274,37.313144,-120.487736,176,16103.8336970917
6274,37.312001,-120.488289,177,16240.7317678799
6274,37.310546,-120.489131,178,16419.8081090159
6274,37.308993,-120.490086,179,16613.1076726769
6274,37.307235,-120.491116,180,16829.9534513156
6274,37.305746,-120.491958,181,17012.4858334865
6274,37.30482,-120.492414,182,17123.6532553181
6274,37.303741,-120.493007,183,17255.3025054374
6274,37.303512,-120.492382,184,17316.6671747475
6274,37.302524,-120.489729,185,17577.8978629613
6274,37.302129,-120.488635,186,17685.0423141716
6274,37.301948,-120.488128,187,17734.6030013367
17632,37.3614659999999,-120.428056457672,0,0
17632,37.361462,-120.427902,1,13.7823739230686
17632,37.361364,-120.427909,2,24.7497163481884
17632,37.361251,-120.427907,3,37.37648933645
17632,37.361255,-120.428114,4,55.8430013257777
17632,37.361255,-120.428398,5,81.1712670419034
17632,37.361255,-120.428608,6,99.8999065713941
17632,37.36126,-120.428878,7,123.986055085044
17632,37.361264,-120.42931,8,162.516092859781
17632,37.361262,-120.429565,9,185.25907248787
17632,37.361261,-120.42987,10,212.460364216928
17632,37.361257,-120.430302,11,250.990340295286
17632,37.361249,-120.430678,12,284.535324780649
17632,37.361245,-120.431262,13,336.620489888768
17632,37.361238,-120.432164,14,417.067845082518
17632,37.36124,-120.432309,15,430.001378201546
17632,37.360684,-120.432325,16,492.139305441275
17632,37.359765,-120.432322,17,594.818964053094
17632,37.358739,-120.432335,18,709.459183378693
17632,37.357831,-120.432362,19,810.938045156913
17632,37.356827,-120.432384,20,923.131510354138
17632,37.355801,-120.432411,21,1037.7911515413
17632,37.35487,-120.432421,22,1141.81503302269
17632,37.354034,-120.432445,23,1235.24532338906
17632,37.353441,-120.432467,24,1301.52989735969
17632,37.352514,-120.432502,25,1405.1500665975
17632,37.351488,-120.432537,26,1519.82690445754
17632,37.350682,-120.432547,27,1609.88519574894
17632,37.349588,-120.432561,28,1732.12350783615
17632,37.348682,-120.432585,29,1833.37295209943
17632,37.347484,-120.432606,30,1967.23784347472
17632,37.346548,-120.432633,31,2071.8442605955
17632,37.34532,-120.43266,32,2209.06905850327
17632,37.344168,-120.432676,33,2337.78919920691
17632,37.342987,-120.432695,34,2469.75246274804
17632,37.342016,-120.432724,35,2578.27251268153
17632,37.340767,-120.432757,36,2717.85352916541
17632,37.339585,-120.432789,37,2849.94847747938
17632,37.338451,-120.43281,38,2976.66341422563
17632,37.337323,-120.432848,39,3102.73970744843
17632,37.336269,-120.432872,40,3220.5219029674
17632,37.334919,-120.432901,41,3371.37870725258
17632,37.333604,-120.432958,42,3518.39077022284
17632,37.332755,-120.432979,43,3613.26747774899
17632,37.332379,-120.433001,44,3655.32353491215
17632,37.33219,-120.433001,45,3676.44037882811
17632,37.332198,-120.433384,46,3710.62262996094
17632,37.332202,-120.434369,47,3798.50356634572
17632,37.332209,-120.435221,48,3874.52126510708
17632,37.33223,-120.437976,49,4120.32707749025
17632,37.3322,-120.438486,50,4165.95124772353
17632,37.332183,-120.441758,51,4457.87597184234
17632,37.332187,-120.443244,52,4590.45291368101
17632,37.332183,-120.444548,53,4706.79223178131
17632,37.332149,-120.44584,54,4822.12245193386
17632,37.332155,-120.44849,55,5058.54624667851
17632,37.332145,-120.449252,56,5126.53795687625
17632,37.332141,-120.450679,57,5253.84963879319
17632,37.332209,-120.451435,58,5321.72314992727
17632,37.332179,-120.453302,59,5488.32192917388
17632,37.3322,-120.4543,60,5577.38955132937
17632,37.332183,-120.456349,61,5760.20078467216
17632,37.332175,-120.457304,62,5845.40552227881
17632,37.332149,-120.458876,63,5985.68086848258
17632,37.332226,-120.4596,64,6050.8424316489
17632,37.332187,-120.46011,65,6096.54985079838
17632,37.332145,-120.463446,66,6394.20473755218
17632,37.33217,-120.464294,67,6469.90949787393
17632,37.332904,-120.464283,68,6551.92045958128
17632,37.333894,-120.464315,69,6662.56361161074
17632,37.334482,-120.464315,70,6728.25705747346
17632,37.334934,-120.464326,71,6778.76563366033
17632,37.336218,-120.464278,72,6922.28256280351
17632,37.337178,-120.464243,73,7029.58260928392
17632,37.337805,-120.464262,74,7099.65377830179
17632,37.338308,-120.464128,75,7157.10800183573
17632,37.338487,-120.46401,76,7179.70765845743
17632,37.338692,-120.46453,77,7231.44085599679
17632,37.338756,-120.464814,78,7257.7649833317
17632,37.338777,-120.465265,79,7298.06506252698
17632,37.338777,-120.4663,80,7390.39273305314
17632,37.338769,-120.466805,81,7435.45031071699
17632,37.338811,-120.467083,82,7460.68941244235
17632,37.338756,-120.467491,83,7497.60022597266
17632,37.338764,-120.467802,84,7525.35744461669
17632,37.338867,-120.468285,85,7569.95374875938
17632,37.338888,-120.46865,86,7602.59798079546
17632,37.33888,-120.469063,87,7639.45044383464
17632,37.338478,-120.469101,88,7684.49069437432
17632,37.337336,-120.469138,89,7812.1206509076
17632,37.336005,-120.469138,90,7960.82350254623
17632,37.335167,-120.469092,91,8054.53698085609
17632,37.334412,-120.469143,92,8139.01020173357
17632,37.332721,-120.469176,93,8327.95615002755
17632,37.332286,-120.469213,94,8376.66747187963
17632,37.332175,-120.469278,95,8390.35748880081
17632,37.332187,-120.469626,96,8421.43249475781
17632,37.332192,-120.470388,97,8489.41491235304
17632,37.3322,-120.471042,98,8547.76682910097
17632,37.332149,-120.472453,99,8673.77458504125
17632,37.332162,-120.474175,100,8827.40505471962
17632,37.332162,-120.475522,101,8947.57372703081
17632,37.332153,-120.476444,102,9029.83326193158
17632,37.332141,-120.477726,103,9144.21060814368
17632,37.332175,-120.478027,104,9171.33064539144
17632,37.33223,-120.478134,105,9182.68300087064
17632,37.332495,-120.47815,106,9212.32345618374
17632,37.333433,-120.478043,107,9317.55161154862
17632,37.333885,-120.478043,108,9368.04951302566
17632,37.334239,-120.478022,109,9407.6431001157
17632,37.334606,-120.477979,110,9448.82376738893
17632,37.334794,-120.478102,111,9472.52077800101
17632,37.335335,-120.478097,112,9532.96348886795
17632,37.335685,-120.478064,113,9572.1765007999
17632,37.336265,-120.478086,114,9637.00439992798
17632,37.336598,-120.47807,115,9674.23486506351
17632,37.336739,-120.478091,116,9690.09852567614
17632,37.336802,-120.478225,117,9703.97037683109
17632,37.336747,-120.478402,118,9720.91334259259
17632,37.33638,-120.478376,119,9761.9804796658
17632,37.33551,-120.478429,120,9859.29262962075
17632,37.334043,-120.478435,121,10023.1881328222
17632,37.332772,-120.478483,122,10165.2500046309
17632,37.331283,-120.478456,123,10331.619931034
17632,37.329865,-120.478536,124,10490.2009167159
17632,37.329082,-120.47852,125,10577.6900589363
17632,37.327103,-120.478579,126,10798.8484491741
17632,37.326693,-120.478542,127,10844.772829129
17632,37.325785,-120.478526,128,10946.225492239
17632,37.325252,-120.478429,129,11006.3983621887
17632,37.324851,-120.478435,130,11051.2016686235
17632,37.324522,-120.478397,131,11088.1139009824
17632,37.322999,-120.478456,132,11258.3463510447
17632,37.322317,-120.478494,133,11334.6154469419
17632,37.321707,-120.478496,134,11402.7654681624
17632,37.320657,-120.478488,135,11520.0746537424
17632,37.31977,-120.478499,136,11619.1760122445
17632,37.318891,-120.478531,137,11717.4202407179
17632,37.318422,-120.478585,138,11770.0384428701
17632,37.317739,-120.478542,139,11846.4402595312
17632,37.317338,-120.478579,140,11891.3618487798
17632,37.316434,-120.478542,141,11992.4115467345
17632,37.316003,-120.478526,142,12040.5844450052
17632,37.315312,-120.478531,143,12117.7849251826
17632,37.314936,-120.478595,144,12160.1784245954
17632,37.31374,-120.478711,145,12294.1970136666
17632,37.312747,-120.478767,146,12405.2483922316
17632,37.3125,-120.478832,147,12433.4464591279
17632,37.311932,-120.479153,148,12503.0694506074
17632,37.311668,-120.478402,149,12576.2888674012
17632,37.311275,-120.477324,150,12682.0320136779
17632,37.31084,-120.476176,151,12795.4192008738
17632,37.310072,-120.476605,152,12889.3743925522
17632,37.309577,-120.476884,153,12950.0226030699
17632,37.308865,-120.477297,154,13037.6915388828
17632,37.308327,-120.477592,155,13103.3099665439
17632,37.307877,-120.477834,156,13158.0267146884
17632,37.307467,-120.478091,157,13209.2533538756
17632,37.307418,-120.47811,158,13214.9842628789
17632,37.30725,-120.477673,159,13258.2643193273
17632,37.306972,-120.476951,160,13329.7918202857
17632,37.306897,-120.476784,161,13346.8892229532
17632,37.306851,-120.476621,162,13362.3168243027
17632,37.30636,-120.476916,163,13423.1623240671
17632,37.306646,-120.4777,164,13500.0791860116
17632,37.306902,-120.478424,165,13570.7375671212
17632,37.305848,-120.478998,166,13699.1509426331
17632,37.304585,-120.479743,167,13855.1337602969
17632,37.304013,-120.480098,168,13926.4604492583
17632,37.303207,-120.480527,169,14024.3086961337
17632,37.302255,-120.48117,170,14145.1603213211
17632,37.300821,-120.481889,171,14317.7407552053
17632,37.299921,-120.482426,172,14429.1271870239
17632,37.300548,-120.484153,173,14598.4311942176
17632,37.301005,-120.485419,174,14722.4193562105
17632,37.30162,-120.487087,175,14886.3748672571
17632,37.301747,-120.487441,176,14921.0079502459
17632,37.301766,-120.487602,177,14935.532607386
17632,37.301821,-120.487749,178,14950.0195115943
17632,37.301676,-120.487838,179,14968.0613442842
17632,37.301814,-120.488202,180,15004.0198881163
17632,37.301839,-120.488369,181,15019.1834881847
17632,37.301796,-120.488467,182,15029.1621102957
17632,37.301835,-120.488651,183,15046.1516506922
17632,37.301683,-120.48874,184,15064.8987860066
17632,37.301547,-120.488809,185,15081.2930763244
17632,37.301035,-120.489114,186,15144.6397922347
17632,37.300778,-120.489261,187,15176.2069442736
17632,37.300548,-120.488638,188,15237.4585937244
17632,37.30028,-120.487876,189,15311.7648194079
17632,37.299981,-120.487023,190,15394.900073072
17632,37.299812,-120.486548,191,15441.3076902842
17632,37.299661,-120.486122,192,15482.9024007779
17632,37.300376,-120.485709,193,15570.8761994779
17632,37.300926,-120.485392,194,15638.5224268329
17632,37.300647,-120.484631,195,15713.2512493903
17632,37.300361,-120.483858,196,15789.2804241977
17632,37.299849,-120.482399,197,15931.5048837274
17632,37.301223,-120.4816,198,16100.7636025774
17632,37.30188,-120.481205,199,16182.1907328699
17632,37.301998,-120.481098,200,16198.4690754111
17632,37.302545,-120.480838,201,16263.8373219014
17632,37.30354,-120.48028,202,16385.6444263044
17632,37.304282,-120.479851,203,16476.9554679451
17632,37.304635,-120.479583,204,16523.0787841007
17632,37.305259,-120.479266,205,16598.3141350873
17632,37.306441,-120.478601,206,16743.090902629
17632,37.306838,-120.47837,207,16792.0008726678
17632,37.306484,-120.477448,208,16883.2935863156
17632,37.306283,-120.476863,209,16940.1252346446
17632,37.306876,-120.476541,210,17012.3396633325
17632,37.306995,-120.476864,211,17044.0830710452
17632,37.307034,-120.476957,212,17053.4567723014
17632,37.307209,-120.477415,213,17098.7649375635
17632,37.307437,-120.478016,214,17158.1405346821
17632,37.307915,-120.477743,215,17216.8380035794
17632,37.308681,-120.477335,216,17309.8399194651
17632,37.30965,-120.476772,217,17429.1881709643
17632,37.310473,-120.476294,218,17530.5475225757
17632,37.310866,-120.476058,219,17579.2436149363
17632,37.31128,-120.477179,220,17689.4537174244
17632,37.311847,-120.478724,221,17841.1800086532
17632,37.311962,-120.479046,222,17872.6555046026
17632,37.312385,-120.478821,223,17924.0017627763
17632,37.312611,-120.478724,224,17950.6931740158
17632,37.313306,-120.478655,225,18028.5829761853
17632,37.314249,-120.478569,226,18134.2149684022
17632,37.315277,-120.478467,227,18249.4242175358
17632,37.316203,-120.478445,228,18352.8964724907
17632,37.317509,-120.478467,229,18498.8172796211
17632,37.318174,-120.478359,230,18573.7341157026
17632,37.321233,-120.478349,231,18915.4898019223
17632,37.321544,-120.478317,232,18950.3521459353
17632,37.322573,-120.478349,233,19065.3484974628
17632,37.324447,-120.478255,234,19274.8815584597
17632,37.325473,-120.478263,235,19389.5095269542
17632,37.327777,-120.478209,236,19646.9597955208
17632,37.329539,-120.478131,237,19843.9351732533
17632,37.330891,-120.478145,238,19994.9871439931
17632,37.33264,-120.478081,239,20190.4705931879
17632,37.334508,-120.477938,240,20399.5550116648
17632,37.336854,-120.478016,241,20661.7448917023
17632,37.338986,-120.477973,242,20899.9649914438
17632,37.339967,-120.477941,243,21009.6004823848
17632,37.339976,-120.477576,244,21042.1748388273
17632,37.339933,-120.477329,245,21064.7254647898
17632,37.339745,-120.477115,246,21093.1077336158
17632,37.33943,-120.476686,247,21145.0974642444
17632,37.339251,-120.476471,248,21172.8057041724
17632,37.339118,-120.476482,249,21187.6970003687
17632,37.338978,-120.476528,250,21203.8672781603
17632,37.338773,-120.476477,251,21227.217614454
17632,37.338773,-120.475913,252,21277.528643928
17632,37.338786,-120.47527,253,21334.9052227329
17632,37.339234,-120.475275,254,21384.9584504801
17632,37.339234,-120.474229,255,21478.2654286098
17632,37.339251,-120.473295,256,21561.6033735205
17632,37.339268,-120.472491,257,21633.3484162735
17632,37.339259,-120.471858,258,21689.8234718259
17632,37.339225,-120.4716,259,21713.1494841541
17632,37.339106,-120.4713,260,21743.031255438
17632,37.338935,-120.470871,261,21785.803618493
17632,37.338868,-120.470541,262,21816.1779293098
17632,37.338839,-120.469739,263,21887.7934625019
17632,37.33885,-120.468907,264,21962.0220943799
17632,37.338833,-120.468451,265,22002.7438791768
17632,37.338777,-120.468071,266,22037.2143478836
17632,37.338709,-120.467711,267,22070.2146171223
17632,37.338722,-120.46733,268,22104.2328542424
17632,37.33873,-120.465973,269,22225.2878980899
17632,37.33873,-120.465034,270,22309.0519341309
17632,37.338696,-120.464745,271,22335.1107254458
17632,37.338632,-120.464482,272,22359.6372634724
17632,37.338474,-120.464093,273,22398.5701829001
17632,37.338156,-120.464254,274,22436.8914365005
17632,37.337882,-120.464315,275,22467.9835731981
17632,37.337054,-120.464337,276,22560.5114783682
17632,37.336286,-120.464358,277,22646.3356023201
17632,37.335131,-120.46438,278,22775.3912080685
17632,37.33426,-120.464396,279,22872.7128729524
17632,37.33345,-120.464353,280,22963.2902070541
17632,37.332597,-120.464369,281,23058.6010771585
17632,37.332077,-120.464358,282,23116.7056070763
17632,37.332085,-120.462824,283,23253.5625457734
17632,37.332085,-120.460488,284,23461.9667141246
17632,37.332094,-120.458683,285,23623.0018681416
17632,37.332102,-120.456081,286,23855.1403081203
17632,37.332111,-120.453882,287,24051.3268244431
17632,37.3321,-120.452144,288,24206.3879930708
17632,37.332081,-120.451704,289,24245.7001860174
17632,37.332098,-120.4504,290,24362.0529226885
17632,37.332094,-120.448158,291,24562.0755217239
17632,37.332081,-120.445781,292,24774.1475785956
17632,37.332085,-120.444124,293,24921.9801217574
17632,37.332089,-120.442584,294,25059.374732487
17632,37.332094,-120.439693,295,25317.3020579518
17632,37.332051,-120.438623,296,25412.8855392384
17632,37.332128,-120.437365,297,25525.4505133693
17632,37.332128,-120.435594,298,25683.4551894612
17632,37.332119,-120.433856,299,25838.5193991337
17632,37.332115,-120.432901,300,25923.7239944112
17632,37.332889,-120.432901,301,26010.2025119701
17632,37.335964,-120.432834,302,26353.8222648589
17632,37.337783,-120.432791,303,26557.0941656508
17632,37.339116,-120.432759,304,26706.0567591524
17632,37.340353,-120.432732,305,26844.2869669554
17632,37.341739,-120.432689,306,26999.19136967
17632,37.343488,-120.432641,307,27194.652943998
17632,37.346656,-120.43258,308,27548.6534238904
17632,37.349759,-120.432504,309,27895.4159594327
17632,37.352686,-120.43244,310,28222.4976879121
17632,37.355452,-120.432365,311,28531.6135725388
17632,37.358349,-120.432301,312,28855.3439623067
17632,37.361191,-120.432223,313,29172.9551166042
17632,37.361197,-120.431266,314,29258.3064474557
17632,37.361202,-120.430677,315,29310.838617327
17632,37.361203,-120.430305,316,29344.0151669285
17632,37.361208,-120.429865,317,29383.2600257235
17632,37.361213,-120.429069,318,29454.2526152775
17632,37.361341,-120.42907,319,29468.5543320305
17632,37.361477,-120.429078,320,29483.7663511642
17632,37.361471,-120.428891,321,29500.4571645054
17632,37.361472,-120.428783,322,29510.0896508882
17632,37.361468,-120.428624,323,29524.2769018736
17632,37.361468,-120.42844,324,29540.6867096241
17632,37.361465,-120.428291,325,29553.9793172869
17632,37.3614638681187,-120.42806182209,326,29574.4186641607
6275,37.301923,-120.488088,0,0
6275,37.300945,-120.485398,1,263.76896325058
6275,37.303742,-120.483732,2,609.819774410561
6275,37.30677,-120.481964,3,983.095032938509
6275,37.310704,-120.479693,4,1467.07845217011
6275,37.312393,-120.478746,5,1673.83373924186
6275,37.312871,-120.478594999999,6,1728.91005678173
6275,37.313264,-120.478542,7,1773.07038096042
6275,37.318174,-120.478359,8,2321.86341137443
6275,37.319382,-120.478348999999,9,2456.82532447705
6275,37.319352,-120.481444,10,2733.00224350038
6275,37.319309,-120.486336,11,3169.52295086465
6275,37.319283,-120.488155,12,3331.85046735538
6275,37.319275,-120.490392,13,3531.44971127742
6275,37.319558,-120.490362,14,3563.17923621585
6275,37.321643,-120.490338,15,3796.12274817991
6275,37.322696,-120.490274,16,3913.90113888491
6275,37.323366,-120.490268,17,3988.75464618267
6275,37.323349,-120.489351,18,4070.5918319965
6275,37.323388,-120.488184,19,4174.80337338488
6275,37.323389,-120.48602,20,4367.8772208735
6275,37.323353,-120.485387,21,4424.49715720756
6275,37.323416,-120.485033,22,4456.85614346814
6275,37.323434,-120.483268,23,4614.34438579005
6275,37.323349,-120.482115,24,4717.65408431157
6275,37.323033,-120.481042,25,4819.69106842748
6275,37.322803,-120.480248,26,4895.04976299626
6275,37.322696,-120.479411,27,4970.67982115519
6275,37.322627,-120.478719,28,5032.9014072216
6275,37.322688,-120.4783,29,5070.90190978748
6275,37.322843,-120.478284,30,5088.27740809237
6275,37.324447,-120.478255,31,5267.49657267543
6275,37.327256,-120.478166,32,5581.42132274911
6275,37.329539,-120.478131,33,5836.49950886392
6275,37.334606,-120.477979,34,6402.75231606434
6275,37.336777,-120.47793,35,6645.33806352859
6275,37.336802,-120.478444999999,36,6691.3639975982
6275,37.334371,-120.478477,37,6962.97260408043
6275,37.332077,-120.47851,38,7219.27734595747
6275,37.332077,-120.476128,39,7431.77989959213
6275,37.332051,-120.474475999999,40,7579.18696345531
6275,37.332094,-120.472223,41,7780.23992189938
6275,37.332034,-120.470366,42,7946.04350494523
6275,37.332051,-120.468221,43,8137.41490168933
6275,37.332068,-120.464905999999,44,8433.16349291316
6275,37.332106,-120.461998,45,8692.63209369611
6275,37.332085,-120.460488,46,8827.36590690915
6275,37.332102,-120.459895,47,8880.30408051631
6275,37.33293,-120.45997,48,8973.05351376874
6275,37.334363,-120.460013,49,9133.20045262412
6275,37.336239,-120.45997,50,9342.83041891313
6275,37.33798,-120.459949,51,9537.3515221468
6275,37.338048,-120.460399,52,9578.20734990832
6275,37.338039,-120.460818,53,9615.59865568683
6275,37.33827,-120.461439999999,54,9676.79375869267
6275,37.338372,-120.462051999999,55,9732.56489357154
6275,37.338364,-120.463275,56,9841.66801643316
6275,37.338406,-120.463704,57,9880.22411789113
6275,37.338662,-120.464423,58,9950.45131257215
6275,37.338773,-120.464895,59,9994.34472475162
6275,37.338811,-120.467083,60,10189.5723737477
6275,37.338756,-120.467598,61,10235.9221957146
6275,37.338816,-120.467994999999,62,10271.9654851789
6275,37.338909,-120.468627999999,63,10329.3802266571
6275,37.338909,-120.469073999999,64,10369.1655983088
6275,37.338321,-120.46909,65,10434.8740251643
6275,37.33748,-120.469116999999,66,10528.8636454757
6275,37.336005,-120.469138,67,10693.6652096955
6275,37.335335,-120.469121999999,68,10768.5329971484
6275,37.333595,-120.469068,69,10962.9901163981
6275,37.332243,-120.469073999999,70,11114.0401201803
6275,37.332119,-120.469224,71,11133.3014460943
6275,37.332183,-120.475768,72,11717.1514343248
6275,37.332161,-120.478466,73,11957.8572445924
6275,37.329865,-120.478536,74,12214.4445350487
6275,37.326941,-120.47852,75,12541.11969181
6275,37.324522,-120.478397,76,12811.5954128241
6275,37.323272,-120.478413,77,12951.2539285867
6275,37.322743,-120.478418,78,13010.356008434
6275,37.322786,-120.478799,79,13044.6876658136
6275,37.322747,-120.479529,80,13109.9658208541
6275,37.322875,-120.480333999999,81,13183.1997320825
6275,37.32305,-120.48094,82,13240.6946780882
6275,37.323268,-120.481573,83,13302.1997609647
6275,37.323421,-120.482216,84,13362.0615813954
6275,37.323473,-120.483187,85,13448.8901041995
6275,37.323489,-120.485516,86,13656.6937221586
6275,37.323519,-120.48561,87,13665.7253863386
6275,37.323451,-120.485923,88,13694.6664037587
6275,37.323434,-120.488761,89,13947.8818782382
6275,37.323421,-120.490322,90,14087.1624902946
6275,37.322044,-120.490392,91,14241.1259759584
6275,37.320388,-120.490429,92,14426.1617167619
6275,37.320559,-120.490478,93,14445.7595084571
6275,37.319074,-120.490472,94,14611.6627381576
6275,37.319109,-120.488316,95,14804.0729046893
6275,37.319134,-120.484679,96,15128.599910101
6275,37.319177,-120.480698,97,15483.8431914157
6275,37.319198,-120.47851,98,15679.0858334313
6275,37.318422,-120.478585,99,15766.0391972077
6275,37.313357,-120.478832,100,16332.3348038773
6275,37.312803,-120.478885,101,16394.4086214837
6275,37.312419,-120.479003,102,16438.5827756191
6275,37.310419,-120.480079,103,16681.7815450319
6275,37.309031,-120.481031,104,16858.5962855582
6275,37.306748,-120.48219,105,17133.8272381835
6275,37.30351,-120.484056,106,17532.0664954715
6275,37.30231,-120.484738,107,17679.3001575459
6275,37.301022,-120.485418999999,108,17835.5041249053
6275,37.301555,-120.486929,109,17982.8371639647
6275,37.301837,-120.487714999999,110,18059.735105898
6275,37.301662,-120.487833,111,18081.9418832365
6275,37.301814,-120.488202,112,18118.9943095999
6275,37.301793,-120.488482999999,113,18144.1820760614
6275,37.30185,-120.488643,114,18159.817083499
6275,37.301011,-120.489179,115,18265.0504457723
6275,37.30077,-120.489281,116,18293.4720262045
6275,37.299691,-120.486192,117,18594.3628547002
6275,37.2969,-120.488,118,18945.4521126225
6275,37.292619,-120.490279,119,19465.1807606967
6275,37.288449,-120.492688999999,120,19978.3147462893
6275,37.288343,-120.492811,121,19994.4028675222
6275,37.288258,-120.500225,122,20656.2555641101
6275,37.2882792150237,-120.501855626983,123,20801.8260076445
6275,37.288466,-120.501614,124,20831.8360248537
6275,37.2894784643021,-120.501125813491,125,20953.0488071347
6275,37.290289,-120.503132,126,21153.7110318936
6275,37.291194,-120.50575,127,21408.3210435567
6275,37.289787,-120.505823,128,21565.6404673443
6275,37.288121,-120.505857,129,21751.7840761932
6275,37.2881294641491,-120.500096101852,130,22266.0069554593
6275,37.289715,-120.499139,131,22462.6641957968
6275,37.2899,-120.499,132,22486.7699656508
6275,37.290793,-120.498432999999,133,22598.6364393074
6275,37.2902,-120.497,134,22742.6823785559
6275,37.289222,-120.494248999999,135,23011.4472343816
6275,37.28854,-120.494448,136,23089.6821785346
6275,37.288087,-120.494796,137,23149.0632678413
6275,37.287481,-120.494914,138,23217.5788532757
6275,37.28416,-120.494893,139,23588.5991427709
6275,37.284205,-120.492721,140,23782.5518110954
6275,37.284417,-120.492767,141,23806.5894444279
6275,37.286815,-120.49265,142,24074.6937335763
6275,37.287737,-120.492682,143,24177.7377254085
6275,37.288335,-120.492543,144,24245.6877384357
6275,37.288432,-120.492506,145,24257.0165349687
6275,37.290059,-120.491524,146,24458.8139170239
6275,37.2928,-120.49,147,24793.8893915526
6275,37.297466,-120.487397,148,25364.6006425581
6275,37.299721,-120.48609,149,25642.2241055316
6275,37.300821,-120.489157999999,150,25942.3515482794
6275,37.301,-120.489,151,25966.8209057961
6275,37.302033,-120.488466,152,26091.6799284111
6275,37.301931,-120.488165999999,153,26120.7779547751
6275,37.301923,-120.488088,154,26121.7452773479
20184,37.301619,-120.487334,0,0
20184,37.301252,-120.486302,1,100.816969252545
20184,37.30094,-120.485466,2,183.168600015301
20184,37.300378,-120.485807,3,252.9421495471
20184,37.299725,-120.486172,4,332.837802374623
20184,37.300135,-120.48732,5,445.068381309586
20184,37.300592,-120.488001,6,524.445115442003
20184,37.300558,-120.488446,7,564.34170088148
20184,37.300843,-120.48924,8,642.028929765797
20184,37.298777,-120.490472,9,897.692402865623
20184,37.297583,-120.487259,10,1213.96195902342
20184,37.296768,-120.484856,11,1446.96247554143
20184,37.295829,-120.48241,12,1689.1740016333
20184,37.294502,-120.478968,13,2030.29236518622
20184,37.294373,-120.478397,14,2083.25648843865
20184,37.292935,-120.474658,15,2453.64767630957
20184,37.292566,-120.473513,16,2563.85108467695
20184,37.291642,-120.470822813491,17,2825.22794833831
20184,37.2900981662603,-120.471684226511,18,3014.0715907239
20184,37.2889856978628,-120.472357823,19,3152.13933705265
20184,37.2883653886196,-120.472717239008,20,3228.50772578736
20184,37.2880122557701,-120.472964002238,21,3273.69314570835
20184,37.2880887614053,-120.47668302288,22,3605.78140340099
20184,37.2881869236852,-120.481409075164,23,4027.79137866192
20184,37.2881813396167,-120.481921271163,24,4073.51619428291
20184,37.287891,-120.482088,25,4109.20441953686
20184,37.28746,-120.482163,26,4157.81908450604
20184,37.28591,-120.482182,27,4330.99395310919
20184,37.284549,-120.482179,28,4483.04560560072
20184,37.284459,-120.48219,29,4493.14827305179
20184,37.284365,-120.478864,30,4790.24091747601
20184,37.284378,-120.477051,31,4952.09196849344
20184,37.282658,-120.477067,32,5144.25793327948
20184,37.282677,-120.477453,33,5178.78187931664
20184,37.282684,-120.47793,34,5221.37131535593
20184,37.28084,-120.477962,35,5427.40492572346
20184,37.280829,-120.478317,36,5459.12070210202
20184,37.280921,-120.482098,37,5796.81749198867
20184,37.281145,-120.482069,38,5821.97641523212
20184,37.282871,-120.482069,39,6014.80581257158
20184,37.2845318549698,-120.482066635582,40,6200.35729588884
20184,37.2845962105496,-120.484491174621,41,6416.91018439773
20184,37.2846348926237,-120.486454822784,42,6592.2534337832
20184,37.2846258839088,-120.487510714988,43,6686.51542394134
20184,37.2862430649155,-120.487511672667,44,6867.18590890303
20184,37.2872139407721,-120.487479486159,45,6975.68960692177
20184,37.2881547509633,-120.487398367767,46,7081.04547119748
20184,37.2884772515413,-120.487211265258,47,7120.75773145782
20184,37.288406848014,-120.485679628286,48,7257.70197719258
20184,37.2883641689024,-120.484649660025,49,7349.76363504944
20184,37.2881080937242,-120.483598234091,50,7447.88090832119
20184,37.288091,-120.48138,51,7645.89807051558
20184,37.288044,-120.476455,52,8085.55630619584
20184,37.290291,-120.475192,53,8360.74800313446
20184,37.291634,-120.47446,54,8524.39981208753
20184,37.292752,-120.473838,55,8661.08816705536
20184,37.293575,-120.476058,56,8879.53604874227
20184,37.294677,-120.478946,57,9165.20319218914
20184,37.295667,-120.481567,58,9423.9706398378
20184,37.296627,-120.484271,59,9688.07158589025
20184,37.298863,-120.490295,60,10280.9215305873
20184,37.299332,-120.490018,61,10338.8571743484
20184,37.300254,-120.489475,62,10452.6928964002
20184,37.301,-120.489,63,10546.1974192679
20184,37.302046,-120.488464,64,10672.4675607765
20184,37.301571,-120.487346,65,10785.4792803282
20187,37.334606,-120.477979,0,0
20187,37.335276,-120.478022,1,74.9513125677815
20187,37.335894,-120.478027,2,143.996343762525
20187,37.3365,-120.478048,3,211.725192476747
20187,37.336781,-120.478048,4,243.118797277065
20187,37.336781,-120.47837,5,271.843144263485
20187,37.336056,-120.478381,6,352.846779474303
20187,37.334896,-120.478413,7,482.474519703498
20187,37.333668,-120.478424,8,619.671356355005
20187,37.332132,-120.478456,9,791.298478577846
20187,37.329865,-120.478536,10,1044.67039607159
20187,37.326971,-120.478563,11,1367.99976735878
20187,37.326288,-120.478553,12,1444.31038609011
20187,37.326135,-120.478542,13,1461.43184091287
20187,37.325964,-120.47852,14,1480.63669022513
20187,37.325375,-120.478445,15,1546.77967979811
20187,37.325264,-120.478359,16,1561.36250827681
20187,37.324522,-120.478397,17,1644.3287760698
20187,37.322722,-120.478413,18,1845.43160028711
20187,37.322767,-120.479829,19,1971.87099814934
20187,37.322833,-120.48017,20,2003.1766427189
20187,37.322982,-120.480773,21,2059.49411471954
20187,37.323313,-120.481424,22,2128.35030803721
20187,37.323362,-120.481932,23,2174.00430659232
20187,37.323473,-120.482683,24,2242.14751671809
20187,37.32349,-120.483509,25,2315.86876146627
20187,37.323519,-120.48561,26,2503.35015453634
20187,37.323473,-120.487146,27,2640.48959527505
20187,37.323131,-120.487125,28,2678.74353227854
20187,37.322863,-120.487189,29,2709.22396664604
20187,37.322551,-120.48712,30,2744.61989227787
20187,37.32,-120.487,31,3029.81710182794
20187,37.319377,-120.486969,32,3099.47323129631
20187,37.319251,-120.489343,33,3311.76186167389
20187,37.319292,-120.49044,34,3409.74916418704
20187,37.319113,-120.49044,35,3429.7468244971
20187,37.31872,-120.490462,36,3473.69616067749
20187,37.31837,-120.490547,37,3513.52646203368
20187,37.317969,-120.490805,38,3563.89421226268
20187,37.317457,-120.491073,39,3625.89147364024
20187,37.317372,-120.491095,40,3635.58833016042
20187,37.317304,-120.491127,41,3643.70405734787
20187,37.316527,-120.491159,42,3730.55639411429
20187,37.316442,-120.491213,43,3741.20496214967
20187,37.316399,-120.491298,44,3750.18276753559
20187,37.316391,-120.491438,45,3762.70669713997
20187,37.316404,-120.492666,46,3872.28886714883
20187,37.316391,-120.494099,47,4000.16121427291
20187,37.316434,-120.494313,48,4019.85104232578
20187,37.316527,-120.494614,49,4048.64825960514
20187,37.316698,-120.494946,50,4083.89756630668
20187,37.316809,-120.495193,51,4109.18598403637
20187,37.316664,-120.495365,52,4131.50067534764
20187,37.316519,-120.495536,53,4153.75410794358
20187,37.316391,-120.495729,54,4176.13822458329
20187,37.316254,-120.496105,55,4213.01419256367
20187,37.316195,-120.496341,56,4235.07949636034
20187,37.316152,-120.496727,57,4269.85493004925
20187,37.316186,-120.497038,58,4297.86360029162
20187,37.316246,-120.497521,59,4341.47884022825
20187,37.31634,-120.497897,60,4376.63361572182
20187,37.316527,-120.498337,61,4421.10603807509
20187,37.316741,-120.498712,62,4462.22968311477
20187,37.317005,-120.499055,63,4504.73277324097
20187,37.317434,-120.499381,64,4560.79582663765
20187,37.317688,-120.499603,65,4595.40173845819
20187,37.317927,-120.499721,66,4624.10299993587
20187,37.318174,-120.499753,67,4651.84443916938
20187,37.318643,-120.499731,68,4704.27650029012
20187,37.319224,-120.499753,69,4769.21378962862
20187,37.319164,-120.50265,70,5027.7819272093
20187,37.319147,-120.504946,71,5232.64772142334
20187,37.319207,-120.505697,72,5299.98875764444
20187,37.31936,-120.506405,73,5365.43021238824
20187,37.319659,-120.50707,74,5433.51962301155
20187,37.319795,-120.507349,75,5462.68294153155
20187,37.319829,-120.507456,76,5472.95757396314
20187,37.320026,-120.507821,77,5512.26273762781
20187,37.321237,-120.509773,78,5732.79416559392
20187,37.324002,-120.514205,79,6234.55762093398
20187,37.326928,-120.518893,80,6765.375868613
20187,37.329743,-120.523442,81,7278.77564055741
20187,37.331432,-120.526146,82,7585.01997368219
20187,37.332388,-120.527669,83,7757.82959905815
20187,37.332154,-120.527759,84,7785.17526006761
20187,37.331779,-120.527965,85,7830.92040723445
20187,37.331778,-120.528302,86,7860.98261009272
20187,37.331748,-120.535957,87,8543.84874744345
20187,37.331697,-120.540544,88,8953.06405729639
20187,37.331711,-120.540769,89,8973.19557100703
20187,37.332913,-120.540774,90,9107.47116228401
20187,37.3361,-120.540689,91,9463.57015834595
20187,37.338897,-120.540672,92,9776.02540185698
20187,37.339695,-120.540587,93,9865.49142567333
20187,37.340265,-120.540335,94,9933.01650545854
20187,37.343063,-120.544771,95,10437.233061769
20187,37.344931,-120.547775,96,10776.8275381299
20187,37.34784,-120.552431,97,11304.1060113451
20187,37.34987,-120.555671,98,11671.4091502777
20187,37.352966,-120.560617,99,12231.8987969429
20187,37.356479,-120.566293,100,12872.3459495618
20187,37.358767,-120.569832,101,13278.427888839
20187,37.358885,-120.569962,102,13295.9808535014
20187,37.359012,-120.570007,103,13310.7238066023
20187,37.359149,-120.570039,104,13326.2909999854
20187,37.359332,-120.570055,105,13346.7825811688
20187,37.359771,-120.570055,106,13395.8206990952
20187,37.359955,-120.570066,107,13416.3976496567
20187,37.360495,-120.570075,108,13476.7232214141
20187,37.361016,-120.570093,109,13534.9432010999
20187,37.36146,-120.570125,110,13584.6218373326
20187,37.36169,-120.570302,111,13614.7738214498
20187,37.36195,-120.570554,112,13651.4937543018
20187,37.362355,-120.570962,113,13709.5457795021
20187,37.363057,-120.571681,114,13810.8315164417
20187,37.362988,-120.571777,115,13822.3497930464
20187,37.362886,-120.57191,116,13838.794864732
20187,37.362766,-120.572259,117,13872.6764371705
20187,37.362659,-120.572481,118,13895.7989661489
20187,37.362373,-120.572894,119,13944.5494312385
20187,37.361917,-120.572438,120,14009.7232070856
20187,37.362001,-120.572212,121,14031.9513632416
20187,37.362175,-120.572044,122,14056.4901602046
20187,37.362088,-120.571526,123,14103.6874244698
20187,37.362041,-120.571473,124,14110.7510336211
20187,37.362318,-120.571089,125,14156.8992844021
20187,37.362382,-120.570995,126,14167.9153483279
20187,37.363104,-120.571736,127,14272.1722768828
20187,37.363839,-120.572471,128,14377.221478161
20187,37.364547,-120.573146,129,14476.6023800883
20187,37.365049,-120.572413,130,14562.7155723943
20187,37.365872,-120.573235,131,14680.2851300883
20187,37.36534,-120.574079,132,14776.1698796442
20187,37.365033,-120.574551,133,14830.455661228
20187,37.36476,-120.574821,134,14869.3071859493
20187,37.364344,-120.57468,135,14917.4462216225
20187,37.364,-120.575201,136,14977.7316080156
20187,37.363686,-120.575645,137,15030.6216211353
20187,37.363768,-120.575781,138,15045.8180567718
20187,37.364013,-120.576246,139,15095.4952072377
20187,37.364146,-120.576475,140,15120.7456717854
20187,37.364306,-120.576581,141,15140.9630773032
20187,37.364456,-120.576638,142,15158.4722729116
20187,37.365504,-120.576643,143,15275.5377974296
20187,37.365787,-120.57667,144,15307.2412497427
20187,37.366154,-120.576665,145,15348.2386480886
20187,37.366162,-120.576736,146,15354.6315202311
20187,37.366161,-120.577863,147,15455.1107798172
20187,37.365998,-120.578028,148,15478.5185145657
20187,37.366048,-120.57806,149,15484.7901457154
20187,37.366018,-120.578175,150,15495.5768693066
20187,37.365819,-120.578143,151,15517.988038121
20187,37.365279,-120.578135,152,15578.3116922845
20187,37.365277,-120.577663,153,15620.3945379876
20187,37.365279,-120.577125,154,15668.3617331266
20187,37.365279,-120.576875,155,15690.6510941703
20187,37.365276,-120.576707,156,15705.6332983644
20187,37.364597,-120.576704,157,15781.4800547853
20187,37.36441,-120.576684,158,15802.4444749783
20187,37.364298,-120.576638,159,15815.6103001393
20187,37.364091,-120.576493,160,15842.1015134968
20187,37.363912,-120.576149,161,15878.7141704596
20187,37.363824,-120.575971,162,15897.3821732683
20187,37.363655,-120.575887,163,15917.691359248
20187,37.363554,-120.57587,164,15929.0747309547
20187,37.363406,-120.576106,165,15955.8340643352
20187,37.363248,-120.576357,166,15984.3352139037
20187,37.363128,-120.576548,167,16006.0073826472
20187,37.363007,-120.576662,168,16022.9187962424
20187,37.362266,-120.57675,169,16106.0617102501
20187,37.361449,-120.576791,170,16197.3961798209
20187,37.360606,-120.576765,171,16291.5902699694
20187,37.360581,-120.578671,172,16461.5578156906
20187,37.360573,-120.584607,173,16990.8266484701
20187,37.360538,-120.586243,174,17136.7478813889
20187,37.360534,-120.593914,175,17820.7038896194
20187,37.360526,-120.595727,176,17982.3544539023
20187,37.360518,-120.596275,177,18031.2225229309
20187,37.360526,-120.597075,178,18102.556360768
20187,37.3605,-120.602,179,18541.6784595517
20187,37.3605,-120.608,180,19076.633199582
20187,37.3605,-120.612408,181,19469.643300836
20187,37.360497,-120.61383,182,19596.4263517565
20187,37.361447,-120.613859,183,19702.5692351702
20187,37.363881,-120.61379,184,19974.5073724008
20187,37.374736,-120.613586,185,21187.1061466563
20187,37.380917,-120.613403,186,21877.6932539159
20187,37.383841,-120.613468,187,22204.3444385217
20187,37.385849,-120.613446,188,22428.6390421427
20187,37.386491,-120.614053,189,22518.4666364159
20187,37.387008,-120.61483,190,22608.6354559259
20187,37.387076,-120.614766,191,22618.1341527347
20187,37.38711,-120.614766,192,22621.9318164396
20187,37.388167,-120.614755,193,22739.9985498199
20187,37.389305,-120.614702,194,22867.1963292113
20187,37.389455,-120.614744,195,22884.3637754937
20187,37.389489,-120.617437,196,23124.4014226067
20187,37.389455,-120.618746,197,23241.1245386641
20187,37.389446,-120.619379,198,23297.5479491879
20187,37.389412,-120.619712,199,23327.4676716099
20187,37.389412,-120.62307,200,23626.7395899942
20187,37.389386,-120.62705,201,23981.4552838085
20187,37.389395,-120.628906,202,24146.8671915178
20187,37.389378,-120.63161,203,24387.8573853113
20187,37.389386,-120.636599,204,24832.4793494746
20187,37.389386,-120.642596,205,25366.9288898561
20187,37.389395,-120.649871,206,26015.2669322104
20187,37.389395,-120.65781,207,26722.7701814953
20187,37.389386,-120.6662,208,27470.4562854049
20187,37.38942,-120.672691,209,28048.9153798546
20187,37.389463,-120.678924,210,28604.3850889371
20187,37.389523,-120.685405,211,29181.9669428869
20187,37.389548,-120.691965,212,29766.5500882267
20187,37.389582,-120.697383,213,30249.3704605526
20187,37.389608,-120.704765,214,30907.1900445373
20187,37.389574,-120.709657,215,31343.1305336516
20187,37.389557,-120.712495,216,31596.0291055941
20187,37.389568,-120.718152,217,32100.1170188331
20187,37.389557,-120.718133,218,32102.2087933675
20187,37.389523,-120.718337,219,32120.7791635392
20187,37.38948,-120.718519,220,32137.6928615032
20187,37.389437,-120.718862,221,32168.6318800744
20187,37.389412,-120.719077,222,32187.9924830119
20187,37.389472,-120.71927,223,32206.4495831673
20187,37.389548,-120.719538,224,32231.7939221566
20187,37.389659,-120.719785,225,32257.0543297975
20187,37.390102,-120.721,226,32376.0878058882
20187,37.390392,-120.721802,227,32454.5474724169
20187,37.390793,-120.722837,228,32557.0701265161
20187,37.391319,-120.72254,229,32621.4981708939
20187,37.391547,-120.722392,230,32650.1728879105
20187,37.391321,-120.721791,231,32709.374632115
20187,37.390876,-120.720509,232,32833.9500161218
20187,37.389881,-120.721094,233,32956.6879540281
20187,37.389817,-120.721193,234,32968.041594665
20187,37.389668,-120.721223,235,32984.8948100833
20187,37.389293,-120.721416,236,33030.1673112248
20187,37.388619,-120.721807,237,33113.1101612081
20187,37.38844,-120.722001,238,33139.5383525679
20187,37.388201,-120.72228,239,33176.0141581324
20187,37.387818,-120.722741,240,33235.3182248852
20187,37.38746,-120.723084,241,33285.6432989851
20187,37.387315,-120.723159,242,33303.1613519785
20187,37.387178,-120.723245,243,33320.2730163233
20187,37.386914,-120.723288,244,33350.0035713481
20187,37.386126,-120.723315,245,33438.0375421124
20187,37.385461,-120.723358,246,33512.401202828
20187,37.384474,-120.723343,247,33622.6340113423
20187,37.382264,-120.72342,248,33869.5344338868
20187,37.382225,-120.719762,249,34195.5510246797
20187,37.382195,-120.716531,250,34483.5070623806
20187,37.381986,-120.716503,251,34506.9807088341
20187,37.378598,-120.716574,252,34885.3977235308
20187,37.378642,-120.718904,253,35093.1082849528
20187,37.378691,-120.723408,254,35494.5450913161
20187,37.37847,-120.723525,255,35521.3378417582
20187,37.376274,-120.723526,256,35766.5793959711
20187,37.375046,-120.723565,257,35903.7621454399
20187,37.375052,-120.723956,258,35938.6163207782
20187,37.375029,-120.727074,259,36216.5180691614
20187,37.375075,-120.731288,260,36592.1211636417
20187,37.37504,-120.734722,261,36898.1955801556
20187,37.37916,-120.734663,262,37358.3244984995
20187,37.379884,-120.734647,263,37439.1894002987
20187,37.380774,-120.734449,264,37540.1338612873
20187,37.38231,-120.734475,265,37711.6815732872
20187,37.382335,-120.7358,266,37829.7910207494
20187,37.382334,-120.738574,267,38076.9932630843
20187,37.382311,-120.741294,268,38319.3959103156
20187,37.382316,-120.741467,269,38334.8226407031
20187,37.385847,-120.741437,270,38729.1500330618
20187,37.385886,-120.737269,271,39100.5837547263
20187,37.38589,-120.736706,272,39150.7545382677
20187,37.385902,-120.735723,273,39238.35978118
20187,37.385913,-120.734356,274,39360.1793634238
20187,37.38592,-120.733926,275,39398.5046927238
20187,37.385861,-120.732865,276,39493.279991972
20187,37.385921,-120.732177,277,39554.9530105688
20187,37.38592,-120.731473,278,39617.6868701782
20187,37.385927,-120.730635,279,39692.3656117898
20187,37.385927,-120.729884,280,39759.2877246953
20187,37.385927,-120.728897,281,39847.2400776093
20187,37.385939,-120.728065,282,39921.3924696297
20187,37.385952,-120.727593,283,39963.4779062967
20187,37.385959,-120.726902,284,40025.0586134266
20187,37.385964,-120.726505,285,40060.4401399984
20187,37.385971,-120.725926,286,40112.0414443932
20187,37.385981,-120.725198,287,40176.9240671206
20187,37.385961,-120.723672,288,40312.9264743523
20187,37.386033,-120.723218,289,40354.174421809
20187,37.386266,-120.723159,290,40380.7208959504
20187,37.386982,-120.723213,291,40460.8259494138
20187,37.387144,-120.723191,292,40479.0234531885
20187,37.387281,-120.723106,293,40496.0953984509
20187,37.387417,-120.72302,294,40513.1072843961
20187,37.387554,-120.722913,295,40531.1348189107
20187,37.388159,-120.722258,296,40620.4187104904
20187,37.388432,-120.721915,297,40663.5891187677
20187,37.388568,-120.721749,298,40684.7900984467
20187,37.388768,-120.721609,299,40710.3732758446
20187,37.389186,-120.721368,300,40761.7570007966
20187,37.38935,-120.721225,301,40784.06863595
20187,37.389476,-120.721212,302,40798.1875235423
20187,37.38977,-120.721083,303,40832.9745652583
20187,37.389937,-120.720987,304,40853.4928530714
20187,37.390891,-120.720434,305,40970.876223826
20187,37.391211,-120.72137,306,41061.6130942062
20187,37.391596,-120.722419,307,41164.4990956981
20187,37.391357,-120.722634,308,41197.3534404694
20187,37.39103,-120.722795,309,41236.588495489
20187,37.39077,-120.722902,310,41267.1497017956
20187,37.389996,-120.720879,311,41467.0648255526
20187,37.389834,-120.720445,312,41509.7599591088
20187,37.389651,-120.719919,313,41560.8922999965
20187,37.389472,-120.719447,314,41607.4600850804
20187,37.389412,-120.719286,315,41623.2941413826
20187,37.389386,-120.719168,316,41634.2024394717
20187,37.389382,-120.719018,317,41647.5761188946
20187,37.389493,-120.718103,318,41730.0470089087
20187,37.38942,-120.718546,319,41770.354954163
20187,37.389472,-120.718288,320,41794.0669612721
20187,37.389497,-120.71816,321,41805.809535954
20187,37.389514,-120.716604,322,41944.4749081412
20187,37.389518,-120.7125,323,42310.1768778189
20187,37.389523,-120.704749,324,43000.864372373
20187,37.389514,-120.698665,325,43543.0131534084
20187,37.389506,-120.691842,326,44151.0206206468
20187,37.389472,-120.686241,327,44650.1529044766
20187,37.389412,-120.679504,328,45250.5460036341
20187,37.389386,-120.674107,329,45731.503732268
20187,37.389335,-120.669279,330,46161.7882135916
20187,37.389327,-120.664108,331,46622.6061586305
20187,37.389327,-120.660331,332,46959.1984472685
20187,37.389327,-120.654559,333,47473.5817189806
20187,37.389327,-120.649141,334,47956.421925868
20187,37.389318,-120.645772,335,48256.6635994458
20187,37.389318,-120.641127,336,48670.6214059777
20187,37.389327,-120.638584,337,48897.2545803498
20187,37.389335,-120.633777,338,49325.6555466993
20187,37.38931,-120.631449,339,49533.1470090228
20187,37.389335,-120.628649,340,49782.7012434684
20187,37.389344,-120.625023,341,50105.8569125284
20187,37.389344,-120.621504,342,50419.4768224329
20187,37.389352,-120.619926,343,50560.1145659181
20187,37.389369,-120.61968,344,50582.1207404795
20187,37.389395,-120.618693,345,50670.1324998958
20187,37.389412,-120.617974,346,50734.2397210981
20187,37.389412,-120.616096,347,50901.6121515886
20187,37.389386,-120.61482,348,51015.3701016176
20187,37.389165,-120.61483,349,51040.0709960937
20187,37.388099,-120.61483,350,51159.1389080215
20187,37.388091,-120.613511,351,51276.6977747302
20187,37.38636,-120.613554,352,51470.0818995683
20187,37.385806,-120.613527,353,51532.0083764434
20187,37.385486,-120.613559,354,51567.8647753333
20187,37.384182,-120.613607,355,51713.5794483651
20187,37.380904,-120.613698,356,52079.8094186212
20187,37.375128,-120.61372,357,52724.9696276518
20187,37.363749,-120.61402,358,53996.2418031076
20187,37.360352,-120.613916,359,54375.7869806539
20187,37.360346,-120.613102,360,54448.364748149
20187,37.3604,-120.608,361,54903.2912673797
20187,37.360377,-120.605721,362,55106.5008414412
20187,37.3604,-120.602,363,55438.2729966211
20187,37.360385,-120.59775,364,55817.2066719513
20187,37.360402,-120.593898,365,56160.658467868
20187,37.360406,-120.590755,366,56440.8920720718
20187,37.360445,-120.583583,367,57080.3752871557
20187,37.360411,-120.579275,368,57464.5066347168
20187,37.360458,-120.576518,369,57710.3854279295
20187,37.361357,-120.576577,370,57810.94408303
20187,37.362231,-120.576572,371,57908.5734811593
20187,37.362674,-120.57656,372,57958.0694546346
20187,37.362988,-120.576571,373,57993.157891074
20187,37.363184,-120.5763,374,58025.7640167779
20187,37.363342,-120.576051,375,58054.1253819676
20187,37.363501,-120.575825,376,58080.985630177
20187,37.363606,-120.575657,377,58100.0101056818
20187,37.363668,-120.575679,378,58107.208116938
20187,37.363764,-120.575783,379,58121.3846574269
20187,37.36401,-120.576251,380,58171.3466048982
20187,37.364141,-120.576478,381,58196.321553606
20187,37.364301,-120.576585,382,58216.5807908007
20187,37.364454,-120.576644,383,58234.4625760914
20187,37.365504,-120.576651,384,58351.7523168115
20187,37.365786,-120.576676,385,58383.3313028505
20187,37.366151,-120.57667,386,58424.1063804687
20187,37.366157,-120.576736,387,58430.0287508405
20187,37.366154,-120.577862,388,58530.4193594857
20187,37.365991,-120.578021,389,58553.4946605334
20187,37.366039,-120.578104,390,58562.6329241566
20187,37.366012,-120.578164,391,58568.7739326499
20187,37.36582,-120.578133,392,58590.3981979951
20187,37.365283,-120.57813,393,58650.3831243769
20187,37.365281,-120.576705,394,58777.432587375
20187,37.364596,-120.576698,395,58853.9516354145
20187,37.364409,-120.576678,396,58874.9160558134
20187,37.364298,-120.576633,397,58887.948057983
20187,37.364095,-120.576489,398,58914.0061442539
20187,37.363826,-120.575967,399,58969.404340245
20187,37.363655,-120.57588,400,58990.0204950246
20187,37.363595,-120.575816,401,58998.8227766383
20187,37.363539,-120.575771,402,59006.2542854683
20187,37.36365,-120.575581,403,59027.2474098627
20187,37.363934,-120.57512,404,59079.1685988551
20187,37.364278,-120.574602,405,59139.2481664707
20187,37.364084,-120.574107,406,59188.4152150929
20187,37.364235,-120.573641,407,59233.2566748409
20187,37.364475,-120.573278,408,59275.2827445788
20187,37.36377,-120.572541,409,59377.8478306884
20187,37.363006,-120.571785,410,59486.5983287049
20187,37.3629,-120.571924,411,59503.7387975231
20187,37.362786,-120.572271,412,59537.1958707047
20187,37.362677,-120.572487,413,59559.9807265507
20187,37.362376,-120.572919,414,59611.1090629275
20187,37.361894,-120.572446,415,59679.5011628696
20187,37.362038,-120.572183,416,59707.9374650694
20187,37.362155,-120.572043,417,59726.0102305178
20187,37.362075,-120.571528,418,59772.7901363971
20187,37.362024,-120.571475,419,59780.1918836928
20187,37.362304,-120.571078,420,59827.427748106
20187,37.362197,-120.57096,421,59843.3510577677
20187,37.361879,-120.570646,422,59888.5797222707
20187,37.361638,-120.570398,423,59923.4176013431
20187,37.361442,-120.570244,424,59949.261169891
20187,37.361035,-120.570205,425,59994.8575341832
20187,37.360486,-120.570203,426,60056.1833508814
20187,37.359756,-120.570202,427,60137.7274023074
20187,37.359333,-120.570214,428,60184.9903554182
20187,37.359183,-120.570244,429,60201.9581527248
20187,37.359082,-120.570309,430,60214.6418874817
20187,37.358908,-120.570415,431,60236.2546271626
20187,37.358609,-120.569955,432,60289.1496185335
20187,37.357559,-120.568192,433,60485.2854067548
20187,37.355921,-120.565467,434,60789.4581588936
20187,37.353746,-120.56198,435,61184.0646444361
20187,37.351367,-120.558161,436,61616.0407376273
20187,37.348561,-120.553697,437,62122.7256056448
20187,37.346505,-120.550404,438,62495.5459481168
20187,37.344424,-120.547067,439,62873.1863446289
20187,37.342999,-120.544813,440,63129.6089910902
20187,37.34026,-120.540468,441,63623.3712231458
20187,37.339732,-120.540715,442,63686.3339336288
20187,37.33888,-120.540767,443,63781.6233865344
20187,37.336101,-120.540845,444,64092.142065604
20187,37.331645,-120.54093,445,64589.9773475683
20187,37.331637,-120.54064,446,64615.8616648116
20187,37.33168,-120.535931,447,65035.9479207329
20187,37.331702,-120.531042,448,65472.073481199
20187,37.331718,-120.528302,449,65716.5005965944
20187,37.331709,-120.527992,450,65744.1723585299
20187,37.331709,-120.527874,451,65754.69853041
20187,37.331749,-120.527859,452,65759.3630465266
20187,37.331999,-120.527738,453,65789.3042742348
20187,37.332228,-120.527611,454,65817.2825791801
20187,37.330554,-120.524848,455,66126.670866045
20187,37.327977,-120.520695,456,66595.8561584677
20187,37.326169,-120.517777,457,66925.3427711466
20187,37.324121,-120.514505,458,67296.2285671826
20187,37.321672,-120.510578,459,67740.7526705767
20187,37.320026,-120.507955,460,68038.3784431829
20187,37.319787,-120.507504,461,68086.670022949
20187,37.31971,-120.507472,462,68095.7335681513
20187,37.319574,-120.507258,463,68120.1344281986
20187,37.319369,-120.506796,464,68167.289977297
20187,37.319275,-120.506549,465,68191.7021032512
20187,37.319079,-120.505884,466,68254.9468038761
20187,37.319036,-120.505562,467,68284.0755353184
20187,37.319019,-120.505241,468,68312.7791278538
20187,37.31901,-120.503878,469,68434.3948949949
20187,37.319019,-120.499833,470,68795.3068976812
20187,37.318763,-120.499812,471,68823.9677752017
20187,37.318447,-120.499812,472,68859.2703638143
20187,37.318149,-120.499812,473,68892.5620456721
20187,37.31785,-120.499758,474,68926.3111486167
20187,37.31762,-120.499662,475,68953.3961992798
20187,37.31739,-120.499566,476,68980.4812626897
20187,37.316963,-120.499093,477,69044.1741544188
20187,37.31669,-120.498728,478,69088.7929909538
20187,37.316442,-120.498288,479,69136.8446832626
20187,37.316289,-120.497913,480,69174.4180461473
20187,37.316203,-120.497569,481,69206.5809426642
20187,37.316126,-120.497183,482,69242.0809341691
20187,37.316118,-120.496818,483,69274.6614373108
20187,37.316126,-120.496411,484,69310.988277243
20187,37.31622,-120.496057,485,69344.2749662241
20187,37.316348,-120.49566,486,69382.4759206574
20187,37.316553,-120.49537,487,69417.0313938285
20187,37.316741,-120.495166,488,69444.824443083
20187,37.316562,-120.494844,489,69479.8300072991
20187,37.316442,-120.494544,490,69509.7678004505
20187,37.316357,-120.494286,491,69534.6702960037
20187,37.316331,-120.493975,492,69562.57187729
20187,37.316319,-120.492791,493,69668.2267478291
20187,37.316348,-120.492098,494,69730.1468984865
20187,37.316331,-120.491411,495,69791.4763402523
20187,37.31634,-120.491272,496,69803.9198094481
20187,37.316391,-120.491186,497,69813.4774394943
20187,37.316459,-120.491121,498,69823.0351973313
20187,37.316553,-120.491078,499,69834.2157094201
20187,37.317022,-120.491078,500,69886.6117612277
20187,37.317295,-120.491078,501,69917.1109553492
20187,37.317372,-120.491025,502,69926.9274812095
20187,37.317492,-120.490982,503,69940.8719477847
20187,37.318132,-120.490585,504,70020.6656971705
20187,37.318498,-120.490435,505,70063.689482494
20187,37.318592,-120.490403,506,70074.5722781862
20187,37.31884,-120.490392,507,70102.2959149479
20187,37.319121,-120.490392,508,70133.688892685
20187,37.319094,-120.488876,509,70268.9884748336
20187,37.319079,-120.486647,510,70467.8799836215
20187,37.3206,-120.486759,511,70638.0988736508
20187,37.322782,-120.486787,512,70881.8834957653
20187,37.323336,-120.486798,513,70943.78384352
20187,37.323353,-120.485387,514,71069.6890038895
20187,37.32343,-120.48286,515,71295.3151180781
20187,37.323413,-120.482592,516,71319.3017630651
20187,37.323387,-120.482324,517,71343.3889024066
20187,37.323251,-120.48175,518,71396.8084669684
20187,37.323157,-120.481455,519,71425.1466323408
20187,37.32291,-120.480704,520,71497.6122094852
20187,37.322739,-120.479899,521,71571.9336194588
20187,37.322679,-120.478901,522,71661.2298753286
20187,37.322645,-120.478333,523,71712.0506489369
20187,37.324447,-120.478255,524,71913.4921347427
20187,37.325264,-120.47829,525,72004.821591181
20187,37.325367,-120.478215,526,72018.1329797411
20187,37.325665,-120.478215,527,72051.4258398652
20187,37.325819,-120.478182,528,72068.8809759134
20187,37.326433,-120.47815,529,72137.5370660635
20187,37.32703,-120.478182,530,72204.2955867519
20187,37.329539,-120.478131,531,72484.6405316033
20187,37.331757,-120.478097,532,72732.4563059035
20187,37.333744,-120.478064,533,72954.4654848877
20187,37.334529,-120.478032,534,73042.2129331287
20187,37.334606,-120.477979,535,73052.4519005373
4388,37.341335,-120.610366,0,0
4388,37.341208,-120.610093,1,28.1776859952075
4388,37.341063,-120.609921999999,2,50.4235033923707
4388,37.34236,-120.609165,3,210.252202680716
4388,37.343038,-120.611160999999,4,403.694902125694
4388,37.343102,-120.61174,5,455.822091856115
4388,37.343106,-120.612159,6,493.190754941553
4388,37.343012,-120.612962999999,7,565.655300264138
4388,37.34297,-120.613242,8,590.974626778861
4388,37.342931,-120.613591,9,622.401453995116
4388,37.342957,-120.614132999999,10,670.82357936495
4388,37.345017,-120.612953,11,923.838768376589
4388,37.34578,-120.612465,12,1019.53101155215
4388,37.346569,-120.612046,13,1115.25321915305
4388,37.346727,-120.611949999999,14,1134.86802734785
4388,37.346863,-120.611917,15,1150.34117186856
4388,37.346868,-120.611778,16,1162.749000281
4388,37.346364,-120.610377999999,17,1299.69928532531
4388,37.345981,-120.609293999999,18,1405.40882528893
4388,37.345811,-120.608800999999,19,1453.29805606819
4388,37.345479,-120.607894,20,1542.27699054601
4388,37.345339,-120.607958,21,1558.92357074587
4388,37.345482,-120.608429,22,1603.86037667292
4388,37.345635,-120.608892999999,23,1648.62852800866
4388,37.345744,-120.609133,24,1673.25146882103
4388,37.345966,-120.609031,25,1699.66387957248
4388,37.346452,-120.610297,26,1824.93320871283
4388,37.346823,-120.611271,27,1921.16865028433
4388,37.346998,-120.611754,28,1968.46787154215
4388,37.347004,-120.611944,29,1985.42424172318
4388,37.348561,-120.612478,30,2165.73710003989
4388,37.351166,-120.613559,31,2472.25739502244
4388,37.351669,-120.613693,32,2529.6971285994
4388,37.353152,-120.613658999999,33,2695.37039507477
4388,37.356233,-120.613705999999,34,3039.53201466145
4388,37.359337,-120.613736,35,3386.24741389218
4388,37.363881,-120.61379,36,3893.81783142153
4388,37.365894,-120.613822,37,4118.68037726616
4388,37.372084,-120.613655,38,4810.24014965539
4388,37.374736,-120.613586,39,5106.52237518498
4388,37.37873,-120.613554,40,5552.64620960497
4388,37.380917,-120.613403,41,5797.29638663497
4388,37.383841,-120.613468,42,6123.9475712408
4388,37.385896,-120.613452,43,6353.48775524296
4388,37.386386,-120.61394,44,6423.39646150635
4388,37.387012,-120.61482,45,6528.4702386844
4388,37.387119,-120.614734,46,6542.66837790098
4388,37.389305,-120.614702,47,6786.85248580303
4388,37.389378,-120.614723,48,6795.21833390162
4388,37.389348,-120.613398,49,6913.35409042464
4388,37.392408,-120.613317,50,7255.2208100203
4388,37.392996,-120.613339,51,7320.92745883039
4388,37.392998,-120.609031,52,7704.85321397355
4388,37.392992,-120.608885999999,53,7717.79291776562
4388,37.389595,-120.608956,54,8097.27904992341
4388,37.3855,-120.608999999999,55,8554.6952269463
4388,37.383091,-120.609037,56,8823.7935916227
4388,37.385,-120.612174999999,57,9175.49406945112
4388,37.386732,-120.612159,58,9368.95759911298
4388,37.386859,-120.612137,59,9383.27792366313
4388,37.38708,-120.612159,60,9408.04059450386
4388,37.38708,-120.613343999999,61,9513.65504211676
4388,37.387098,-120.613559,62,9532.9223192655
4388,37.384182,-120.613607,63,9858.65655509208
4388,37.380904,-120.613698,64,10224.8865253481
4388,37.379007,-120.613645,65,10436.8268734033
4388,37.375128,-120.61372,66,10870.1480166554
4388,37.363749,-120.61402,67,12141.4201921111
4388,37.361391,-120.613961,68,12404.8522799714
4388,37.359314,-120.613941,69,12636.8520968241
4388,37.356071,-120.613886999999,70,12999.1148371604
4388,37.353221,-120.613861,71,13317.4574534025
4388,37.351695,-120.61379,72,13488.0234079137
4388,37.35103,-120.613607,73,13564.0726996008
4388,37.348868,-120.612785,74,13816.4391545735
4388,37.347196,-120.612153,75,14011.5138479242
4388,37.346948,-120.612019,76,14041.6820075957
4388,37.346885,-120.611915,77,14053.3236296373
4388,37.346889,-120.611772999999,78,14065.9942823685
4388,37.346379,-120.610371999999,79,14203.3025206419
4388,37.345995,-120.609283,80,14309.4650109042
4388,37.345827,-120.608787,81,14357.5122633415
4388,37.34549,-120.60787,82,14447.534674276
4388,37.345313,-120.607947999999,83,14468.4930278948
4388,37.345499,-120.608422,84,14515.5925393385
4388,37.345605,-120.608913,85,14560.9507595047
4388,37.345725,-120.609168,86,14587.3470435429
4388,37.345966,-120.609058,87,14615.9976295896
4388,37.346433,-120.610308,88,14739.0682315024
4388,37.346808,-120.611298,89,14836.7840485577
4388,37.346976,-120.611762,90,14882.2172956707
4388,37.346981,-120.611947,91,14898.7240003853
4388,37.346855,-120.612006,92,14913.7490482398
4388,37.346706,-120.612083999999,93,14931.7868663779
4388,37.34578,-120.612545,94,15043.0881429148
4388,37.343063,-120.61424,95,15382.1270106085
4388,37.342974,-120.614272,96,15392.4694644146
4388,37.342253,-120.614401,97,15473.8199102511
4388,37.342053,-120.613005999999,98,15600.2156106527
4388,37.341916,-120.611874,99,15702.3208453595
4388,37.34181,-120.611563,100,15732.4774295322
4388,37.34169,-120.611166,101,15770.3344184143
4388,37.341554,-120.610769,102,15808.8605151749
4388,37.341409,-120.610448,103,15841.7516190839
4388,37.341335,-120.610366,104,15844.1227527771
6249,37.341335,-120.610366,0,0
6249,37.341278,-120.61025,1,12.1472208502922
6249,37.341205,-120.610138,2,25.0411054806109
6249,37.341139,-120.610048,3,35.9392001533086
6249,37.341095,-120.609942,4,46.5936801350145
6249,37.341138,-120.609855999999,5,55.6430788173881
6249,37.341516,-120.609636,6,102.200486693898
6249,37.341815,-120.609459,7,139.140360674271
6249,37.342155,-120.609265,8,180.872584088726
6249,37.342357,-120.609165,9,205.133904630756
6249,37.34256,-120.609741999999,10,261.365105057534
6249,37.342828,-120.61048,11,333.66764954673
6249,37.342974,-120.610968,12,380.142299137134
6249,37.343081,-120.611611999999,13,438.80406830269
6249,37.343101,-120.611983,14,471.964815261317
6249,37.343034,-120.612789,15,544.231590462294
6249,37.342955,-120.613181,16,580.286210754215
6249,37.342923,-120.613528999999,17,611.525644106326
6249,37.342947,-120.613905,18,645.163906324792
6249,37.342979,-120.613987,19,653.303350919487
6249,37.343089,-120.614014,20,665.823643128459
6249,37.343322,-120.613893,21,693.99719530269
6249,37.343589,-120.613759,22,726.12513963106
6249,37.343767,-120.613686,23,747.045733876687
6249,37.343965,-120.613606,24,770.283814877449
6249,37.3442482647406,-120.613437084655,25,805.32626282843
6249,37.3447452647124,-120.613136449073,26,866.974190732735
6249,37.345145,-120.612882,27,917.058208824219
6249,37.345459,-120.612666,28,957.072201451111
6249,37.345842,-120.61241,29,1005.56210089625
6249,37.346068,-120.612277,30,1033.45291149055
6249,37.346246,-120.612182,31,1055.06452809401
6249,37.346481,-120.612074,32,1083.02428078685
6249,37.346625,-120.61199,33,1100.7673124089
6249,37.346772,-120.61194,34,1117.78133041417
6249,37.346863,-120.611896,35,1128.6767439355
6249,37.34684,-120.611759,36,1141.16084129909
6249,37.346729,-120.611427,37,1173.25807042473
6249,37.346603,-120.611086,38,1206.76560538093
6249,37.346466,-120.610712,39,1243.460084396
6249,37.346374,-120.610444,40,1269.47466429455
6249,37.346177,-120.609881999999,41,1324.20912917855
6249,37.346052,-120.60957,42,1355.3386951479
6249,37.345982,-120.609358999999,43,1375.71464269241
6249,37.345865,-120.609009,44,1409.55176877708
6249,37.345761,-120.608754999999,45,1435.00760263415
6249,37.345676,-120.608525999999,46,1457.52811825066
6249,37.345599,-120.608292,47,1480.09835463772
6249,37.34554,-120.608125999999,48,1496.30230113286
6249,37.345498,-120.607996,49,1508.80849836881
6249,37.345467,-120.607943999999,50,1514.59583158121
6249,37.345417,-120.60795,51,1520.20626832004
6249,37.345366,-120.607979,52,1526.46237487417
6249,37.345316,-120.608007999999,53,1532.61694798169
6249,37.345329,-120.608068,54,1538.16109368224
6249,37.345373,-120.608182,55,1549.45289917045
6249,37.345411,-120.608311,56,1561.71475998621
6249,37.345499,-120.608422,57,1575.66462446512
6249,37.345512,-120.608633,58,1594.53683100153
6249,37.345629,-120.608853,59,1618.10981927659
6249,37.345703,-120.609031,60,1636.00631014568
6249,37.345743,-120.609156999999,61,1648.09822246957
6249,37.345777,-120.609159999999,62,1651.90533415565
6249,37.346014,-120.609029,63,1680.84057844183
6249,37.346168,-120.609429999999,64,1720.52215597907
6249,37.346263,-120.609697999999,65,1746.67101621816
6249,37.346315,-120.609841,66,1760.68356586582
6249,37.346519,-120.610405,67,1815.89933876491
6249,37.347023,-120.61181,68,1953.25596363647
6249,37.347041,-120.611983,69,1968.81357331956
6249,37.347209,-120.61203,70,1988.04095040049
6249,37.347413,-120.612083999999,71,2011.33030631953
6249,37.347584,-120.612159,72,2031.567494081
6249,37.348561,-120.612478,73,2144.34156259555
6249,37.351243,-120.613532,74,2458.30863985432
6249,37.351669,-120.613660999999,75,2507.2618619788
6249,37.353152,-120.613658999999,76,2672.90748752602
6249,37.356233,-120.613705999999,77,3017.06910711271
6249,37.359337,-120.613736,78,3363.78450634343
6249,37.360342,-120.613822,79,3476.30076584588
6249,37.360346,-120.613102,80,3540.49614400261
6249,37.3604,-120.608,81,3995.42266323331
6249,37.3604,-120.602,82,4530.37812288095
6249,37.360385,-120.59775,83,4909.31179821115
6249,37.360402,-120.593898,84,5252.76359412791
6249,37.360406,-120.590755,85,5532.99719833169
6249,37.360445,-120.583583,86,6172.48041341558
6249,37.360411,-120.579275,87,6556.61176097671
6249,37.360445,-120.576785999999,88,6778.57124638999
6249,37.36047,-120.574994,89,6938.37644130538
6249,37.360479,-120.573792,90,7045.5557864155
6249,37.360496,-120.573213,91,7097.21648140432
6249,37.360455,-120.573103,92,7108.04108919064
6249,37.360447,-120.572982,93,7118.86685617681
6249,37.360396,-120.572862,94,7130.98862557339
6249,37.360308,-120.57272,95,7147.01783099045
6249,37.360249,-120.57262,96,7158.10553676005
6249,37.360137,-120.572433,97,7178.9509887175
6249,37.360106,-120.572308,98,7190.62206850238
6249,37.360018,-120.572172,99,7206.2321952411
6249,37.359675,-120.571617,100,7268.81732437294
6249,37.359554,-120.571309,101,7299.42604953651
6249,37.359172,-120.570685,102,7369.54401866392
6249,37.359026,-120.570453,103,7395.88612253186
6249,37.358957,-120.570366,104,7406.8215987222
6249,37.358927,-120.570314,105,7412.54247152729
6249,37.358981,-120.570205999999,106,7423.90560568342
6249,37.359126,-120.570129,107,7441.49778664406
6249,37.359262,-120.570091,108,7457.06281779251
6249,37.359482,-120.570064,109,7481.75536971071
6249,37.359632,-120.570071999999,110,7498.52616747218
6249,37.360072,-120.570091,111,7547.70517589456
6249,37.360539,-120.570099,112,7599.87588247349
6249,37.361031,-120.570099,113,7654.83431488713
6249,37.361308,-120.570096,114,7685.77751523387
6249,37.361394,-120.570096,115,7695.38407045415
6249,37.361519,-120.570155,116,7710.30519351598
6249,37.3616,-120.570225,117,7721.29710010481
6249,37.361848,-120.570469,118,7756.52130934634
6249,37.362152,-120.570778,119,7800.2501727768
6249,37.362423,-120.571049,120,7838.98291493376
6249,37.362813,-120.57144,121,7894.77930042188
6249,37.36305,-120.571697999999,122,7929.85102983814
6249,37.362914,-120.571895999999,123,7953.14153056713
6249,37.362847,-120.572084,124,7971.49872221886
6249,37.362771,-120.572293,125,7991.9760832339
6249,37.362626,-120.572550999999,126,8020.10985643486
6249,37.362394,-120.572872,127,8058.72009548423
6249,37.362035,-120.57254,128,8108.56384992811
6249,37.361927,-120.572413999999,129,8125.04875972721
6249,37.362001,-120.572212,130,8144.86579582792
6249,37.362116,-120.572082,131,8162.16812730129
6249,37.362146,-120.571945,132,8174.83464764202
6249,37.362146,-120.571813,133,8186.60402443578
6249,37.362129,-120.57169,134,8197.73413964224
6249,37.362091,-120.571470999999,135,8217.71666927372
6249,37.36231,-120.571112999999,136,8257.9327279903
6249,37.362394,-120.571073,137,8267.97079973265
6249,37.362809,-120.571498,138,8327.84491926981
6249,37.36321,-120.571892,139,8384.77039335012
6249,37.363999,-120.5727,140,8498.60187456076
6249,37.364535,-120.573232,141,8574.98678525969
6249,37.364725,-120.572945,142,8608.23162938486
6249,37.364894,-120.572684999999,143,8638.12720585549
6249,37.365107,-120.572346999999,144,8676.52320392195
6249,37.365458,-120.571802,145,8738.96015662021
6249,37.365548,-120.57166,146,8755.12666999733
6249,37.365593,-120.57162,147,8761.28995177697
6249,37.366341,-120.5724,148,8869.99842703315
6249,37.366384,-120.572475,149,8878.23153469901
6249,37.365845,-120.57328,150,8971.91274716412
6249,37.36535,-120.574063,151,9060.96793288355
6249,37.365082,-120.574476,152,9108.42391213444
6249,37.364952,-120.574632,153,9128.53169500969
6249,37.364792,-120.574747,154,9149.13643529358
6249,37.364553,-120.574754999999,155,9175.84304541104
6249,37.364387,-120.574686,156,9195.37967593504
6249,37.36435,-120.574653,157,9200.45300451835
6249,37.363687,-120.575673,158,9317.73595375658
6249,37.36376,-120.575726,159,9327.16054697181
6249,37.363841,-120.575886999999,160,9344.12880326847
6249,37.363979,-120.576161,161,9373.01529860497
6249,37.364092,-120.576383,162,9396.49083880286
6249,37.364229,-120.576523,163,9416.23919437314
6249,37.364361,-120.57659,164,9432.14809442855
6249,37.364532,-120.576636,165,9451.68463810458
6249,37.364715,-120.576644,166,9472.13871545909
6249,37.365499,-120.576648999999,167,9559.71494996295
6249,37.366167,-120.576651999999,168,9634.33298764178
6249,37.366164,-120.577883,169,9744.08495611903
6249,37.366,-120.577891,170,9762.41807977109
6249,37.366,-120.577996999999,171,9771.86866265845
6249,37.366048,-120.57806,172,9779.63378825078
6249,37.366047,-120.578175,173,9789.88737814144
6249,37.365272,-120.578182999999,174,9876.45987341071
6249,37.365272,-120.577879,175,9903.5636935509
6249,37.365272,-120.57759,176,9929.33016657085
6249,37.365273,-120.577348,177,9950.90654263882
6249,37.365275,-120.577063,178,9976.31738953564
6249,37.365281,-120.576739999999,179,10005.1230469922
6249,37.365007,-120.576739999999,180,10035.7296461126
6249,37.364687,-120.576739999999,181,10071.474579551
6249,37.364509,-120.576735,182,10091.3626957645
6249,37.364297,-120.576674,183,10115.6602233269
6249,37.364135,-120.576574,184,10135.8333144081
6249,37.364007,-120.576417,185,10155.8426880059
6249,37.363899,-120.576172999999,186,10180.7185973695
6249,37.363838,-120.576125,187,10188.7649866228
6249,37.363761,-120.575978,188,10204.4416540057
6249,37.363703,-120.575919,189,10212.7870988086
6249,37.363635,-120.575893,190,10220.7287687197
6249,37.363579,-120.575922,191,10227.4974579226
6249,37.363392,-120.57621,192,10260.5986352919
6249,37.363231,-120.576461,193,10289.3085026642
6249,37.363017,-120.576662,194,10319.1847558363
6249,37.362842,-120.576714999999,195,10339.2958252978
6249,37.362696,-120.576723,196,10355.6200431075
6249,37.362531,-120.576731,197,10374.0648224605
6249,37.362321,-120.576729,198,10397.5231140566
6249,37.362104,-120.576724,199,10421.7667477617
6249,37.361906,-120.576724,200,10443.8839268608
6249,37.361744,-120.576723,201,10461.9800203869
6249,37.361527,-120.576714999999,202,10486.2300481535
6249,37.361013,-120.576692999999,203,10543.6788523362
6249,37.360613,-120.576681,204,10588.3728346804
6249,37.360458,-120.576747,205,10606.6595379413
6249,37.360122,-120.576735999999,206,10644.2045335792
6249,37.359774,-120.576716,207,10683.1180348228
6249,37.359234,-120.5767,208,10743.4544864511
6249,37.355678,-120.5767,209,11140.6701297809
6249,37.355482,-120.576657,210,11162.8971205043
6249,37.353213,-120.576754,211,11416.498641168
6249,37.352667,-120.576828999999,212,11477.8540306251
6249,37.350561,-120.576866,213,11713.1235168586
6249,37.349597,-120.576882,214,11820.8145819501
6249,37.349686,-120.58082,215,12172.1300930715
6249,37.349733,-120.581877,216,12266.5346778673
6249,37.349733,-120.582574,217,12328.6898848976
6249,37.349759,-120.583802,218,12438.2355082802
6249,37.349785,-120.585213,219,12564.0948827497
6249,37.349849,-120.586892,220,12713.9897376417
6249,37.349806,-120.587198,221,12741.6966428606
6249,37.349844,-120.590395,222,13026.8183815467
6249,37.349865,-120.595915,223,13519.0622622734
6249,37.348898,-120.595931,224,13627.0850640327
6249,37.346625,-120.59598,225,13881.015530086
6249,37.344736,-120.596001,226,14092.0241106549
6249,37.343934,-120.595962999999,227,14181.6711514424
6249,37.343144,-120.595953,228,14269.9182343594
6249,37.342407,-120.59598,229,14352.2759467931
6249,37.342317,-120.59598,230,14362.3288983664
6249,37.342381,-120.596441,231,14404.0587630583
6249,37.34285,-120.597770999999,232,14533.7241880207
6249,37.344369,-120.601881,233,14937.6208646421
6249,37.345042,-120.603714999999,234,15117.6225287841
6249,37.346228,-120.607040999999,235,15442.4643240102
6249,37.34546,-120.607534999999,236,15538.8982671022
6249,37.345571,-120.607859,237,15570.339329535
6249,37.345331,-120.607975,238,15599.0733299265
6249,37.345352,-120.60806,239,15607.0079973914
6249,37.345394,-120.608176,240,15618.3665644193
6249,37.345436,-120.608303999999,241,15630.7076246981
6249,37.345482,-120.608429,242,15642.9818768826
6249,37.34554,-120.608621999999,243,15661.3718596533
6249,37.345659,-120.608838,244,15684.7749627823
6249,37.345721,-120.609014,245,15701.9299241085
6249,37.345764,-120.609124,246,15712.8520397136
6249,37.345836,-120.609085,247,15721.6140254968
6249,37.34591,-120.609041,248,15730.7636526875
6249,37.345984,-120.609009,249,15739.5079712462
6249,37.346014,-120.609098,250,15748.1230247561
6249,37.346138,-120.609442,251,15781.7813181137
6249,37.346234,-120.609709,252,15807.8943761613
6249,37.346285,-120.609851,253,15821.7796281551
6249,37.346496,-120.61041,254,15876.9192224411
6249,37.3470067937526,-120.611936017196,255,16024.4777153258
6249,37.3468737977833,-120.611982601188,256,16039.9028010881
6249,37.3464752538776,-120.612201690673,257,16088.5173610232
6249,37.3458696762439,-120.612512826919,258,16161.6276326189
6249,37.3430938888001,-120.614239796295,259,16507.8153365542
6249,37.342587,-120.614412,260,16566.4786086818
6249,37.342243,-120.614423,261,16604.9145949898
6249,37.34218,-120.613875,262,16654.2891068163
6249,37.342089,-120.613005999999,263,16732.4501863409
6249,37.341996,-120.612359999999,264,16790.9895825632
6249,37.341944,-120.612025,265,16821.4243493216
6249,37.341833,-120.61163,266,16858.7688150751
6249,37.341715,-120.611278999999,267,16892.7328911674
6249,37.341561,-120.610882,268,16932.0951141414
6249,37.341477,-120.610645999999,269,16955.1384780637
6249,37.341414,-120.610552999999,270,16966.0153281536
6248,37.301923,-120.488088,0,0
6248,37.3009537689135,-120.485483407974,1,256.435429812157
6248,37.2998656255089,-120.482452511787,2,553.000724919841
6248,37.2989993667592,-120.480081439018,3,785.699688500474
6248,37.2984830205912,-120.478718876838,4,920.298750637431
6248,37.2980904244385,-120.47765135765,5,1025.18817526112
6248,37.2978258476145,-120.476948618888,6,1094.52570808711
6248,37.297676489319,-120.47656238079,7,1132.82482669031
6248,37.2976210133051,-120.476422905921,8,1146.7309618013
6248,37.2977276979108,-120.476310253143,9,1162.3244503999
6248,37.2981715042466,-120.476068854331,10,1216.38601650883
6248,37.2999680396769,-120.475006699562,11,1438.35913444491
6248,37.300568,-120.474653,12,1512.4493250224
6248,37.302488,-120.473545,13,1748.65172602853
6248,37.304453,-120.472394,14,1991.02972709443
6248,37.3045423969516,-120.472410321235,15,2001.12300103215
6248,37.3046618727041,-120.472281575202,16,2018.73525732157
6248,37.3054427274117,-120.471841692924,17,2114.39999568398
6248,37.3060400971234,-120.47147154808,18,2188.86715803836
6248,37.3064369186658,-120.471267700195,19,2236.78835683114
6248,37.3066417289651,-120.471160411834,20,2261.59273002651
6248,37.3067526676443,-120.471138954162,21,2274.13411944731
6248,37.3076145702685,-120.470613241195,22,2381.24906930133
6248,37.3071793533466,-120.469492077827,23,2492.49353937125
6248,37.3067185326835,-120.468773245811,24,2574.74891117866
6248,37.3063596668072,-120.467978682209,25,2656.20869231223
6248,37.3054128588015,-120.465109348297,26,2933.26998048807
6248,37.3046448047511,-120.463027954101,27,3137.88867266557
6248,37.304147,-120.461759,28,3264.05887522813
6248,37.3039919526403,-120.461268424987,29,3311.14385509266
6248,37.3039834185882,-120.461198687553,30,3317.44038042724
6248,37.3046789406532,-120.460785627365,31,3403.44807472582
6248,37.3051781764517,-120.460495948791,32,3464.92505958469
6248,37.3049306924531,-120.459777116775,33,3534.78337128148
6248,37.30476,-120.459498,34,3566.15550420346
6248,37.3046661396917,-120.459020733833,35,3610.02207549035
6248,37.3044527900127,-120.458350181579,36,3674.43959513036
6248,37.3043631829671,-120.457926392555,37,3713.56438160388
6248,37.304311978893,-120.457347035408,38,3765.58634314547
6248,37.3043034448773,-120.456864237785,39,3808.68565699113
6248,37.30424370674,-120.456429719924,40,3848.03574003973
6248,37.3040986282092,-120.455785989761,41,3907.730366867
6248,37.303945015342,-120.455372929573,42,3948.39463017702
6248,37.303741,-120.454877,43,3998.1802161543
6248,37.3036143199104,-120.454490482807,44,4035.46716448147
6248,37.3035972517196,-120.454380512237,45,4045.4655016598
6248,37.3035695159013,-120.452046990394,46,4253.75428901327
6248,37.3036036522916,-120.451505184173,47,4302.26052588811
6248,37.3036,-120.451,48,4347.34995898281
6248,37.3035780500004,-120.450917780399,49,4355.0869956505
6248,37.3017261278161,-120.450923144817,50,4561.99557572396
6248,37.3011628613331,-120.450947284698,51,4624.96400897045
6248,37.3003776949545,-120.450882911682,52,4712.87553422191
6248,37.300366,-120.455941,53,5164.32876964059
6248,37.3003435570999,-120.456241965293,54,5191.30759300355
6248,37.3002624796332,-120.456424355506,55,5209.9370360319
6248,37.302,-120.461115,56,5671.40212414603
6248,37.3023789995972,-120.462056994438,57,5765.53622229407
6248,37.3038170043797,-120.461263060569,58,5941.12775155352
6248,37.3040132877661,-120.461139678955,59,5965.66673786119
6248,37.304219,-120.461643999999,60,6016.20457946877
6248,37.305485,-120.465105,61,6355.93113664018
6248,37.3060742323922,-120.466933250427,62,6531.87326639016
6248,37.306334513307,-120.467759370803,63,6611.12737149741
6248,37.3067697351189,-120.468735694885,64,6710.90762031739
6248,37.3071921538802,-120.469379425048,65,6785.25533047272
6248,37.3076657720937,-120.470570325851,66,6903.97803769578
6248,37.308355,-120.470222,67,6987.01800526774
6248,37.3086471336716,-120.470017790794,68,7024.3990521377
6248,37.3093810130894,-120.469631552696,69,7113.34037907125
6248,37.309905817815,-120.469449162483,70,7174.19020971301
6248,37.310305,-120.469323,71,7220.18707938218
6248,37.31227,-120.469261,72,7439.79185632046
6248,37.3152347250021,-120.469256043434,73,7771.01918121707
6248,37.3152389913897,-120.465356111526,74,8119.02402612765
6248,37.3152645897105,-120.46251296997,75,8372.74493725335
6248,37.3154693759628,-120.46147763729,76,8467.92282215217
6248,37.3157168252734,-120.460109710693,77,8593.07997684841
6248,37.3157168252734,-120.457593798637,78,8817.58526424888
6248,37.315636,-120.456301,79,8933.30037260757
6248,37.3156997598298,-120.456113219261,80,8951.50825305469
6248,37.3157082925521,-120.453640222549,81,9172.1875718455
6248,37.3156997598298,-120.45271217823,82,9255.00710041604
6248,37.3157210916336,-120.451183319091,83,9391.45593794634
6248,37.315922,-120.451124,84,9414.518320851
6248,37.3159856054981,-120.451204776763,85,9424.64045909644
6248,37.3174702789463,-120.451177954673,86,9590.5343634521
6248,37.3183832532294,-120.451156497001,87,9692.5553064321
6248,37.3185027069881,-120.451247692108,88,9708.18660272491
6248,37.3185027069881,-120.452846288681,89,9850.83228104067
6248,37.3184941745831,-120.454214215278,90,9972.89828843147
6248,37.3184856421771,-120.45532464981,91,10071.9885373693
6248,37.3184941745831,-120.457620620727,92,10276.862951381
6248,37.3184984407857,-120.459712743759,93,10463.5454761023
6248,37.3184941745831,-120.460801720619,94,10560.7167206909
6248,37.3185027069881,-120.463038682937,95,10760.3239681091
6248,37.3184941745831,-120.465694069862,96,10997.266081981
6248,37.3184899083802,-120.467705726623,97,11176.7661878555
6248,37.3185368365986,-120.468043684959,98,11207.374414843
6248,37.3185496351985,-120.469138026237,99,11305.0322252074
6248,37.318553901398,-120.469438433647,100,11331.8415811459
6248,37.3181443451425,-120.469454526901,101,11377.620813655
6248,37.317462,-120.469444,102,11453.8599998219
6248,37.3158064187884,-120.469486713409,103,11638.8651640623
6248,37.314782,-120.469508,104,11753.3316913814
6248,37.312176,-120.46956,105,12044.5178456823
6248,37.3106951513577,-120.469577908515,106,12209.9698694006
6248,37.3101660854664,-120.46959400177,107,12269.0959460998
6248,37.3099698181407,-120.469518899917,108,12292.0248085507
6248,37.3094279469945,-120.469722747802,109,12355.238159208
6248,37.3086556671943,-120.470103621482,110,12447.9727424357
6248,37.3076700389109,-120.470677614212,111,12569.4207353431
6248,37.3067953363235,-120.471187233924,112,12677.2092409277
6248,37.3066417289651,-120.471348166465,113,12699.5874267582
6248,37.304747212411,-120.472463965415,114,12933.5012641974
6248,37.304589333877,-120.472522974014,115,12951.9091650323
6248,37.304481,-120.472593,116,12965.5306888457
6248,37.302488,-120.473738,117,13210.5217318456
6248,37.300032,-120.475141,118,13512.1312832238
6248,37.2992169992062,-120.475559234619,119,13610.5388647849
6248,37.2977490348138,-120.476444363594,120,13792.5773167948
6248,37.298244049264,-120.477839112281,121,13928.7941690422
6248,37.2987945356457,-120.479351878166,122,14077.1585738197
6248,37.2993236815482,-120.480805635452,123,14219.7406419042
6248,37.2999040308382,-120.482350587844,124,14372.1108965967
6248,37.3004715739747,-120.483922362327,125,14526.0546875026
6248,37.3010220440532,-120.48544049263,126,14674.8490000578
6248,37.3004289017073,-120.485783815383,127,14747.8559024936
6248,37.3015426399554,-120.488755702972,128,15040.8250281748
6248,37.3020632322539,-120.488455295562,129,15104.8671428414
6248,37.3019693552205,-120.488181710243,130,15131.4407947163
20188,37.334606,-120.477979,0,0
20188,37.335276,-120.478022,1,74.9513125677815
20188,37.335894,-120.478027,2,143.996343762525
20188,37.3365,-120.478048,3,211.725192476747
20188,37.336781,-120.478048,4,243.118797277065
20188,37.336781,-120.47837,5,271.843144263485
20188,37.336056,-120.478381,6,352.846779474303
20188,37.334896,-120.478413,7,482.474519703498
20188,37.333668,-120.478424,8,619.671356355005
20188,37.332132,-120.478456,9,791.298478577846
20188,37.329865,-120.478536,10,1044.67039607159
20188,37.326971,-120.478563,11,1367.99976735878
20188,37.326288,-120.478553,12,1444.31038609011
20188,37.326135,-120.478542,13,1461.43184091287
20188,37.325964,-120.47852,14,1480.63669022513
20188,37.325375,-120.478445,15,1546.77967979811
20188,37.325264,-120.478359,16,1561.36250827681
20188,37.324522,-120.478397,17,1644.3287760698
20188,37.322722,-120.478413,18,1845.43160028711
20188,37.322767,-120.479829,19,1971.87099814934
20188,37.322833,-120.48017,20,2003.1766427189
20188,37.322982,-120.480773,21,2059.49411471954
20188,37.323313,-120.481424,22,2128.35030803721
20188,37.323362,-120.481932,23,2174.00430659232
20188,37.323473,-120.482683,24,2242.14751671809
20188,37.32349,-120.483509,25,2315.86876146627
20188,37.323519,-120.48561,26,2503.35015453634
20188,37.323473,-120.487146,27,2640.48959527505
20188,37.323131,-120.487125,28,2678.74353227854
20188,37.322863,-120.487189,29,2709.22396664604
20188,37.322551,-120.48712,30,2744.61989227787
20188,37.32,-120.487,31,3029.81710182794
20188,37.319377,-120.486969,32,3099.47323129631
20188,37.319251,-120.489343,33,3311.76186167389
20188,37.319292,-120.49044,34,3409.74916418704
20188,37.319113,-120.49044,35,3429.7468244971
20188,37.31872,-120.490462,36,3473.69616067749
20188,37.31837,-120.490547,37,3513.52646203368
20188,37.317969,-120.490805,38,3563.89421226268
20188,37.317457,-120.491073,39,3625.89147364024
20188,37.317372,-120.491095,40,3635.58833016042
20188,37.317304,-120.491127,41,3643.70405734787
20188,37.316527,-120.491159,42,3730.55639411429
20188,37.316442,-120.491213,43,3741.20496214967
20188,37.316399,-120.491298,44,3750.18276753559
20188,37.316391,-120.491438,45,3762.70669713997
20188,37.316404,-120.492666,46,3872.28886714883
20188,37.316391,-120.494099,47,4000.16121427291
20188,37.316434,-120.494313,48,4019.85104232578
20188,37.316527,-120.494614,49,4048.64825960514
20188,37.316698,-120.494946,50,4083.89756630668
20188,37.316809,-120.495193,51,4109.18598403637
20188,37.316664,-120.495365,52,4131.50067534764
20188,37.316519,-120.495536,53,4153.75410794358
20188,37.316391,-120.495729,54,4176.13822458329
20188,37.316254,-120.496105,55,4213.01419256367
20188,37.316195,-120.496341,56,4235.07949636034
20188,37.316152,-120.496727,57,4269.85493004925
20188,37.316186,-120.497038,58,4297.86360029162
20188,37.316246,-120.497521,59,4341.47884022825
20188,37.31634,-120.497897,60,4376.63361572182
20188,37.316527,-120.498337,61,4421.10603807509
20188,37.316741,-120.498712,62,4462.22968311477
20188,37.317005,-120.499055,63,4504.73277324097
20188,37.317434,-120.499381,64,4560.79582663765
20188,37.317688,-120.499603,65,4595.40173845819
20188,37.317927,-120.499721,66,4624.10299993587
20188,37.318174,-120.499753,67,4651.84443916938
20188,37.318643,-120.499731,68,4704.27650029012
20188,37.319224,-120.499753,69,4769.21378962862
20188,37.319164,-120.50265,70,5027.7819272093
20188,37.319147,-120.504946,71,5232.64772142334
20188,37.319207,-120.505697,72,5299.98875764444
20188,37.31936,-120.506405,73,5365.43021238824
20188,37.319659,-120.50707,74,5433.51962301155
20188,37.319795,-120.507349,75,5462.68294153155
20188,37.319829,-120.507456,76,5472.95757396314
20188,37.320026,-120.507821,77,5512.26273762781
20188,37.321237,-120.509773,78,5732.79416559392
20188,37.324002,-120.514205,79,6234.55762093398
20188,37.326928,-120.518893,80,6765.375868613
20188,37.329743,-120.523442,81,7278.77564055741
20188,37.331432,-120.526146,82,7585.01997368219
20188,37.332388,-120.527669,83,7757.82959905815
20188,37.332154,-120.527759,84,7785.17526006761
20188,37.331779,-120.527965,85,7830.92040723445
20188,37.331778,-120.528302,86,7860.98261009272
20188,37.331748,-120.535957,87,8543.84874744345
20188,37.331697,-120.540544,88,8953.06405729639
20188,37.331711,-120.540769,89,8973.19557100703
20188,37.332913,-120.540774,90,9107.47116228401
20188,37.3361,-120.540689,91,9463.57015834595
20188,37.338897,-120.540672,92,9776.02540185698
20188,37.339695,-120.540587,93,9865.49142567333
20188,37.340265,-120.540335,94,9933.01650545854
20188,37.343063,-120.544771,95,10437.233061769
20188,37.344931,-120.547775,96,10776.8275381299
20188,37.34784,-120.552431,97,11304.1060113451
20188,37.34987,-120.555671,98,11671.4091502777
20188,37.352966,-120.560617,99,12231.8987969429
20188,37.356479,-120.566293,100,12872.3459495618
20188,37.358756,-120.569862,101,13279.7418560714
20188,37.358836,-120.569957,102,13292.0549549194
20188,37.359429,-120.570885,103,13398.0487259114
20188,37.360763,-120.573011,104,13639.1693498031
20188,37.3625,-120.575778,105,13953.0385196095
20188,37.36278,-120.576264,106,14006.4792786035
20188,37.362964,-120.57656,107,14039.9299964707
20188,37.363174,-120.576286,108,14073.7985609726
20188,37.363333,-120.576043,109,14101.8138361014
20188,37.363493,-120.575818,110,14128.6814406997
20188,37.363646,-120.575613,111,14153.7046966896
20188,37.363768,-120.575781,112,14173.9551483526
20188,37.364013,-120.576246,113,14223.6322988185
20188,37.364146,-120.576475,114,14248.8827633662
20188,37.364306,-120.576581,115,14269.100168884
20188,37.364456,-120.576638,116,14286.6093644924
20188,37.365504,-120.576643,117,14403.6748890104
20188,37.365787,-120.57667,118,14435.3783413235
20188,37.366154,-120.576665,119,14476.3757396694
20188,37.366162,-120.576736,120,14482.7686118119
20188,37.366161,-120.577863,121,14583.247871398
20188,37.365998,-120.578028,122,14606.6556061465
20188,37.366048,-120.57806,123,14612.9272372962
20188,37.366018,-120.578175,124,14623.7139608874
20188,37.365819,-120.578143,125,14646.1251297018
20188,37.365279,-120.578135,126,14706.4487838653
20188,37.365277,-120.577663,127,14748.5316295684
20188,37.365279,-120.577125,128,14796.4988247074
20188,37.365279,-120.576875,129,14818.788185751
20188,37.365276,-120.576707,130,14833.7703899452
20188,37.364597,-120.576704,131,14909.6171463661
20188,37.36441,-120.576684,132,14930.5815665591
20188,37.364298,-120.576638,133,14943.7473917201
20188,37.364091,-120.576493,134,14970.2386050776
20188,37.363912,-120.576149,135,15006.8512620404
20188,37.363824,-120.575971,136,15025.5192648491
20188,37.363655,-120.575887,137,15045.8284508287
20188,37.363554,-120.57587,138,15057.2118225355
20188,37.363406,-120.576106,139,15083.971155916
20188,37.363248,-120.576357,140,15112.4723054844
20188,37.363128,-120.576548,141,15134.144474228
20188,37.363007,-120.576662,142,15151.0558878231
20188,37.362266,-120.57675,143,15234.1988018309
20188,37.361449,-120.576791,144,15325.5332714017
20188,37.360606,-120.576765,145,15419.7273615502
20188,37.360581,-120.578671,146,15589.6949072714
20188,37.360573,-120.584607,147,16118.9637400509
20188,37.360538,-120.586243,148,16264.8849729696
20188,37.360534,-120.593914,149,16948.8409812002
20188,37.360526,-120.595727,150,17110.4915454831
20188,37.360518,-120.596275,151,17159.3596145117
20188,37.360526,-120.597075,152,17230.6934523488
20188,37.3605,-120.602,153,17669.8155511325
20188,37.3605,-120.608,154,18204.7702911628
20188,37.3605,-120.612408,155,18597.7803924168
20188,37.360497,-120.61383,156,18724.5634433373
20188,37.361447,-120.613859,157,18830.706326751
20188,37.363881,-120.61379,158,19102.6444639816
20188,37.374736,-120.613586,159,20315.243238237
20188,37.380917,-120.613403,160,21005.8303454966
20188,37.383841,-120.613468,161,21332.4815301025
20188,37.385849,-120.613446,162,21556.7761337235
20188,37.386491,-120.614053,163,21646.6037279967
20188,37.387008,-120.61483,164,21736.7725475066
20188,37.387076,-120.614766,165,21746.2712443155
20188,37.38711,-120.614766,166,21750.0689080204
20188,37.388167,-120.614755,167,21868.1356414007
20188,37.389305,-120.614702,168,21995.3334207921
20188,37.389455,-120.614744,169,22012.5008670745
20188,37.389489,-120.617437,170,22252.5385141875
20188,37.389455,-120.618746,171,22369.2616302449
20188,37.389446,-120.619379,172,22425.6850407686
20188,37.389412,-120.619712,173,22455.6047631907
20188,37.389412,-120.62307,174,22754.8766815749
20188,37.389386,-120.62705,175,23109.5923753893
20188,37.389395,-120.628906,176,23275.0042830985
20188,37.389378,-120.63161,177,23515.994476892
20188,37.389386,-120.636599,178,23960.6164410554
20188,37.389386,-120.642596,179,24495.0659814368
20188,37.389395,-120.649871,180,25143.4040237912
20188,37.389395,-120.65781,181,25850.9072730761
20188,37.389386,-120.6662,182,26598.5933769857
20188,37.38942,-120.672691,183,27177.0524714354
20188,37.389463,-120.678924,184,27732.5221805179
20188,37.389523,-120.685405,185,28310.1040344677
20188,37.389548,-120.691965,186,28894.6871798075
20188,37.389582,-120.697383,187,29377.5075521334
20188,37.389608,-120.704765,188,30035.327136118
20188,37.389574,-120.709657,189,30471.2676252324
20188,37.389557,-120.712495,190,30724.1661971749
20188,37.389568,-120.718152,191,31228.2541104139
20188,37.389557,-120.718133,192,31230.3458849483
20188,37.389523,-120.718337,193,31248.91625512
20188,37.38948,-120.718519,194,31265.8299530839
20188,37.389437,-120.718862,195,31296.7689716552
20188,37.389412,-120.719077,196,31316.1295745927
20188,37.389472,-120.71927,197,31334.5866747481
20188,37.389548,-120.719538,198,31359.9310137373
20188,37.389659,-120.719785,199,31385.1914213783
20188,37.390102,-120.721,200,31504.224897469
20188,37.390771,-120.722846,201,31684.8874825941
20188,37.391319,-120.72254,202,31751.8855639018
20188,37.391549,-120.722403,203,31780.3244874239
20188,37.391209,-120.721477,204,31871.1533320237
20188,37.39088,-120.720525,205,31963.5972215379
20188,37.389881,-120.721094,206,32086.1430143162
20188,37.389817,-120.721193,207,32097.4966549532
20188,37.389668,-120.721223,208,32114.3498703714
20188,37.389293,-120.721416,209,32159.6223715129
20188,37.388619,-120.721807,210,32242.5652214963
20188,37.38844,-120.722001,211,32268.993412856
20188,37.388201,-120.72228,212,32305.4692184205
20188,37.387818,-120.722741,213,32364.7732851734
20188,37.38746,-120.723084,214,32415.0983592733
20188,37.387315,-120.723159,215,32432.6164122666
20188,37.387178,-120.723245,216,32449.7280766115
20188,37.386914,-120.723288,217,32479.4586316363
20188,37.386126,-120.723315,218,32567.4926024006
20188,37.385786,-120.723358,219,32605.655468412
20188,37.385461,-120.723358,220,32641.9503297065
20188,37.384474,-120.723343,221,32752.1831382208
20188,37.384002,-120.723366,222,32804.9342787284
20188,37.382263,-120.723409,223,32999.1775020134
20188,37.38225,-120.722237,224,33103.6316956747
20188,37.382238,-120.721116,225,33203.5400651139
20188,37.382225,-120.719762,226,33324.2125384724
20188,37.382157,-120.7165,227,33615.0109638588
20188,37.381986,-120.716503,228,33634.1097258896
20188,37.381365,-120.716506,229,33703.4621073288
20188,37.380287,-120.716512,230,33823.8518804873
20188,37.379644,-120.716523,231,33895.6673473633
20188,37.3786,-120.716582,232,34012.3773912333
20188,37.378642,-120.718904,233,34219.3699973847
20188,37.378621,-120.720015,234,34318.4111497502
20188,37.378636,-120.721112,235,34416.1910201046
20188,37.378662,-120.723507,236,34629.6544357099
20188,37.37847,-120.723525,237,34651.1562428644
20188,37.377123,-120.723494,238,34801.6098256121
20188,37.375063,-120.723577,239,35031.7822584032
20188,37.375052,-120.723956,240,35065.5828229452
20188,37.375071,-120.727557,241,35386.526585644
20188,37.375075,-120.731288,242,35719.0478004967
20188,37.375055,-120.734735,243,36026.2639470502
20188,37.37916,-120.734663,244,36484.7326046936
20188,37.382297,-120.734509,245,36835.324223931
20188,37.382311,-120.737754,246,37124.5039636418
20188,37.382315,-120.740597,247,37377.8547101199
20188,37.382311,-120.741294,248,37439.9684153919
20188,37.3823,-120.741483,249,37456.8555914532
20188,37.385832,-120.741426,250,37851.3182972596
20188,37.385886,-120.737269,251,38221.795403168
20188,37.38589,-120.736706,252,38271.9661867094
20188,37.385902,-120.735723,253,38359.5714296217
20188,37.385913,-120.734356,254,38481.3910118656
20188,37.38592,-120.733926,255,38519.7163411655
20188,37.385861,-120.732865,256,38614.4916404137
20188,37.385921,-120.732177,257,38676.1646590105
20188,37.38592,-120.731473,258,38738.8985186199
20188,37.385927,-120.730635,259,38813.5772602316
20188,37.385927,-120.729884,260,38880.499373137
20188,37.385927,-120.728897,261,38968.451726051
20188,37.385939,-120.728065,262,39042.6041180715
20188,37.385952,-120.727593,263,39084.6895547384
20188,37.385959,-120.726902,264,39146.2702618683
20188,37.385964,-120.726505,265,39181.6517884401
20188,37.385971,-120.725926,266,39233.2530928349
20188,37.385981,-120.725198,267,39298.1357155624
20188,37.385961,-120.723672,268,39434.1381227941
20188,37.386033,-120.723218,269,39475.3860702507
20188,37.386266,-120.723159,270,39501.9325443921
20188,37.386982,-120.723213,271,39582.0375978555
20188,37.387144,-120.723191,272,39600.2351016302
20188,37.387281,-120.723106,273,39617.3070468926
20188,37.387417,-120.72302,274,39634.3189328379
20188,37.387554,-120.722913,275,39652.3464673524
20188,37.388159,-120.722258,276,39741.6303589321
20188,37.388432,-120.721915,277,39784.8007672094
20188,37.388568,-120.721749,278,39806.0017468885
20188,37.388768,-120.721609,279,39831.5849242863
20188,37.389186,-120.721368,280,39882.9686492384
20188,37.38935,-120.721225,281,39905.2802843917
20188,37.389476,-120.721212,282,39919.399171984
20188,37.38977,-120.721083,283,39954.1862137
20188,37.389937,-120.720987,284,39974.7045015132
20188,37.390051,-120.72093,285,39988.4114331171
20188,37.390875,-120.720431,286,40090.6126070332
20188,37.391612,-120.722438,287,40287.4784181808
20188,37.391357,-120.722634,288,40320.8847451304
20188,37.390794,-120.722937,289,40389.3104360837
20188,37.389996,-120.720879,290,40593.1993310514
20188,37.389834,-120.720445,291,40635.8944646077
20188,37.389651,-120.719919,292,40687.0268054953
20188,37.389472,-120.719447,293,40733.5945905793
20188,37.389412,-120.719286,294,40749.4286468815
20188,37.389386,-120.719168,295,40760.3369449705
20188,37.389382,-120.719018,296,40773.7106243934
20188,37.389493,-120.718103,297,40856.1815144075
20188,37.38942,-120.718546,298,40896.4894596618
20188,37.389472,-120.718288,299,40920.2014667709
20188,37.389497,-120.71816,300,40931.9440414528
20188,37.389514,-120.716604,301,41070.60941364
20188,37.389518,-120.7125,302,41436.3113833177
20188,37.389523,-120.704749,303,42126.9988778718
20188,37.389514,-120.698665,304,42669.1476589072
20188,37.389506,-120.691842,305,43277.1551261456
20188,37.389472,-120.686241,306,43776.2874099754
20188,37.389412,-120.679504,307,44376.6805091329
20188,37.389386,-120.674107,308,44857.6382377668
20188,37.389335,-120.669279,309,45287.9227190905
20188,37.389327,-120.664108,310,45748.7406641293
20188,37.389327,-120.660331,311,46085.3329527673
20188,37.389327,-120.654559,312,46599.7162244794
20188,37.389327,-120.649141,313,47082.5564313668
20188,37.389318,-120.645772,314,47382.7981049447
20188,37.389318,-120.641127,315,47796.7559114765
20188,37.389327,-120.638584,316,48023.3890858487
20188,37.389335,-120.633777,317,48451.7900521981
20188,37.38931,-120.631449,318,48659.2815145217
20188,37.389335,-120.628649,319,48908.8357489672
20188,37.389344,-120.625023,320,49231.9914180273
20188,37.389344,-120.621504,321,49545.6113279318
20188,37.389352,-120.619926,322,49686.2490714169
20188,37.389369,-120.61968,323,49708.2552459783
20188,37.389395,-120.618693,324,49796.2670053947
20188,37.389412,-120.617974,325,49860.3742265969
20188,37.389412,-120.616096,326,50027.7466570874
20188,37.389386,-120.61482,327,50141.5046071164
20188,37.389165,-120.61483,328,50166.2055015925
20188,37.388099,-120.61483,329,50285.2734135203
20188,37.388091,-120.613511,330,50402.832280229
20188,37.38636,-120.613554,331,50596.2164050671
20188,37.385806,-120.613527,332,50658.1428819422
20188,37.385486,-120.613559,333,50693.9992808322
20188,37.384182,-120.613607,334,50839.713953864
20188,37.380904,-120.613698,335,51205.94392412
20188,37.375128,-120.61372,336,51851.1041331507
20188,37.363749,-120.61402,337,53122.3763086064
20188,37.360352,-120.613916,338,53501.9214861527
20188,37.360346,-120.613102,339,53574.4992536478
20188,37.3604,-120.608,340,54029.4257728785
20188,37.360377,-120.605721,341,54232.63534694
20188,37.3604,-120.602,342,54564.4075021199
20188,37.360385,-120.59775,343,54943.3411774501
20188,37.360402,-120.593898,344,55286.7929733669
20188,37.360406,-120.590755,345,55567.0265775706
20188,37.360445,-120.583583,346,56206.5097926545
20188,37.360411,-120.579275,347,56590.6411402157
20188,37.360458,-120.576518,348,56836.5199334283
20188,37.361357,-120.576577,349,56937.0785885288
20188,37.362231,-120.576572,350,57034.7079866581
20188,37.362674,-120.57656,351,57084.2039601334
20188,37.362988,-120.576571,352,57119.2923965728
20188,37.363184,-120.5763,353,57151.8985222767
20188,37.363342,-120.576051,354,57180.2598874664
20188,37.363501,-120.575825,355,57207.1201356758
20188,37.363642,-120.575633,356,57230.3820203902
20188,37.363652,-120.575609,357,57232.7958623663
20188,37.363764,-120.575783,358,57252.7256252658
20188,37.36401,-120.576251,359,57302.6875727372
20188,37.364141,-120.576478,360,57327.6625214449
20188,37.364301,-120.576585,361,57347.9217586396
20188,37.364454,-120.576644,362,57365.8035439303
20188,37.365504,-120.576651,363,57483.0932846504
20188,37.365786,-120.576676,364,57514.6722706894
20188,37.366151,-120.57667,365,57555.4473483077
20188,37.366157,-120.576736,366,57561.3697186794
20188,37.366154,-120.577862,367,57661.7603273247
20188,37.365991,-120.578021,368,57684.8356283723
20188,37.366039,-120.578104,369,57693.9738919956
20188,37.366012,-120.578164,370,57700.1149004889
20188,37.36582,-120.578133,371,57721.739165834
20188,37.365283,-120.57813,372,57781.7240922158
20188,37.365281,-120.576705,373,57908.7735552139
20188,37.364596,-120.576698,374,57985.2926032534
20188,37.364409,-120.576678,375,58006.2570236523
20188,37.364298,-120.576633,376,58019.2890258219
20188,37.364095,-120.576489,377,58045.3471120929
20188,37.363826,-120.575967,378,58100.745308084
20188,37.363655,-120.57588,379,58121.3614628635
20188,37.363552,-120.575862,380,58132.9782712264
20188,37.3634,-120.576101,381,58160.2246114659
20188,37.363243,-120.576356,382,58188.9382831439
20188,37.363125,-120.576542,383,58210.122210739
20188,37.363005,-120.576656,384,58226.9444826785
20188,37.362841,-120.57668,385,58245.3883165167
20188,37.362641,-120.576363,386,58281.4153886571
20188,37.362356,-120.575906,387,58333.1239024999
20188,37.360609,-120.573141,388,58647.5453097804
20188,37.359236,-120.570963,389,58895.0043191125
20188,37.358609,-120.569955,390,59008.9502780788
20188,37.357559,-120.568192,391,59205.0860663001
20188,37.355921,-120.565467,392,59509.2588184389
20188,37.353746,-120.56198,393,59903.8653039814
20188,37.351367,-120.558161,394,60335.8413971726
20188,37.348561,-120.553697,395,60842.5262651901
20188,37.346505,-120.550404,396,61215.3466076621
20188,37.344424,-120.547067,397,61592.9870041742
20188,37.342999,-120.544813,398,61849.4096506356
20188,37.34026,-120.540468,399,62343.1718826911
20188,37.339732,-120.540715,400,62406.1345931741
20188,37.33888,-120.540767,401,62501.4240460797
20188,37.336101,-120.540845,402,62811.9427251493
20188,37.331645,-120.54093,403,63309.7780071136
20188,37.331637,-120.54064,404,63335.6623243569
20188,37.33168,-120.535931,405,63755.7485802782
20188,37.331702,-120.531042,406,64191.8741407443
20188,37.331718,-120.528302,407,64436.3012561398
20188,37.331709,-120.527992,408,64463.9730180752
20188,37.331709,-120.527874,409,64474.4991899553
20188,37.331749,-120.527859,410,64479.163706072
20188,37.331999,-120.527738,411,64509.1049337801
20188,37.332228,-120.527611,412,64537.0832387254
20188,37.330554,-120.524848,413,64846.4715255903
20188,37.327977,-120.520695,414,65315.656818013
20188,37.326169,-120.517777,415,65645.1434306919
20188,37.324121,-120.514505,416,66016.0292267279
20188,37.321672,-120.510578,417,66460.553330122
20188,37.320026,-120.507955,418,66758.1791027282
20188,37.319787,-120.507504,419,66806.4706824944
20188,37.31971,-120.507472,420,66815.5342276966
20188,37.319574,-120.507258,421,66839.9350877439
20188,37.319369,-120.506796,422,66887.0906368423
20188,37.319275,-120.506549,423,66911.5027627965
20188,37.319079,-120.505884,424,66974.7474634214
20188,37.319036,-120.505562,425,67003.8761948637
20188,37.319019,-120.505241,426,67032.5797873991
20188,37.31901,-120.503878,427,67154.1955545402
20188,37.319019,-120.499833,428,67515.1075572265
20188,37.318763,-120.499812,429,67543.768434747
20188,37.318447,-120.499812,430,67579.0710233596
20188,37.318149,-120.499812,431,67612.3627052174
20188,37.31785,-120.499758,432,67646.1118081621
20188,37.31762,-120.499662,433,67673.1968588251
20188,37.31739,-120.499566,434,67700.281922235
20188,37.316963,-120.499093,435,67763.9748139641
20188,37.31669,-120.498728,436,67808.5936504991
20188,37.316442,-120.498288,437,67856.645342808
20188,37.316289,-120.497913,438,67894.2187056927
20188,37.316203,-120.497569,439,67926.3816022095
20188,37.316126,-120.497183,440,67961.8815937144
20188,37.316118,-120.496818,441,67994.4620968561
20188,37.316126,-120.496411,442,68030.7889367883
20188,37.31622,-120.496057,443,68064.0756257695
20188,37.316348,-120.49566,444,68102.2765802027
20188,37.316553,-120.49537,445,68136.8320533738
20188,37.316741,-120.495166,446,68164.6251026283
20188,37.316562,-120.494844,447,68199.6306668444
20188,37.316442,-120.494544,448,68229.5684599958
20188,37.316357,-120.494286,449,68254.470955549
20188,37.316331,-120.493975,450,68282.3725368353
20188,37.316319,-120.492791,451,68388.0274073745
20188,37.316348,-120.492098,452,68449.9475580318
20188,37.316331,-120.491411,453,68511.2769997976
20188,37.31634,-120.491272,454,68523.7204689934
20188,37.316391,-120.491186,455,68533.2780990396
20188,37.316459,-120.491121,456,68542.8358568766
20188,37.316553,-120.491078,457,68554.0163689654
20188,37.317022,-120.491078,458,68606.412420773
20188,37.317295,-120.491078,459,68636.9116148946
20188,37.317372,-120.491025,460,68646.7281407548
20188,37.317492,-120.490982,461,68660.67260733
20188,37.318132,-120.490585,462,68740.4663567158
20188,37.318498,-120.490435,463,68783.4901420393
20188,37.318592,-120.490403,464,68794.3729377315
20188,37.31884,-120.490392,465,68822.0965744933
20188,37.319121,-120.490392,466,68853.4895522303
20188,37.319094,-120.488876,467,68988.7891343789
20188,37.319079,-120.486647,468,69187.6806431668
20188,37.3206,-120.486759,469,69357.8995331961
20188,37.322782,-120.486787,470,69601.6841553107
20188,37.323336,-120.486798,471,69663.5845030653
20188,37.323353,-120.485387,472,69789.4896634348
20188,37.32343,-120.48286,473,70015.1157776234
20188,37.323413,-120.482592,474,70039.1024226104
20188,37.323387,-120.482324,475,70063.189561952
20188,37.323251,-120.48175,476,70116.6091265137
20188,37.323157,-120.481455,477,70144.9472918861
20188,37.32291,-120.480704,478,70217.4128690305
20188,37.322739,-120.479899,479,70291.7342790041
20188,37.322679,-120.478901,480,70381.030534874
20188,37.322645,-120.478333,481,70431.8513084822
20188,37.324447,-120.478255,482,70633.292794288
20188,37.325264,-120.47829,483,70724.6222507263
20188,37.325367,-120.478215,484,70737.9336392864
20188,37.325665,-120.478215,485,70771.2264994105
20188,37.325819,-120.478182,486,70788.6816354587
20188,37.326433,-120.47815,487,70857.3377256088
20188,37.32703,-120.478182,488,70924.0962462973
20188,37.329539,-120.478131,489,71204.4411911487
20188,37.331757,-120.478097,490,71452.2569654489
20188,37.333744,-120.478064,491,71674.266144433
20188,37.334529,-120.478032,492,71762.013592674
20188,37.334606,-120.477979,493,71769.8521872185
4391,37.301923,-120.488088,0,0
4391,37.301607,-120.487178999999,1,88.4738473459686
4391,37.300958,-120.485483,2,256.307288755906
4391,37.300425,-120.485768,3,321.058925997755
4391,37.301531,-120.488771999999,4,616.262324761839
4391,37.302114,-120.488438999999,5,687.854463310213
4391,37.303113,-120.491127,6,952.437254412376
4391,37.303796,-120.492982999999,7,1134.80450467661
4391,37.304756,-120.495504,8,1384.04088183212
4391,37.305997,-120.498947999999,9,1721.20973293569
4391,37.307056,-120.501866,10,2007.22510285594
4391,37.307141,-120.501941,11,2018.84262735535
4391,37.307679,-120.503229,12,2148.54693714372
4391,37.308174,-120.504376999999,13,2264.96346029618
4391,37.308242,-120.504515999999,14,2279.50876281197
4391,37.308592,-120.504924,15,2332.93562871783
4391,37.308959,-120.505031,16,2375.03258301261
4391,37.309385,-120.505139,17,2423.58964797378
4391,37.31,-120.505139,18,2492.29504535246
4391,37.311228,-120.505042,19,2629.75520334615
4391,37.311578,-120.505064,20,2668.90509011189
4391,37.315917,-120.504968,21,3153.71696266524
4391,37.316374,-120.504999,22,3204.84609885506
4391,37.316357,-120.507402,23,3419.26559883429
4391,37.316357,-120.510664,24,3710.32086309636
4391,37.316348,-120.514591,25,4060.71082472062
4391,37.316361,-120.517133,26,4287.52547305671
4391,37.316331,-120.518839,27,4439.77973298603
4391,37.316178,-120.519247,28,4479.99626243182
4391,37.315964,-120.519344,29,4505.42135596599
4391,37.314386,-120.519322,30,4681.71615627282
4391,37.313737,-120.519333,31,4754.22485015741
4391,37.31378,-120.519891,32,4804.24503539606
4391,37.313933,-120.520587999999,33,4868.74248665946
4391,37.314215,-120.521597,34,4964.12514960344
4391,37.314642,-120.522734,35,5076.23052548713
4391,37.315273,-120.524429,36,5243.08876330401
4391,37.316143,-120.526843,37,5479.38871560234
4391,37.316502,-120.527840999999,38,5577.04822527439
4391,37.316664,-120.528023,39,5601.36292970472
4391,37.316843,-120.528163,40,5624.9401801313
4391,37.318481,-120.52812,41,5807.96442610201
4391,37.32064,-120.52812,42,6049.15033823819
4391,37.3212,-120.528,43,6112.61848521304
4391,37.322782,-120.528088,44,6289.52097027625
4391,37.32517,-120.528034,45,6556.33240097049
4391,37.328225,-120.527991,46,6897.63371858874
4391,37.331407,-120.527947999999,47,7253.12158720106
4391,37.331782,-120.527873,48,7295.54442223955
4391,37.331778,-120.528302,49,7333.81586388263
4391,37.331757,-120.53122,50,7594.12519336129
4391,37.331723,-120.536274,51,8044.97800847815
4391,37.331697,-120.540544,52,8425.88724230573
4391,37.331688,-120.540854999999,53,8453.64758809736
4391,37.326919,-120.540951,54,8986.45905724098
4391,37.324693,-120.540983999999,55,9235.14183599671
4391,37.323089,-120.54101,56,9414.33888787057
4391,37.323084,-120.542105,57,9512.02893349815
4391,37.323127,-120.544605,58,9735.11293031697
4391,37.323157,-120.545753,59,9837.58381128211
4391,37.323208,-120.546085,60,9867.74528999807
4391,37.323609,-120.54719,61,9976.02495659905
4391,37.32442,-120.549411,62,10193.8921670512
4391,37.324697,-120.550028,63,10257.0362540398
4391,37.325465,-120.549995999999,64,10342.8753670181
4391,37.326301,-120.549974,65,10436.2837551404
4391,37.326314,-120.551122,66,10538.7048619349
4391,37.326327,-120.551691,67,10589.4849164447
4391,37.326335,-120.552732,68,10682.3544872646
4391,37.326352,-120.553542,69,10754.6375958787
4391,37.326036,-120.553729999999,70,10793.7185480557
4391,37.326177,-120.554175,71,10836.4265429644
4391,37.327423,-120.557565,72,11169.3305489606
4391,37.32761,-120.558091,73,11220.6923836812
4391,37.327824,-120.558455999999,74,11261.0854983666
4391,37.328029,-120.558701999999,75,11292.8023297438
4391,37.328229,-120.558976,76,11325.9164672641
4391,37.3284,-120.558905999999,77,11346.0129531669
4391,37.32947,-120.55889,78,11465.5471359525
4391,37.330754,-120.558836,79,11609.0587973615
4391,37.331339,-120.558853,80,11674.4245350355
4391,37.335092,-120.55881,81,12093.6755624778
4391,37.338775,-120.558732,82,12505.1484442426
4391,37.338735,-120.560988,83,12706.4146255062
4391,37.338628,-120.562558999999,84,12847.0434201355
4391,37.338867,-120.565639,85,13123.0463751659
4391,37.338713,-120.566958,86,13241.9400840562
4391,37.338636,-120.570627,87,13569.293204326
4391,37.338611,-120.574479,88,13912.8646560578
4391,37.338611,-120.576614,89,14103.2845332554
4391,37.338568,-120.576925,90,14131.4352661722
4391,37.340769,-120.576892999999,91,14377.3099777378
4391,37.342159,-120.576849999999,92,14532.6244081402
4391,37.343174,-120.576834,93,14646.0118675887
4391,37.34552,-120.57677,94,14908.1291167723
4391,37.348382,-120.576684,95,15227.9149403264
4391,37.350561,-120.576645999999,96,15471.3392712484
4391,37.351733,-120.576657,97,15602.2588109269
4391,37.352671,-120.576636,98,15707.0529161917
4391,37.353038,-120.576679,99,15748.2268326639
4391,37.354121,-120.576625,100,15869.2969252641
4391,37.355494,-120.576559999999,101,16022.7745729922
4391,37.355783,-120.576429,102,16057.105129904
4391,37.357626,-120.576475,103,16263.0145850803
4391,37.359083,-120.576451,104,16425.7798929912
4391,37.360489,-120.576544,105,16583.0530261854
4391,37.36049,-120.576075,106,16624.8707582771
4391,37.360493,-120.575501,107,16676.0516257229
4391,37.360501,-120.573985,108,16811.2264577015
4391,37.360501,-120.5734,109,16863.3871962146
4391,37.360474,-120.57304,110,16895.6275219138
4391,37.360427,-120.572918,111,16907.7061729222
4391,37.360314,-120.572731999999,112,16928.5477940708
4391,37.360235,-120.572528,113,16948.7648735871
4391,37.360171,-120.572346999999,114,16966.4161340314
4391,37.360011,-120.572097,115,16994.9874922781
4391,37.359874,-120.571879999999,116,17019.656649216
4391,37.359755,-120.571679,117,17041.9703130204
4391,37.359675,-120.571553,118,17056.325724319
4391,37.359536,-120.571282,119,17085.0479927654
4391,37.359464,-120.57115,120,17099.3032774348
4391,37.35917,-120.570672,121,17153.1092950509
4391,37.35902,-120.570441,122,17179.6611145678
4391,37.358975,-120.570272,123,17195.5464427237
4391,37.359085,-120.570164999999,124,17211.1030319882
4391,37.359207,-120.570106,125,17225.7110976132
4391,37.359406,-120.570083,126,17248.03462141
4391,37.359497,-120.570092,127,17258.2313250442
4391,37.359691,-120.57009,128,17279.9026608666
4391,37.359895,-120.5701,129,17302.707741952
4391,37.360159,-120.570107,130,17332.2042370069
4391,37.360405,-120.570106,131,17359.6835977518
4391,37.360633,-120.570111,132,17385.1560410094
4391,37.361107,-120.570121999999,133,17438.1128808628
4391,37.361365,-120.570121999999,134,17466.9325453622
4391,37.36146,-120.570138,135,17477.6399008535
4391,37.361682,-120.570322,136,17507.3739229417
4391,37.362328,-120.57098,137,17600.3750421583
4391,37.362367,-120.571036,138,17607.0014566748
4391,37.363095,-120.571771,139,17711.4412040368
4391,37.363755,-120.572445,140,17806.5548178441
4391,37.364536,-120.573225999999,141,17918.177999357
4391,37.36456,-120.573209,142,17921.257690132
4391,37.364862,-120.572724,143,17976.1018698507
4391,37.36553,-120.571691999999,144,18094.5668027545
4391,37.36559,-120.571650999999,145,18102.2010920522
4391,37.365672,-120.571714,146,18112.9458765894
4391,37.366327,-120.57241,147,18208.8827972698
4391,37.366345,-120.572513,148,18218.2834938306
4391,37.365845,-120.57326,149,18305.2031561682
4391,37.365316,-120.574078,150,18399.0683629235
4391,37.36499,-120.574563,151,18455.6007565266
4391,37.364797,-120.574708,152,18480.738594978
4391,37.364616,-120.574749,153,18501.2846913521
4391,37.364468,-120.574709999999,154,18518.1784978151
4391,37.364347,-120.574629,155,18533.5029963523
4391,37.363846,-120.5754,156,18622.1444939791
4391,37.36367,-120.575657999999,157,18652.4042132123
4391,37.363823,-120.575858999999,158,18677.1681349744
4391,37.363954,-120.576164,159,18708.0488412244
4391,37.364099,-120.576389,160,18733.8320892112
4391,37.364303,-120.576571,161,18761.8066890476
4391,37.364483,-120.576636,162,18782.7317485522
4391,37.364738,-120.576657,163,18811.27746623
4391,37.365276,-120.576679,164,18871.4056440769
4391,37.365855,-120.576667999999,165,18936.0890746266
4391,37.366168,-120.576685,166,18971.0849275441
4391,37.366141,-120.577848,167,19074.8176219468
4391,37.366029,-120.577872,168,19087.5099915896
4391,37.366004,-120.577904,169,19091.5022435986
4391,37.366007,-120.578041999999,170,19103.8103939101
4391,37.366048,-120.57806,171,19108.66323729
4391,37.366025,-120.578162,172,19118.1131325162
4391,37.365297,-120.578154999999,173,19199.4350623377
4391,37.365285,-120.576732,174,19326.3130742919
4391,37.364977,-120.576721,175,19360.7315488991
4391,37.364521,-120.576732,176,19411.6775210156
4391,37.364299,-120.576645999999,177,19437.6339437587
4391,37.36406,-120.576453,178,19469.3960826704
4391,37.363924,-120.576185,179,19497.7110703869
4391,37.363822,-120.57596,180,19520.7816949869
4391,37.363719,-120.575906,181,19533.253865701
4391,37.363591,-120.575884999999,182,19547.6739318793
4391,37.363421,-120.576099,183,19574.5933504224
4391,37.363105,-120.576614,184,19632.5102266128
4391,37.362986,-120.5767,185,19647.8558871215
4391,37.362909,-120.576721,186,19656.658449821
4391,37.362619,-120.576721,187,19689.0522977786
4391,37.361457,-120.576696999999,188,19818.8687372811
4391,37.360739,-120.576667999999,189,19899.1131142634
4391,37.360534,-120.576721,190,19922.4947422155
4391,37.360581,-120.578671,191,20096.4418517397
4391,37.360526,-120.579543,192,20174.4341705979
4391,37.360526,-120.583009,193,20483.4714853976
4391,37.360573,-120.584607,194,20626.0492601015
4391,37.360505,-120.586618999999,195,20805.6036984919
4391,37.360513,-120.58929,196,21043.7559516597
4391,37.360534,-120.590588,197,21159.5110548845
4391,37.360546,-120.591541,198,21244.4921464896
4391,37.360534,-120.593914,199,21456.0750903763
4391,37.360505,-120.595834999999,200,21627.3831631946
4391,37.360526,-120.597075,201,21737.9668662778
4391,37.360483,-120.600041,202,22002.4591868931
4391,37.3605,-120.602,203,22177.1333780737
4391,37.360492,-120.603517,204,22312.391218747
4391,37.3605,-120.608,205,22712.0920975833
4391,37.3605,-120.612408,206,23105.1021988373
4391,37.360449,-120.61387,207,23235.5755780459
4391,37.361447,-120.613859,208,23347.0526936332
4391,37.362739,-120.613832,209,23491.3842538209
4391,37.364193,-120.613859,210,23653.8083575251
4391,37.36742,-120.613827,211,24014.2632536092
4391,37.370473,-120.613708999999,212,24355.4339628663
4391,37.37338,-120.613655,213,24680.1705268902
4391,37.374736,-120.613586,214,24831.7554381527
4391,37.376211,-120.613602,215,24996.5135370457
4391,37.379374,-120.613547999999,216,25349.8414711866
4391,37.380917,-120.613403,217,25522.6726916177
4391,37.382443,-120.613495,218,25693.3182896328
4391,37.383841,-120.613468,219,25849.4881614574
4391,37.385393,-120.613495,220,26022.8574087114
4391,37.385878,-120.613483999999,221,26077.038948315
4391,37.386151,-120.613708999999,222,26113.5351847465
4391,37.38633,-120.613902,223,26139.9101043451
4391,37.38656,-120.614159999999,224,26174.3881744659
4391,37.386688,-120.614331,225,26195.2851507562
4391,37.387004,-120.614814,226,26250.9531609799
4391,37.38708,-120.614771,227,26260.2670603719
4391,37.387865,-120.614761,228,26347.9529426367
4391,37.389305,-120.614702,229,26508.8811063777
4391,37.389416,-120.61475,230,26521.9966406824
4391,37.389382,-120.613409,231,26641.5710955704
4391,37.391905,-120.613376,232,26923.3960404442
4391,37.392408,-120.613317,233,26979.8247593547
4391,37.393005,-120.613343999999,234,27046.5508156696
4391,37.393013,-120.610523,235,27297.9574373141
4391,37.392998,-120.609031,236,27430.934188092
4391,37.392996,-120.608881,237,27444.3039889303
4391,37.390107,-120.608924,238,27767.0195048392
4391,37.386927,-120.608982999999,239,28122.2550124528
4391,37.3855,-120.608999999999,240,28281.6538851028
4391,37.38307,-120.609020999999,241,28553.0841365395
4391,37.384169,-120.610844,242,28756.7264774748
4391,37.385005,-120.612174999999,243,28907.6994834351
4391,37.386462,-120.612174999999,244,29070.4412281391
4391,37.387085,-120.612174999999,245,29140.028122794
4391,37.38708,-120.613343999999,246,29244.2180445006
4391,37.387085,-120.613526999999,247,29260.5376639679
4391,37.386087,-120.613547999999,248,29372.0261973632
4391,37.384182,-120.613607,249,29584.872444609
4391,37.380904,-120.613698,250,29951.1024148651
4391,37.378491,-120.61365,251,30220.6593018121
4391,37.375128,-120.61372,252,30596.345450312
4391,37.372809,-120.613736,253,30855.3728620619
4391,37.369893,-120.613811,254,31181.1475794465
4391,37.367352,-120.613881,255,31465.0361823517
4391,37.364231,-120.613933999999,256,31813.6719766134
4391,37.363749,-120.61402,257,31868.052748148
4391,37.361732,-120.613993,258,32093.3567736737
4391,37.360368,-120.613933999999,259,32245.8011404728
4391,37.360346,-120.613102,260,32320.0213401818
4391,37.3604,-120.608,261,32774.9478594125
4391,37.3604,-120.602,262,33309.9033190601
4391,37.360385,-120.59775,263,33688.8369943903
4391,37.360424,-120.596778999999,264,33775.5212306146
4391,37.360402,-120.593898,265,34032.4047450719
4391,37.360406,-120.590755,266,34312.6383492756
4391,37.360449,-120.58641,267,34700.0752120533
4391,37.360453,-120.585621,268,34770.42539299
4391,37.360445,-120.583583,269,34952.1400239816
4391,37.36047,-120.580772,270,35202.7913045913
4391,37.360411,-120.579275,271,35336.4306341816
4391,37.36047,-120.576566,272,35578.0634056123
4391,37.360473,-120.576073,273,35622.0221947262
4391,37.360476,-120.575501,274,35673.0247510278
4391,37.360481,-120.573984,275,35808.2869795224
4391,37.360486,-120.573415,276,35859.0241851001
4391,37.360461,-120.573042999999,277,35892.3104528385
4391,37.360414,-120.572923,278,35904.2287563223
4391,37.360301,-120.572741,279,35924.7877093257
4391,37.360218,-120.57253,280,35945.7617748269
4391,37.360157,-120.572356,281,35962.7067317667
4391,37.359997,-120.572103999999,282,35991.4174399719
4391,37.359864,-120.571888,283,36015.7412752926
4391,37.359742,-120.571683,284,36038.5411101646
4391,37.359666,-120.571557999999,285,36052.5516849248
4391,37.35952,-120.571282,286,36082.0746657682
4391,37.359452,-120.571154999999,287,36095.7102744291
4391,37.359156,-120.570680999999,288,36149.3715866929
4391,37.35901,-120.570442,289,36176.2066304534
4391,37.358962,-120.570268,290,36192.6218749904
4391,37.359077,-120.570149,291,36209.2834166151
4391,37.3592,-120.570092,292,36223.9329263649
4391,37.359406,-120.570068,293,36247.0432707106
4391,37.359498,-120.570068,294,36257.3200514872
4391,37.35969,-120.570070999999,295,36278.7689141295
4391,37.359894,-120.570086,296,36301.5957744401
4391,37.36016,-120.570092,297,36331.3138899477
4391,37.360406,-120.570092,298,36358.7931066822
4391,37.360631,-120.570096,299,36383.9290668955
4391,37.361107,-120.570108,300,36437.1109972645
4391,37.361365,-120.570107,301,36465.9308003717
4391,37.361461,-120.570122999999,302,36476.7488745656
4391,37.36169,-120.570307,303,36507.1380917216
4391,37.362336,-120.570963,304,36600.0268182308
4391,37.362372,-120.571012,305,36605.9647254723
4391,37.363102,-120.571759,306,36711.2520660095
4391,37.363765,-120.572433,307,36806.6256638803
4391,37.364531,-120.573196,308,36915.9383364793
4391,37.364552,-120.5732,309,36918.3110666017
4391,37.364855,-120.572714,310,36973.2942665197
4391,37.365523,-120.571679,311,37091.9670746819
4391,37.365593,-120.571636,312,37100.6756280646
4391,37.365682,-120.571698999999,313,37112.0943083014
4391,37.36634,-120.5724,314,37208.575216411
4391,37.366356,-120.572516,315,37219.0707017864
4391,37.365856,-120.573268999999,316,37306.4009202167
4391,37.365327,-120.574089,317,37400.4047303876
4391,37.364995,-120.57457,318,37457.1009141847
4391,37.364799,-120.574718,319,37482.6637704293
4391,37.364615,-120.574754999999,320,37503.4802279148
4391,37.364462,-120.574723,321,37520.807337488
4391,37.364347,-120.574647,322,37535.3308264772
4391,37.36386,-120.575406999999,323,37622.2264450492
4391,37.363693,-120.575654,324,37651.0877175063
4391,37.363856,-120.575879,325,37678.1793291806
4391,37.363975,-120.576158,326,37706.3836118013
4391,37.364129,-120.576373,327,37732.139692318
4391,37.364325,-120.576554999999,328,37759.3912963454
4391,37.364504,-120.576609,329,37779.9576067533
4391,37.36476,-120.576645999999,330,37808.7432095342
4391,37.365305,-120.576645999999,331,37869.6213084356
4391,37.365885,-120.576645999999,332,37934.4090094626
4391,37.366192,-120.576645999999,333,37968.7018096021
4391,37.366167,-120.577851,334,38076.1714728916
4391,37.366041,-120.577888,335,38090.6274298972
4391,37.366018,-120.577909999999,336,38093.8597426218
4391,37.366039,-120.578104,337,38111.314426795
4391,37.365277,-120.578133999999,338,38196.4738718211
4391,37.365277,-120.576751,339,38319.7785317161
4391,37.365004,-120.576748,340,38350.2746004401
4391,37.364555,-120.576754,341,38400.4320621225
4391,37.364316,-120.5767,342,38427.5597172597
4391,37.364069,-120.576485,343,38461.1558298652
4391,37.363915,-120.576217,344,38490.5985080332
4391,37.363813,-120.575992,345,38513.6691335439
4391,37.363711,-120.575938,346,38526.0383343647
4391,37.363617,-120.575917,347,38536.7040527726
4391,37.363455,-120.576109999999,348,38561.6754441149
4391,37.363131,-120.576636,349,38620.9145982031
4391,37.36302,-120.576721,350,38635.4463283279
4391,37.362943,-120.576732,351,38644.1031896125
4391,37.362645,-120.576742999999,352,38677.4051052988
4391,37.361449,-120.576791,353,38811.0703266818
4391,37.360547,-120.576679,354,38912.3200359264
4391,37.360342,-120.576679,355,38935.2191377159
4391,37.359234,-120.5767,356,39059.0001525633
4391,37.358206,-120.57663,357,39174.0002800872
4391,37.355678,-120.5767,358,39456.4542964892
4391,37.355482,-120.576609,359,39479.8034045254
4391,37.354893,-120.576651999999,360,39545.7080769474
4391,37.353162,-120.576748,361,39739.2552729449
4391,37.352693,-120.576791,362,39791.7840837268
4391,37.350561,-120.576866,363,40030.0286086739
4391,37.34842,-120.576856,364,40269.1862253235
4391,37.345546,-120.576898,365,40590.242273403
4391,37.342449,-120.577033,366,40936.3956322914
4391,37.340172,-120.577059,367,41190.7537086597
4391,37.338513,-120.577096999999,368,41376.0998069185
4391,37.338483,-120.576915,369,41392.6746025533
4391,37.338534,-120.57663,370,41418.7241947173
4391,37.338573,-120.571496,371,41876.6459790329
4391,37.338585,-120.569281,372,42074.2073188827
4391,37.338573,-120.567586,373,42225.3915140085
4391,37.338739,-120.565391999999,374,42421.9529474398
4391,37.338543,-120.562667,375,42665.9833244622
4391,37.338715,-120.558814999999,376,43010.0868337315
4391,37.337306,-120.558836,377,43167.492046279
4391,37.33435,-120.558862999999,378,43497.7044215592
4391,37.330848,-120.558976,379,43889.029420364
4391,37.329598,-120.558981,380,44028.662893745
4391,37.328331,-120.558996999999,381,44170.2018570927
4391,37.328212,-120.559078,382,44185.3317468029
4391,37.328054,-120.558862999999,383,44211.3959259111
4391,37.327811,-120.558589999999,384,44247.8636625984
4391,37.327687,-120.558429,385,44267.8169609798
4391,37.327564,-120.558182,386,44293.783646858
4391,37.326975,-120.556508,387,44456.96649271
4391,37.326173,-120.554341,388,44670.0287593483
4391,37.325934,-120.553708,389,44732.4905921845
4391,37.326263,-120.553536,390,44772.3166581025
4391,37.326292,-120.55344,391,44781.4728233474
4391,37.326288,-120.552844,392,44834.6424703003
4391,37.32628,-120.551782,393,44929.3853630464
4391,37.326271,-120.550827,394,45014.5848889401
4391,37.326241,-120.550044,395,45084.5151784715
4391,37.324966,-120.550066,396,45226.9562011191
4391,37.324646,-120.550109,397,45262.9079462105
4391,37.324219,-120.549052,398,45368.5812425984
4391,37.323601,-120.547346,399,45535.7011100154
4391,37.323328,-120.546563,400,45611.9209656598
4391,37.323157,-120.546025999999,401,45663.4959066833
4391,37.323097,-120.545694,402,45693.8633665354
4391,37.323072,-120.544707,403,45781.9605446484
4391,37.323029,-120.541896,404,46032.7842427137
4391,37.32302,-120.540951,405,46117.0967955507
4391,37.324206,-120.54093,406,46249.5975218031
4391,37.326548,-120.540892,407,46511.2431651608
4391,37.328553,-120.54086,408,46735.2389358282
4391,37.330882,-120.540806999999,409,46995.4533618259
4391,37.331633,-120.540796,410,47079.3529515788
4391,37.331637,-120.54064,411,47093.2758026352
4391,37.331659,-120.538833,412,47254.4847136466
4391,37.331676,-120.534588999999,413,47633.0696183817
4391,37.331701,-120.531799999999,414,47881.8755357278
4391,37.331718,-120.528302,415,48193.9187835943
4391,37.33171,-120.52798,416,48222.6566319332
4391,37.33142,-120.528013,417,48255.1865425143
4391,37.33084,-120.528023,418,48319.9855613711
4391,37.328801,-120.528045,419,48547.7744959968
4391,37.326305,-120.528072,420,48826.6176986426
4391,37.324142,-120.528114,421,49068.2794946876
4391,37.321771,-120.528156999999,422,49333.176079425
4391,37.320755,-120.528179,423,49446.6922901741
4391,37.319736,-120.528156999999,424,49560.5435890029
4391,37.317577,-120.52819,425,49801.7474542249
4391,37.316604,-120.528222,426,49910.4805774973
4391,37.316289,-120.527374,427,49993.9246154268
4391,37.315009,-120.523887,428,50336.3363456167
4391,37.31416,-120.52157,429,50563.790946465
4391,37.314015,-120.521119,430,50607.1701379872
4391,37.313852,-120.520539999999,431,50661.9478296931
4391,37.31375,-120.520002999999,432,50711.1992299414
4391,37.313682,-120.519242,433,50779.5250635308
4391,37.314962,-120.519252,434,50922.5211241585
4391,37.315956,-120.519252,435,51033.5643375209
4391,37.316143,-120.519199,436,51054.9833126991
4391,37.316289,-120.518823,437,51092.2864420901
4391,37.316297,-120.517589,438,51202.3934105798
4391,37.316297,-120.512386,439,51666.6322100976
4391,37.31631,-120.507043,440,52143.368835182
4391,37.316318,-120.50508,441,52318.5227404491
4391,37.315124,-120.505116999999,442,52451.9525990801
4391,37.312897,-120.505123,443,52700.7449029168
4391,37.311216,-120.505203,444,52888.6752678954
4391,37.310414,-120.505198,445,52978.2726747121
4391,37.309586,-120.505207999999,446,53070.7778937561
4391,37.309415,-120.505198,447,53089.9021738033
4391,37.309185,-120.505165,448,53115.7650659539
4391,37.308929,-120.50509,449,53145.1370375907
4391,37.308297,-120.504833,450,53219.3728760259
4391,37.308101,-120.504704,451,53244.1108130989
4391,37.307982,-120.504575,452,53261.6963657487
4391,37.307854,-120.504275,453,53292.0471393297
4391,37.307307,-120.502773,454,53439.3547700818
4391,37.307,-120.502010999999,455,53515.5138049889
4391,37.307009,-120.501893,456,53526.0918130739
4391,37.30616,-120.499602999999,457,53751.3870306247
4391,37.305072,-120.497135,458,54002.9463370046
4391,37.303723,-120.492945,459,54406.1003561231
4391,37.301948,-120.488104,460,54881.4709999862
4391,37.301923,-120.488088,461,54883.5514457231
20190,37.301814,-120.488202,0,0
20190,37.301922,-120.488332,1,16.7388093103495
20190,37.301807,-120.488482,2,35.2934394280866
20190,37.301819,-120.488636,3,49.102622909758
20190,37.301163,-120.489029,4,130.350864382852
20190,37.300339,-120.489501,5,231.587718254856
20190,37.298795,-120.490397,6,421.716372476774
20190,37.298201,-120.488745,7,583.403647191196
20190,37.29748,-120.486814,8,773.642453694191
20190,37.296793,-120.484979,9,954.51282213142
20190,37.295991,-120.482919,10,1159.04514118839
20190,37.295257,-120.483413,11,1252.14999152975
20190,37.290554,-120.486159,12,1831.92532237375
20190,37.288343,-120.487576,13,2109.43734405641
20190,37.283367,-120.487726,14,2665.51409435782
20190,37.277775,-120.487833,15,3290.32168873027
20190,37.271065,-120.48794,16,4040.01931078126
20190,37.260289,-120.488048,17,5243.94550440361
20190,37.258411,-120.487983,18,5453.83470928877
20190,37.246472,-120.488133,19,6787.71933428795
20190,37.234138,-120.488112,20,8165.66728673537
20190,37.222008,-120.488091,21,9520.82487417554
20190,37.211464,-120.488069,22,10698.796136284
20190,37.200441,-120.488198,23,11930.3334607045
20190,37.189057,-120.488262,24,13202.1604828025
20190,37.185707,-120.488219,25,13576.440404028
20190,37.18516,-120.488284,26,13637.8265237834
20190,37.184459,-120.48852,27,13718.9332317862
20190,37.183843,-120.488884,28,13795.0563404849
20190,37.183348,-120.489228,29,13858.3314119829
20190,37.182219,-120.490065,30,14004.9834381736
20190,37.181672,-120.490537,31,14079.244005926
20190,37.181211,-120.490794,32,14135.6379431169
20190,37.180954,-120.491095,33,14174.9867619073
20190,37.180117,-120.491567,34,14277.5737987056
20190,37.179245,-120.491953,35,14380.9229459947
20190,37.178561,-120.49191,36,14457.4352202327
20190,37.176082,-120.491953,37,14734.4127985654
20190,37.167584,-120.491974,38,15683.8010585258
20190,37.159786,-120.492039,39,16555.0037564521
20190,37.156828,-120.492103,40,16885.5175544613
20190,37.150842,-120.492167,41,17554.2908471762
20190,37.149491,-120.492167,42,17705.2229637696
20190,37.142821,-120.492189,43,18450.3900881389
20190,37.142256,-120.492168,44,18513.5391616767
20190,37.136637,-120.492125,45,19141.2991026435
20190,37.127681,-120.492382,46,20142.1170426224
20190,37.124054,-120.492275,47,20547.4342945592
20190,37.120376,-120.492339,48,20958.3760992055
20190,37.1136,-120.492339,49,21715.3830377116
20190,37.106037,-120.492404,50,22560.3327977845
20190,37.098592,-120.492382,51,23392.0821346054
20190,37.090753,-120.492425,52,24267.8549436808
20190,37.085361,-120.492489,53,24870.2704374007
20190,37.084437,-120.492597,54,24973.9502971492
20190,37.084026,-120.492897,55,25027.1418230408
20190,37.083513,-120.493348,56,25097.2429105159
20190,37.083239,-120.493927,57,25157.4326384866
20190,37.082879,-120.494828,58,25247.5509197851
20190,37.082229,-120.496609,59,25422.72421173
20190,37.08163,-120.49824,60,25583.3185170419
20190,37.075895,-120.512273,61,26993.3834397222
20190,37.07206,-120.521672,62,27937.530514933
20190,37.071067,-120.524032,63,28176.1436023918
20190,37.070365,-120.526178,64,28383.6383372964
20190,37.068345,-120.533538,65,29080.0651167698
20190,37.067386,-120.536456,66,29362.3972026214
20190,37.06665,-120.538001,67,29523.2982471222
20190,37.065537,-120.539825,68,29728.532568643
20190,37.064424,-120.54137,69,29914.513123632
20190,37.062044,-120.54358,70,30245.9191070838
20190,37.059355,-120.546048,71,30618.8148604908
20190,37.057797,-120.5477,72,30847.2126288979
20190,37.056273,-120.549781,73,31099.5916930024
20190,37.055845,-120.550618,74,31188.4822677178
20190,37.055263,-120.551927,75,31322.5043154832
20190,37.054321,-120.55418,76,31550.0178261589
20190,37.053996,-120.556154,77,31730.44545063
20190,37.053191,-120.561476,78,32215.349593527
20190,37.052454,-120.566862,79,32704.5506661608
20190,37.050827,-120.578191,80,33735.0238242271
20190,37.049851,-120.585036,81,34357.5003965595
20190,37.048978,-120.590465,82,34853.2626231663
20190,37.048721,-120.592074,83,35000.1546175481
20190,37.048396,-120.593791,84,35158.1122213971
20190,37.048122,-120.595722,85,35333.6900903754
20190,37.048036,-120.599327,86,35656.6016595995
20190,37.047933,-120.611107,87,36711.3583524991
20190,37.047933,-120.617974,88,37326.1697239225
20190,37.048276,-120.622995,89,37777.3305534314
20190,37.048601,-120.625355,90,37991.7153323018
20190,37.04932,-120.628917,91,38320.5714110206
20190,37.049851,-120.631235,92,38536.4039631657
20190,37.050451,-120.633187,93,38723.5680985467
20190,37.050725,-120.634367,94,38833.5516514725
20190,37.051146,-120.635502,95,38945.515224636
20190,37.051146,-120.635578,96,38952.319078902
20190,37.049943,-120.635577,97,39086.6854378394
20190,37.048542,-120.635584,98,39243.1681800614
20190,37.048689,-120.636222,99,39302.5996156
20190,37.048513,-120.63597,100,39332.5233000746
20190,37.048327,-120.636026,101,39353.8945236628
20190,37.04831,-120.635546,102,39396.9097619819
20190,37.051188,-120.635526,103,39718.3663905406
20190,37.051249,-120.636019,104,39763.0246489848
20190,37.051504,-120.637651,105,39911.8779499931
20190,37.051744,-120.638895,106,40026.4258016294
20190,37.052429,-120.640976,107,40227.8210539583
20190,37.053062,-120.642865,108,40411.1118467927
20190,37.053636,-120.644732,109,40590.1209693588
20190,37.054013,-120.64647,110,40751.3035612821
20190,37.054304,-120.648251,111,40914.0162434839
20190,37.054424,-120.649785,112,41051.9903000317
20190,37.054449,-120.652714,113,41314.2039505666
20190,37.054475,-120.655096,114,41527.4550631651
20190,37.054484,-120.662595,115,42198.7440656791
20190,37.054535,-120.671693,116,43013.1786789879
20190,37.054561,-120.673785,117,43200.4664377694
20190,37.054603,-120.680673,118,43817.0583932593
20190,37.054612,-120.683463,119,44066.8031142053
20190,37.054655,-120.694932,120,45093.4326112512
20190,37.054689,-120.698655,121,45426.7048221806
20190,37.054535,-120.700768,122,45616.6218317324
20190,37.054672,-120.706744,123,46151.7546153464
20190,37.054912,-120.721872,124,47506.106377771
20190,37.05522,-120.737697,125,48922.9574874751
20190,37.055485,-120.753522,126,50339.6586925707
20190,37.055734,-120.769926,127,51808.0935565122
20190,37.056042,-120.786073,128,53253.6295991262
20190,37.056187,-120.796148,129,54155.4473207479
20190,37.056282,-120.801523,130,54636.5986538052
20190,37.05646,-120.806249,131,55060.0135161889
20190,37.056487,-120.808384,132,55251.105437935
20190,37.056547,-120.809966,133,55392.8417251809
20190,37.056705,-120.815133,134,55855.585106559
20190,37.056744,-120.816629,135,55989.5355733467
20190,37.056902,-120.8177,136,56086.9911037937
20190,37.056949,-120.81804,137,56117.867390721
20190,37.057013,-120.818491,138,56158.8556535909
20190,37.057073,-120.818861,139,56192.6382900085
20190,37.057099,-120.819198,140,56222.9361256882
20190,37.05712,-120.819455,141,56246.0544864915
20190,37.057136,-120.819746,142,56272.1575021503
20190,37.057142,-120.820078,143,56301.875961879
20190,37.057134,-120.820563,144,56345.2881073809
20190,37.05733,-120.82057,145,56367.1823192034
20190,37.057572,-120.820588,146,56394.2518707458
20190,37.057937,-120.820601,147,56435.0241615404
20190,37.058,-120.820647,148,56443.174655376
20190,37.058002,-120.82128,149,56499.8219545942
20190,37.05799,-120.822712,150,56627.9777337194
20190,37.05799,-120.823149,151,56667.0845322783
20190,37.057937,-120.823177,152,56673.5110683548
20190,37.05745,-120.823169,153,56727.893697516
20190,37.057147,-120.823169,154,56761.7263646125
20190,37.057112,-120.823957,155,56832.3528304818
20190,37.057086,-120.825609,156,56980.2188750328
20190,37.057078,-120.828173,157,57209.6723530111
20190,37.057044,-120.828441,158,57233.9541715023
20190,37.057027,-120.833334,159,57671.8291579605
20190,37.057009,-120.83402,160,57733.2514125729
20190,37.057001,-120.835211,161,57839.8362570099
20190,37.057009,-120.837389,162,58034.7442796258
20190,37.056958,-120.837647,163,58058.5241598882
20190,37.056949,-120.838451,164,58130.4797889865
20190,37.056958,-120.838859,165,58167.0048161116
20190,37.057836,-120.838891,166,58265.0807550089
20190,37.058033,-120.838902,167,58287.0990358403
20190,37.058131,-120.838961,168,58299.2485015459
20190,37.058229,-120.839041,169,58312.3246017827
20190,37.059338,-120.841509,170,58565.5204933733
20190,37.059878,-120.842727,171,58690.0784107575
20190,37.06049,-120.844084,172,58829.4143767743
20190,37.060729,-120.844604,173,58883.0546003752
20190,37.061235,-120.84572,174,58997.7911692231
20190,37.06192,-120.847169,175,59148.3274109859
20190,37.062583,-120.848655,176,59300.5132702811
20190,37.062947,-120.849448,177,59382.2858630579
20190,37.063191,-120.850011,178,59439.5575603188
20190,37.063741,-120.849614,179,59510.50161999
20190,37.064513,-120.84903,180,59611.3012170641
20190,37.065127,-120.848614,181,59689.3103302129
20190,37.064916,-120.848107,182,59740.4279551672
20190,37.064779,-120.847799,183,59771.9476475295
20190,37.064398,-120.846933,184,59860.3448120611
20190,37.064045,-120.846152,185,59940.576131807
20190,37.063518,-120.84498,186,60060.8259659292
20190,37.06326,-120.844527,187,60110.5539754296
20190,37.062808,-120.84483,188,60167.84375256
20190,37.062276,-120.845205,189,60236.0667350471
20190,37.062171,-120.845223,190,60247.9006375973
20190,37.06177,-120.845507,191,60299.3835091209
20190,37.061736,-120.845565,192,60305.8136752025
20190,37.061681,-120.845608,193,60313.060539333
20190,37.061498,-120.84572,194,60335.818863332
20190,37.0614,-120.84579,195,60348.4270258041
20190,37.061377,-120.845845,196,60353.978258153
20190,37.061365,-120.845915,197,60360.3836949859
20190,37.061397,-120.845996,198,60368.4645400681
20190,37.061541,-120.846307,199,60400.6041752576
20190,37.061714,-120.846684,200,60439.4775418065
20190,37.061935,-120.847165,201,60489.0897765399
20190,37.062596,-120.848646,202,60640.7760882883
20190,37.062959,-120.849443,203,60722.8042197119
20190,37.063228,-120.850091,204,60788.1041814134
20190,37.062467,-120.850658,205,60887.0674462926
20190,37.062258,-120.85079,206,60913.2220533986
20190,37.062664,-120.851685,207,61005.2463696882
20190,37.062857,-120.852147,208,61051.865275115
20190,37.063268,-120.852957,209,61137.6494353851
20190,37.063341,-120.853204,210,61161.2057125836
20190,37.063422,-120.853413,211,61181.9787866066
20190,37.063491,-120.853681,212,61207.1661530465
20190,37.063486,-120.854496,213,61280.0930790767
20190,37.063473,-120.855703,214,61388.1029428803
20190,37.063473,-120.857919,215,61586.3859718694
20190,37.063472,-120.859261,216,61706.4650293583
20190,37.063439,-120.85963,217,61739.6871950997
20190,37.063294,-120.860403,218,61810.7228304494
20190,37.062926,-120.86139,219,61908.1275802397
20190,37.062438,-120.862141,220,61994.6396150675
20190,37.06177,-120.862784,221,62088.8360027505
20190,37.061076,-120.863267,222,62177.5602411456
20190,37.060597,-120.863482,223,62234.3964196967
20190,37.058842,-120.86434,224,62444.8491156401
20190,37.056907,-120.865311,225,62677.7125676483
20190,37.055605,-120.865982,226,62834.9952419698
20190,37.053636,-120.866985,227,63072.4532173763
20190,37.052504,-120.86751,228,63207.2919318334
20190,37.052817,-120.868476,229,63300.5350674129
20190,37.053001,-120.869538,230,63397.7671880445
20190,37.052971,-120.870557,231,63489.0174669459
20190,37.05297,-120.871877,232,63607.1421471256
20190,37.053385,-120.871904,233,63653.5399898827
20190,37.053334,-120.872757,234,63730.0851138416
20190,37.053205,-120.87383,235,63827.1796127403
20190,37.053231,-120.87477,236,63911.3480525841
20190,37.053239,-120.875301,237,63958.8743084497
20190,37.053196,-120.875923,238,64014.7421584014
20190,37.053158,-120.876615,239,64076.8126036497
20190,37.053173,-120.877168,240,64126.3274214203
20190,37.053636,-120.877165,241,64178.0217916438
20190,37.054073,-120.877224,242,64227.0974076535
20190,37.054302,-120.877364,243,64255.569492823
20190,37.054574,-120.877547,244,64290.0719997909
20190,37.055524,-120.878132,245,64408.3536789099
20190,37.055527,-120.878728,246,64461.6873697334
20190,37.055571,-120.880458,247,64616.5727910025
20190,37.05454,-120.880472,248,64731.6895407224
20190,37.054439,-120.879693,249,64802.3047722897
20190,37.054513,-120.879009,250,64864.0678924127
20190,37.05452,-120.878572,251,64903.1808400371
20190,37.054491,-120.878276,252,64929.8657106075
20190,37.054483,-120.877786,253,64973.7227438485
20190,37.0542393523863,-120.87760566222,254,65005.3523546792
20190,37.054032,-120.877481,255,65031.0506700519
20190,37.053738,-120.877408,256,65064.5192872117
20190,37.053587,-120.877381,257,65081.5505942665
20190,37.05346,-120.877353,258,65095.9497450839
20190,37.053103,-120.877375,259,65135.8571591959
20190,37.053112,-120.876595,260,65205.6645437721
20190,37.053152,-120.875932,261,65265.1625687612
20190,37.053182,-120.875509,262,65303.1636769332
20190,37.053186,-120.875058,263,65343.5250212802
20190,37.053179,-120.874492,264,65394.1810312306
20190,37.053152,-120.873843,265,65452.336734665
20190,37.05325,-120.872894,266,65537.9626041151
20190,37.053276,-120.872008,267,65617.3019469773
20190,37.052908,-120.872024,268,65658.4142020096
20190,37.052925,-120.869551,269,65879.7273503632
20190,37.052745,-120.868478,270,65977.8294717293
20190,37.052368,-120.867427,271,66080.8721319127
20190,37.053601,-120.866826,272,66228.6709608578
20190,37.055561,-120.865886,273,66463.1176838179
20190,37.056847,-120.865252,274,66617.5035922111
20190,37.057977,-120.864699,275,66753.027216665
20190,37.059783,-120.863809,276,66969.8273219823
20190,37.061025,-120.863171,277,67119.7903569999
20190,37.061676,-120.862779,278,67200.4965580649
20190,37.062433,-120.862044,279,67307.5900389415
20190,37.062874,-120.861341,280,67387.4727455598
20190,37.063259,-120.860327,281,67487.8711104916
20190,37.063388,-120.859523,282,67561.2387990752
20190,37.063358,-120.859262,283,67584.8314559142
20190,37.063414,-120.858327,284,67668.7264474994
20190,37.063426,-120.856492,285,67832.9238226476
20190,37.063443,-120.854046,286,68051.7956465298
20190,37.063443,-120.85371,287,68081.8603731199
20190,37.063422,-120.85359,288,68092.850808
20190,37.063366,-120.853423,289,68109.0491220901
20190,37.063225,-120.853075,290,68143.9411984464
20190,37.062553,-120.851567,291,68298.3337893747
20190,37.062176,-120.850757,292,68382.1493402741
20190,37.062472,-120.850532,293,68420.8483809003
20190,37.062664,-120.850425,294,68444.3268480216
20190,37.06287,-120.850291,295,68470.265261723
20190,37.063769,-120.849663,296,68585.3009285934
20190,37.064531,-120.849078,297,68685.1942516064
20190,37.065181,-120.848628,298,68768.1908746644
20190,37.064815,-120.847936,299,68842.3789311446
20190,37.064802,-120.847777,300,68856.6797205763
20190,37.064423,-120.846922,301,68944.107054212
20190,37.064068,-120.846141,302,69024.4482936971
20190,37.063534,-120.844969,303,69145.0824870484
20190,37.063266,-120.844501,304,69196.5515237837
20190,37.062802,-120.844817,305,69255.5734224335
20190,37.06231,-120.845168,306,69318.8523479578
20190,37.062162,-120.845203,307,69335.6714536642
20190,37.061753,-120.845481,308,69387.6740722554
20190,37.061702,-120.845504,309,69393.7289817209
20190,37.061639,-120.84554,310,69401.4657710503
20190,37.061481,-120.845638,311,69421.1665627937
20190,37.061366,-120.845705,312,69435.3375665633
20190,37.06121,-120.845797,313,69454.6031928703
20190,37.060948,-120.845216,314,69514.2576613384
20190,37.059968,-120.843054,315,69736.5212126536
20190,37.05891,-120.840715,316,69976.8619553516
20190,37.058187,-120.839111,317,70141.5417065452
20190,37.058092,-120.839004,318,70155.8314850239
20190,37.057943,-120.838966,319,70172.8122228686
20190,37.056894,-120.838961,320,70289.9403919088
20190,37.056868,-120.836837,321,70480.0359869643
20190,37.056871,-120.835276,322,70619.7282591075
20190,37.056865,-120.833197,323,70805.7770276707
20190,37.056952,-120.828994,324,71182.0262562209
20190,37.056945,-120.828447,325,71230.9833378006
20190,37.056893,-120.828162,326,71257.1404730302
20190,37.056907,-120.825631,327,71483.6449906818
20190,37.057005,-120.823935,328,71635.8143347537
20190,37.057012,-120.823115,329,71709.2005635218
20190,37.057189,-120.823103,330,71728.9933565654
20190,37.057908,-120.823119,331,71809.288928698
20190,37.058109,-120.823152,332,71831.925838005
20190,37.058546,-120.823131,333,71880.7569837523
20190,37.058803,-120.823114,334,71909.4936370195
20190,37.058482,-120.82261,335,71967.1034951958
20190,37.058333,-120.822174,336,72009.5196805565
20190,37.058318,-120.821384,337,72080.2358329721
20190,37.058319,-120.820625,338,72148.1581706834
20190,37.057982,-120.820603,339,72185.8388634708
20190,37.057985,-120.821281,340,72246.5136912759
20190,37.05797,-120.82271,341,72374.404996856
20190,37.05797,-120.823135,342,72412.4379351155
20190,37.057931,-120.823155,343,72417.146092072
20190,37.057452,-120.823148,344,72470.6344071285
20190,37.057383,-120.823137,345,72478.4015085795
20190,37.057275,-120.823128,346,72490.4875437584
20190,37.056969,-120.823136,347,72524.6626894039
20190,37.05697,-120.822641,348,72568.9606087437
20190,37.056982,-120.821849,349,72639.8497852731
20190,37.056992,-120.821545,350,72667.0778356944
20190,37.056989,-120.821081,351,72708.6028536937
20190,37.056991,-120.820845,352,72729.7238423247
20190,37.056988,-120.820459,353,72764.2688985776
20190,37.056991,-120.820098,354,72796.5768175987
20190,37.056976,-120.819732,355,72829.3732713849
20190,37.056957,-120.819436,356,72855.9474096261
20190,37.056945,-120.819203,357,72876.8418181662
20190,37.056918,-120.818873,358,72906.5273529365
20190,37.056868,-120.818525,359,72938.1667466353
20190,37.056788,-120.818057,360,72980.9906889578
20190,37.056749,-120.817727,361,73010.8421977399
20190,37.056671,-120.816629,362,73109.4891871789
20190,37.056624,-120.815127,363,73244.0083476666
20190,37.056474,-120.810004,364,73702.7839298205
20190,37.0562,-120.808368,365,73852.3573160871
20190,37.055896,-120.806442,366,74028.0330583903
20190,37.055841,-120.803964,367,74249.8849413327
20190,37.055794,-120.799157,368,74680.11881793
20190,37.055669,-120.792773,369,75251.630333149
20190,37.055575,-120.786749,370,75790.8611959824
20190,37.055451,-120.778729,371,76508.7681369476
20190,37.055211,-120.764229,372,77806.7913562582
20190,37.05492,-120.747621,373,79293.6008563698
20190,37.054595,-120.728652,374,80991.8135044511
20190,37.054218,-120.708203,375,82822.656821079
20190,37.054064,-120.699148,376,83633.3608272546
20190,37.054167,-120.690072,377,84445.8557236645
20190,37.054081,-120.674558,378,85834.6099385593
20190,37.05403,-120.659709,379,87163.8502195345
20190,37.053961,-120.649538,380,88074.3727094526
20190,37.05367,-120.64647,381,88350.934713072
20190,37.053174,-120.644131,382,88567.5272101843
20190,37.052249,-120.641384,383,88834.2636609561
20190,37.051221,-120.638938,384,89081.514084792
20190,37.050558,-120.63735,385,89241.809042107
20190,37.049932,-120.63566,386,89408.4816782903
20190,37.049905,-120.635588,387,89415.5981091922
20190,37.048531,-120.635596,388,89569.0655617625
20190,37.048678,-120.636268,389,89631.4281379699
20190,37.048508,-120.636009,390,89661.3980972619
20190,37.048292,-120.636075,391,89686.2367588441
20190,37.048273,-120.635501,392,89737.6694996952
20190,37.049866,-120.63547,393,89915.6176591293
20190,37.04977,-120.63418,394,90031.6030037541
20190,37.049624,-120.632608,395,90173.2801790305
20190,37.049487,-120.631283,396,90292.8860929485
20190,37.048866,-120.628236,397,90574.3567869071
20190,37.048194,-120.624642,398,90904.7619580186
20190,37.047642,-120.620828,399,91251.7514523751
20190,37.047471,-120.614862,400,91786.2363061125
20190,37.047539,-120.606108,401,92570.039678499
20190,37.047591,-120.595765,402,93496.1051518274
20190,37.048396,-120.59098,403,93933.8614253106
20190,37.049526,-120.584114,404,94561.42666804
20190,37.051204,-120.572762,405,95594.9518066248
20190,37.052574,-120.562828,406,96497.4466988922
20190,37.053722,-120.554717,407,97234.8868359136
20190,37.054321,-120.552614,408,97434.7108706742
20190,37.055485,-120.550275,409,97681.2111033295
20190,37.057078,-120.547636,410,97977.0005144059
20190,37.06004,-120.544953,411,98385.8789809519
20190,37.064098,-120.541306,412,98944.5357415033
20190,37.066273,-120.538151,413,99317.1041532553
20190,37.067557,-120.534611,414,99664.9554837491
20190,37.069303,-120.528216,415,100269.745583629
20190,37.070622,-120.524311,416,100649.099525721
20190,37.073293,-120.517809,417,101303.164039316
20190,37.077983,-120.506458,418,102446.364745147
20190,37.080859,-120.499291,419,103163.84629668
20190,37.08151,-120.497146,420,103369.155818064
20190,37.081617,-120.495611,421,103507.07055001
20190,37.081869,-120.494404,422,103618.715337996
20190,37.082396,-120.493401,423,103726.075604353
20190,37.082858,-120.492902,424,103794.331893241
20190,37.083453,-120.492532,425,103868.597652143
20190,37.084095,-120.492361,426,103941.936096819
20190,37.08469,-120.492355,427,104008.411021783
20190,37.085755,-120.492371,428,104127.400283672
20190,37.087103,-120.492323,429,104278.058647767
20190,37.088558,-120.492328,430,104440.610286234
20190,37.090432,-120.492312,431,104649.976426961
20190,37.092516,-120.492328,432,104882.803037055
20190,37.094814,-120.492307,433,105139.539959492
20190,37.099345,-120.492275,434,105645.746407449
20190,37.105027,-120.492232,435,106280.544851945
20190,37.111059,-120.49221,436,106954.436085624
20190,37.117039,-120.492189,437,107622.517651586
20190,37.122566,-120.492157,438,108239.994517585
20190,37.127519,-120.492167,439,108793.338790258
20190,37.131385,-120.492157,440,109225.244821345
20190,37.136577,-120.492028,441,109805.403904152
20190,37.140999,-120.491985,442,110299.439703721
20190,37.145993,-120.491953,443,110857.371049975
20190,37.150312,-120.491964,444,111339.885791482
20190,37.157213,-120.491931,445,112110.863195714
20190,37.163762,-120.491899,446,112842.515459481
20190,37.170003,-120.491878,447,113539.755200332
20190,37.175107,-120.491856,448,114109.971455374
20190,37.17868,-120.491792,449,114509.183798324
20190,37.179416,-120.491695,450,114591.864802843
20190,37.180817,-120.490934,451,114762.527121231
20190,37.183365,-120.489024,452,115094.463318897
20190,37.184493,-120.488359,453,115233.798670777
20190,37.185279,-120.488133,454,115323.903904595
20190,37.186083,-120.488112,455,115413.745981203
20190,37.19016,-120.488155,456,115869.242503589
20190,37.194681,-120.488112,457,116374.340837954
20190,37.203193,-120.488058,458,117325.309148845
20190,37.207705,-120.488015,459,117829.401987158
20190,37.212977,-120.487962,460,118418.4059988
20190,37.218565,-120.487962,461,119042.694281361
20190,37.224143,-120.487972,462,119665.865938163
20190,37.229816,-120.487951,463,120299.653015148
20190,37.235197,-120.487962,464,120900.815987723
20190,37.241467,-120.487972,465,121601.297196017
20190,37.247992,-120.487951,466,122330.268612142
20190,37.255985,-120.487897,467,123223.254629321
20190,37.262808,-120.487844,468,123985.530602676
20190,37.268819,-120.487822,469,124657.078584991
20190,37.276435,-120.487726,470,125507.976417208
20190,37.282223,-120.487586,471,126154.728903178
20190,37.28743,-120.487479,472,126736.530128714
20190,37.288283,-120.487382,473,126832.219315122
20190,37.289897,-120.48632,474,127035.93459041
20190,37.293055,-120.484453,475,127426.122839063
20190,37.296034,-120.482748,476,127792.079653586
20190,37.296913,-120.485247,477,128035.785380484
20190,37.298841,-120.490258,478,128532.189392334
20190,37.302042,-120.488477,479,128923.535842266
20190,37.301923,-120.488088,480,128960.711138653
20190,37.301814,-120.488202,481,128965.371960948
8181,37.30195,-120.488176,0,0
8181,37.301923,-120.488088,1,8.41303031514162
8181,37.3015,-120.48691,2,123.678482634787
8181,37.302554,-120.48632,3,252.667681374797
8181,37.303557,-120.485773,4,374.894482804707
8181,37.304124,-120.487307,5,525.740132309386
8181,37.304798,-120.489078,6,700.810649558056
8181,37.306633,-120.494013,7,1186.59241786596
8181,37.307982,-120.497843,8,1560.12871456258
8181,37.306002,-120.49898,9,1803.4898238276
8181,37.307051,-120.501866,10,2086.44322885836
8181,37.307154,-120.50192,11,2098.91833651912
8181,37.308195,-120.50442,12,2350.50436986464
8181,37.308587,-120.504892,13,2411.26501363363
8181,37.309176,-120.505085,14,2479.28235025287
8181,37.309577,-120.505149,15,2524.44307063015
8181,37.309927,-120.505149,16,2563.54370260162
8181,37.311578,-120.505064,17,2748.14286789479
8181,37.315917,-120.504968,18,3232.95474044814
8181,37.318998,-120.504892,19,3577.21888477154
8181,37.31916,-120.504892,20,3595.31689610548
8181,37.326344,-120.504677,21,4398.1147862056
8181,37.326335,-120.503905,22,4466.99590613422
8181,37.326316,-120.503299,23,4521.10176333914
8181,37.326318,-120.50281,24,4564.72844645502
8181,37.326271,-120.501662,25,4667.28188284619
8181,37.326226,-120.499662,26,4845.78345704722
8181,37.326207,-120.499082,27,4897.57202905385
8181,37.32628,-120.498632,28,4938.53902805856
8181,37.326429,-120.498235,29,4977.67419712885
8181,37.326779,-120.497736,30,5036.92609730525
8181,37.327227,-120.497189,31,5106.82918155947
8181,37.327401,-120.496931,32,5136.95671943009
8181,37.327534,-120.496518,33,5176.6854323066
8181,37.327653,-120.495794,34,5242.63064140732
8181,37.327734,-120.495091,35,5305.99783506769
8181,37.327734,-120.494678,36,5342.84340262
8181,37.32764,-120.494249,37,5382.53102886873
8181,37.327423,-120.493766,38,5431.97319868123
8181,37.327005,-120.492833,39,5527.41568624568
8181,37.326864,-120.492446,40,5565.36582593081
8181,37.326774,-120.491958,41,5610.04915068434
8181,37.326762,-120.49095,42,5699.98898244659
8181,37.32674,-120.490065,43,5778.98362648094
8181,37.326382,-120.488681,44,5908.77545875286
8181,37.326339,-120.487683,45,5997.94360368808
8181,37.326336,-120.486846,46,6072.61918723482
8181,37.326574,-120.486803,47,6099.48374075407
8181,37.327026,-120.486808,48,6149.98289088868
8181,37.32805,-120.486766,49,6264.44493242921
8181,37.328447,-120.486712,50,6309.05842644467
8181,37.329086,-120.486696,51,6380.46141734242
8181,37.329615,-120.486696,52,6439.56100063698
8181,37.329841,-120.486631,53,6465.46695210493
8181,37.330208,-120.486647,54,6506.49282886138
8181,37.330733,-120.486535,55,6565.99053229097
8181,37.331172,-120.486385,56,6616.82820835923
8181,37.331637,-120.486358,57,6668.83358452443
8181,37.331961,-120.486331,58,6705.11075522445
8181,37.332226,-120.486336,59,6734.7197827115
8181,37.332222,-120.486588,60,6757.20521950335
8181,37.332217,-120.487232,61,6814.65932964394
8181,37.332209,-120.487844,62,6869.26325987861
8181,37.332202,-120.48851,63,6928.68231364487
8181,37.332191,-120.489268,64,6996.31464223116
8181,37.332184,-120.489692,65,7034.14772379932
8181,37.332187,-120.490209,66,7080.27042608555
8181,37.332182,-120.490617,67,7116.6722975686
8181,37.332171,-120.491143,68,7163.61269377753
8181,37.332165,-120.491652,69,7209.02534960124
8181,37.332164,-120.491977,70,7238.01868044274
8181,37.332161,-120.492349,71,7271.20632085942
8181,37.332154,-120.492622,72,7295.57306586812
8181,37.332149,-120.493091,73,7337.41602624169
8181,37.332144,-120.49344,74,7368.55511574932
8181,37.332143,-120.493851,75,7405.22032597286
8181,37.332137,-120.494183,76,7434.84539549975
8181,37.332131,-120.494463,77,7459.8329792886
8181,37.332123,-120.494863,78,7495.52785549654
8181,37.332119,-120.49511,79,7517.56705224197
8181,37.332118,-120.495177,80,7523.54510950679
8181,37.332128,-120.49519,81,7525.15540021076
8181,37.332307,-120.495194,82,7545.15608279606
8181,37.33246,-120.495193,83,7562.24914995114
8181,37.33257,-120.495196,84,7574.54102958386
8181,37.332688,-120.495196,85,7587.72373832578
8181,37.332813,-120.495201,86,7601.69559368057
8181,37.332957,-120.495205,87,7617.78692375351
8181,37.333128,-120.49521,88,7636.89588556278
8181,37.333301,-120.49521,89,7656.22307653331
8181,37.333424,-120.49521,90,7669.96437412228
8181,37.333564,-120.49521,91,7685.60487540378
8181,37.333668,-120.495212,92,7697.22490323037
8181,37.333787,-120.495216,93,7710.52411704147
8181,37.33391,-120.495216,94,7724.26541436962
8181,37.334116,-120.49521,95,7747.2855177843
8181,37.334308,-120.495191,96,7768.80220891487
8181,37.334649,-120.495202,97,7806.91063711265
8181,37.334929,-120.4952,98,7838.19214816077
8181,37.335098,-120.495206,99,7857.08005233611
8181,37.335269,-120.495202,100,7876.18713913879
8181,37.335341,-120.495146,101,7885.65581894004
8181,37.335415,-120.495068,102,7896.46133706025
8181,37.335454,-120.495,103,7903.92988561216
8181,37.335472,-120.494858,104,7916.75564524926
8181,37.33548,-120.494666,105,7933.90634319419
8181,37.335484,-120.494478,106,7950.68287409288
8181,37.33549,-120.494329,107,7963.99134362004
8181,37.335489,-120.49419,108,7976.39137528347
8181,37.335502,-120.494013,109,7992.24735930545
8181,37.335493,-120.493857,110,8006.19965886366
8181,37.335498,-120.49369,111,8021.10741349572
8181,37.335505,-120.493499,112,8038.16356771106
8181,37.335508,-120.493306,113,8055.38346129381
8181,37.335515,-120.493132,114,8070.92488290982
8181,37.335518,-120.492937,115,8088.32316192097
8181,37.335522,-120.492693,116,8110.09387011086
8181,37.335521,-120.492465,117,8130.43301913898
8181,37.335524,-120.492221,118,8152.20173687025
8181,37.335531,-120.491954,119,8176.03244387545
8181,37.335537,-120.491732,120,8195.84741507399
8181,37.335545,-120.491439,121,8221.99992339572
8181,37.335546,-120.491179,122,8245.19364994301
8181,37.335551,-120.490905,123,8269.6423777242
8181,37.335552,-120.490629,124,8294.26339832072
8181,37.335552,-120.490373,125,8317.10006172624
8181,37.335551,-120.490154,126,8336.63644081958
8181,37.33553,-120.489914,127,8358.17399441712
8181,37.335421,-120.489737,128,8378.11376777648
8181,37.335318,-120.489572,129,8396.79694306458
8181,37.335325,-120.489391,130,8412.96218227423
8181,37.335421,-120.489255,131,8429.15514920452
8181,37.335501,-120.48919,132,8439.80881267647
8181,37.335555,-120.489032,133,8455.14018685314
8181,37.335622,-120.488795,134,8477.56792688936
8181,37.33572,-120.488553,135,8501.77335298572
8181,37.335849,-120.488321,136,8526.99263668918
8181,37.335964,-120.488109,137,8549.85552766397
8181,37.336089,-120.487895,138,8573.50813245288
8181,37.336205,-120.487637,139,8599.92094744138
8181,37.336281,-120.487425,140,8620.6510534839
8181,37.336347,-120.487191,141,8642.78910662238
8181,37.33638,-120.487016,142,8658.82945508256
8181,37.33638,-120.486918,143,8667.57156877546
8181,37.336264,-120.486853,144,8681.76903825013
8181,37.335961,-120.486741,145,8717.06364757824
8181,37.335293,-120.486481,146,8795.21330896724
8181,37.335091,-120.48646,147,8817.8582621969
8181,37.3347,-120.486424,148,8861.65846801776
8181,37.334417,-120.486426,149,8893.27558362148
8181,37.334085,-120.486418,150,8930.37331577787
8181,37.333664,-120.486425,151,8977.41136201303
8181,37.333436,-120.486424,152,9002.88355966884
8181,37.333078,-120.486428,153,9042.88072543442
8181,37.332928,-120.486399,154,9059.83716688521
8181,37.332806,-120.48637,155,9073.7102993493
8181,37.332645,-120.486399,156,9091.88223714474
8181,37.332461,-120.486428,157,9112.60077930545
8181,37.33225,-120.486458,158,9136.32502810386
8181,37.331998,-120.48645,159,9164.48738092026
8181,37.332001,-120.486047,160,9200.4408153302
8181,37.331999,-120.485819,161,9220.78207000107
8181,37.331999,-120.48553,162,9246.56395821174
8181,37.332004,-120.485258,163,9270.83570388033
8181,37.332011,-120.484962,164,9297.25366608281
8181,37.332023,-120.484743,165,9316.83677112575
8181,37.33204,-120.484502,166,9338.42029804186
8181,37.332096,-120.484347,167,9353.59745013795
8181,37.332095,-120.484001,168,9384.46458578548
8181,37.332091,-120.48355,169,9424.70116165114
8181,37.33209,-120.483162,170,9459.31517753303
8181,37.332091,-120.482832,171,9488.75500933974
8181,37.332091,-120.482305,172,9535.76922293602
8181,37.332091,-120.481822,173,9578.85818696104
8181,37.332088,-120.481374,174,9618.8261990287
8181,37.33209,-120.480485,175,9698.13533687762
8181,37.332125,-120.479456,176,9790.01710213857
8181,37.332116,-120.478845,177,9844.53460055772
8181,37.33212,-120.478581,178,9868.09069311521
8181,37.332157,-120.478137,179,9907.91575043938
8181,37.332269,-120.478093,180,9921.02975187242
8181,37.33244,-120.478078,181,9940.18085470364
8181,37.332719,-120.478066,182,9971.36939693255
8181,37.332948,-120.47806,183,9996.95910903342
8181,37.333218,-120.478052,184,10027.1322259435
8181,37.333476,-120.478038,185,10055.983295035
8181,37.333675,-120.478036,186,10078.2164943777
8181,37.333927,-120.478034,187,10106.3707572995
8181,37.334314,-120.478024,188,10149.615995346
8181,37.334606,-120.477979,189,10182.4846050251
8181,37.334753,-120.477957,190,10199.0244482997
8181,37.334937,-120.478062,191,10221.6146031391
8181,37.335205,-120.47806,192,10251.5563666177
8181,37.335567,-120.478056,193,10292.0009479792
8181,37.33584,-120.478056,194,10322.5007848284
8181,37.336059,-120.478047,195,10346.9808561273
8181,37.336088,-120.478103,196,10352.9350902545
8181,37.336353,-120.478097,197,10382.5459943874
8181,37.336781,-120.47809,198,10430.3666618428
8181,37.336786,-120.478396,199,10457.6694246688
8181,37.336361,-120.478404,200,10505.1561907697
8181,37.336107,-120.478408,201,10533.5355550638
8181,37.335861,-120.478413,202,10561.0225275109
8181,37.335587,-120.478416,203,10591.6352371132
8181,37.335227,-120.478424,204,10631.8611094706
8181,37.33497,-120.478429,205,10660.5768572854
8181,37.334632,-120.478436,206,10698.3437002398
8181,37.334331,-120.478439,207,10731.97277009
8181,37.333963,-120.478447,208,10773.0922720841
8181,37.33343,-120.478459,209,10832.6491578874
8181,37.332772,-120.478483,210,10906.192711133
8181,37.331948,-120.478468,211,10998.2604945923
8181,37.331469,-120.478472,212,11051.7760178169
8181,37.331154,-120.478472,213,11086.9681161772
8181,37.330588,-120.478494,214,11150.2326237548
8181,37.329865,-120.478536,215,11231.0937259701
8181,37.328796,-120.478515,216,11350.5381067697
8181,37.32706,-120.478542,217,11544.5006243471
8181,37.32648,-120.478558,218,11609.3144928451
8181,37.325798,-120.478499,219,11685.6897937963
8181,37.325456,-120.478435,220,11724.3226719228
8181,37.325252,-120.478359,221,11748.1010475528
8181,37.324522,-120.478397,222,11829.7278018556
8181,37.322799,-120.478413,223,12022.2283371748
8181,37.322779,-120.478491,224,12029.5376167658
8181,37.322786,-120.478799,225,12057.0293556627
8181,37.322803,-120.479585,226,12127.1840922669
8181,37.322947,-120.480477,227,12208.3802533112
8181,37.323149,-120.481071,228,12265.9830057259
8181,37.323313,-120.481424,229,12302.4200212743
8181,37.323449,-120.482139,230,12367.9979097803
8181,37.323513,-120.48275,231,12422.9790738895
8181,37.323504,-120.484239,232,12555.8332272582
8181,37.323494,-120.485305,233,12650.949386767
8181,37.323519,-120.48561,234,12678.3047182442
8181,37.323507,-120.485921,235,12706.0847698798
8181,37.323499,-120.486161,236,12727.5164108762
8181,37.323484,-120.486469,237,12755.0474647853
8181,37.323462,-120.487077,238,12809.3493320465
8181,37.323485,-120.487908,239,12883.5361988914
8181,37.323454,-120.488357,240,12923.7456541609
8181,37.323459,-120.489849,241,13056.8637026111
8181,37.323416,-120.490366,242,13103.2400768638
8181,37.32315,-120.490377,243,13132.9734730413
8181,37.322997,-120.490377,244,13150.0664457736
8181,37.322813,-120.490381,245,13170.6257983126
8181,37.322646,-120.490382,246,13189.2830472274
8181,37.322554,-120.490385,247,13199.5646592748
8181,37.322281,-120.490399,248,13230.0894526033
8181,37.322038,-120.49042,249,13257.3016947522
8181,37.321742,-120.490424,250,13290.3723765242
8181,37.321386,-120.490459,251,13330.2666660223
8181,37.320895,-120.490462,252,13385.1212326017
8181,37.320559,-120.490478,253,13422.6858732981
8181,37.319807,-120.490472,254,13506.7000896021
8181,37.319305,-120.490488,255,13562.8010763664
8181,37.319262,-120.4928,256,13769.1453354977
8181,37.319262,-120.495,257,13965.4397893851
8181,37.319262,-120.499849,258,14398.0881038975
8181,37.318366,-120.499807,259,14498.2567023465
8181,37.31739,-120.499566,260,14609.3927220509
8181,37.316771,-120.49883,261,14704.7592645943
8181,37.316259,-120.497897,262,14805.7650974223
8181,37.316105,-120.497038,263,14884.3190540346
8181,37.316173,-120.496073,264,14970.7586485545
8181,37.316647,-120.495258,265,15060.7167464212
8181,37.317206,-120.494957,266,15128.697362684
8181,37.318025,-120.494957,267,15220.1943605782
8181,37.319053,-120.494979,268,15335.0571794794
8181,37.319062,-120.494066,269,15416.5257231092
8181,37.319055,-120.493856,270,15435.2792827659
8181,37.319072,-120.493609,271,15457.3995435689
8181,37.31907,-120.493321,272,15483.097327793
8181,37.319074,-120.492543,273,15552.5159107444
8181,37.31907,-120.491551,274,15641.0284882547
8181,37.319079,-120.489812,275,15796.1948015246
8181,37.319091,-120.488509,276,15912.463565135
8181,37.319104,-120.487077,277,16040.2432295986
8181,37.3191,-120.48683,278,16062.2865726695
8181,37.317728,-120.486712,279,16215.9268421034
8181,37.317146,-120.486642,280,16281.2468804453
8181,37.316156,-120.486578,281,16391.9964968167
8181,37.315277,-120.48676,282,16491.5316751897
8181,37.313788,-120.487415,283,16667.850666962
8181,37.312777,-120.487801,284,16785.9340303186
8181,37.310546,-120.489131,285,17061.9933056809
8181,37.309812,-120.489517,286,17150.9357528835
8181,37.307807,-120.490676,287,17397.6570940723
8181,37.30677,-120.491274,288,17525.2094458221
8181,37.30732,-120.492758,289,17671.2014277482
8181,37.307871,-120.494262,290,17818.8596094613
8181,37.307329,-120.494601,291,17886.5473065665
8181,37.306844,-120.494887,292,17946.4406835764
8181,37.306217,-120.493235,293,18109.660144568
8181,37.305554,-120.491459,294,18284.6058315904
8181,37.304673,-120.489071,295,18519.3470067589
8181,37.3038,-120.486631,296,18757.9456424866
8181,37.303514,-120.48588,297,18832.1949322896
8181,37.302524,-120.486401,298,18952.1734586273
8181,37.301602,-120.486953,299,19066.3533728546
8181,37.301777,-120.487527,300,19121.1850296688
8181,37.30184,-120.487726,301,19140.28890575
8181,37.301674,-120.4879,302,19164.4773142747
8181,37.301725,-120.488096,303,19182.8742107336
8181,37.301814,-120.488202,304,19196.5985558449
8181,37.301812,-120.488361,305,19210.7905071802
8181,37.301782,-120.488525,306,19225.8057649317
8181,37.301692,-120.488724,307,19246.2145176553
8181,37.300809,-120.489233,308,19354.8193408347
8181,37.301226,-120.490238,309,19455.889851321
8181,37.301415,-120.490805,310,19510.7213334606
8181,37.30179,-120.491878,311,19615.2458292599
8181,37.302469,-120.493739,312,19797.8348119036
8181,37.301487,-120.494313,313,19918.9127578715
8181,37.300109,-120.495099,314,20088.0888520528
8181,37.299618,-120.495418,315,20149.8905548771
8181,37.299028,-120.495708,316,20220.7035150812
8181,37.29725,-120.49677,317,20440.7930132389
8181,37.2972,-120.497,318,20462.0671101204
8181,37.296989,-120.49691,319,20486.9705480994
8181,37.295807,-120.49758,320,20631.929581358
8181,37.295717,-120.497641,321,20643.3635623404
8181,37.295492,-120.497763,322,20670.7571119192
8181,37.296264,-120.499887,323,20879.0252841899
8181,37.2967,-120.501,324,20989.6610029459
8181,37.297024,-120.501941,325,21081.1137200594
8181,37.297397,-120.502926,326,21178.4008700583
8181,37.297476,-120.503075,327,21194.3612293219
8181,37.297676,-120.50369,328,21253.6229686257
8181,37.298607,-120.503154,329,21368.104712752
8181,37.299332,-120.50273,330,21457.5029780084
8181,37.299992,-120.502349,331,21538.698782212
8181,37.300659,-120.501979,332,21620.2026499886
8181,37.301235,-120.503524,333,21772.3630883593
8181,37.301466,-120.504011,334,21822.909479394
8181,37.301777,-120.504967,335,21915.0301584736
8181,37.30275,-120.504447,336,22033.2216722818
8181,37.30276,-120.505106,337,22092.0433812406
8181,37.302861,-120.505579,338,22135.737235711
8181,37.30279,-120.505884,339,22164.0884184438
8181,37.302763,-120.506523,340,22221.1942256087
8181,37.302725,-120.508524,341,22399.8190272971
8181,37.302737,-120.510235,342,22552.5184818188
8181,37.301854,-120.510256,343,22651.1807791846
8181,37.300544,-120.51031,344,22797.6069735977
8181,37.299072,-120.510364,345,22962.1222910743
8181,37.299068,-120.509221,346,23064.1321602428
8181,37.299,-120.509,347,23085.268074766
8181,37.299057,-120.508682,348,23114.3541646654
8181,37.299059,-120.50707,349,23258.2203708924
8181,37.299051,-120.505525,350,23396.1101195243
8181,37.298112,-120.505546,351,23501.0282254648
8181,37.29693,-120.505815,352,23635.2412903928
8181,37.295513,-120.505621,353,23794.4869825128
8181,37.294472,-120.505643,354,23910.7999479003
8181,37.2938,-120.505775,355,23986.7919338834
8181,37.29317,-120.505707,356,24057.4342288286
8181,37.291783,-120.505697,357,24212.3869265341
8181,37.291783,-120.505461,358,24233.4513359715
8181,37.291877,-120.505278,359,24252.8696734195
8181,37.291996,-120.505182,360,24268.6860082588
8181,37.292211,-120.505054,361,24295.283661747
8181,37.29241,-120.504935,362,24319.9221337365
8181,37.292586,-120.504834,363,24341.5522583169
8181,37.292879,-120.504673,364,24377.3005100038
8181,37.293093,-120.504541,365,24403.9531676509
8181,37.293105,-120.504506,366,24407.3525799063
8181,37.293019,-120.504294,367,24428.5739653442
8181,37.292936,-120.504052,368,24452.0797778453
8181,37.292861,-120.503836,369,24473.1008372758
8181,37.292784,-120.503623,370,24493.967731395
8181,37.292683,-120.50336,371,24520.0128394535
8181,37.292594,-120.503142,372,24541.8636714704
8181,37.292077,-120.503441,373,24605.4886525723
8181,37.291764,-120.503644,374,24644.8714620038
8181,37.291586,-120.503713,375,24665.6888424293
8181,37.291087,-120.502263,376,24806.6067528641
8181,37.290451,-120.500579,377,24972.8641045716
8181,37.291143,-120.500187,378,25057.7215740581
8181,37.2912,-120.5,379,25075.586187944
8181,37.291378,-120.500042,380,25095.822101566
8181,37.291847,-120.499782,381,25153.1267755202
8181,37.293413,-120.498905,382,25344.7893622807
8181,37.294711,-120.498133,383,25505.3366900534
8181,37.295696,-120.497549,384,25627.0990081188
8181,37.296302,-120.497226,385,25700.6821677353
8181,37.297369,-120.496593,386,25832.5953399933
8181,37.298073,-120.496212,387,25918.2808287676
8181,37.298462,-120.495976,388,25966.5743317853
8181,37.299038,-120.497532,389,26119.6301529912
8181,37.299567,-120.49898,390,26261.7333685095
8181,37.300147,-120.498658,391,26332.6161962808
8181,37.301233,-120.498012,392,26466.9428669113
8181,37.301517,-120.497838,393,26502.2669637251
8181,37.301278,-120.497172,394,26567.4263335171
8181,37.300757,-120.495767,395,26705.6678216429
8181,37.300446,-120.494839,396,26795.4815454582
8181,37.303015,-120.493358,397,27111.4576848083
8181,37.30371,-120.492956,398,27196.9896482356
8181,37.302819,-120.490478,399,27439.5067921704
8181,37.301978,-120.488241,400,27660.1530941909
8181,37.30195,-120.488176,401,27662.0074479819
20186,37.301814,-120.488202,0,0
20186,37.30185,-120.488353,1,14.0635712592632
20186,37.301816,-120.48845,2,23.5171555833939
20186,37.301841,-120.488579,3,35.363888580948
20186,37.301805,-120.488675,4,44.8285778593665
20186,37.298771,-120.490413,5,417.589722563585
20186,37.297681,-120.487382,6,714.253378311122
20186,37.297169,-120.485955,7,853.871118307648
20186,37.296554,-120.484335,8,1013.955219047
20186,37.296008,-120.482758,9,1167.35789820703
20186,37.288467,-120.487136,10,2096.05340662108
20186,37.288104,-120.481782,11,2575.68649191199
20186,37.2927,-120.479,12,3146.05037972058
20186,37.297612,-120.476353,13,3743.52210705669
20186,37.297352,-120.475736,14,3805.78285449196
20186,37.296921,-120.475034,15,3884.80454769634
20186,37.296742,-120.474926,16,3907.00469750077
20186,37.296452,-120.474454,17,3960.15075123625
20186,37.296059,-120.473639,18,4045.11747756778
20186,37.29419,-120.468585,19,4542.20601952778
20186,37.29425,-120.468457,20,4555.45244642027
20186,37.294676,-120.468156,21,4610.1059532419
20186,37.294941,-120.467899,22,4647.55938955184
20186,37.295103,-120.467598,23,4679.95368003468
20186,37.295171,-120.467019,24,4732.18923943145
20186,37.295136,-120.463772,25,5022.03582725728
20186,37.295111,-120.459729,26,5382.91840453489
20186,37.295052,-120.45776,27,5558.79276636231
20186,37.295151,-120.455,28,5805.39642456685
20186,37.295069,-120.447224,29,6499.54264246876
20186,37.294933,-120.425434,30,8444.62782501868
20186,37.295069,-120.41522,31,9356.50391052771
20186,37.295308,-120.397582,32,10931.2132842747
20186,37.295837,-120.381081,33,12405.4198969553
20186,37.295974,-120.379096,34,12583.2800099737
20186,37.295991,-120.376521,35,12813.1576459643
20186,37.295598,-120.352178,36,14986.7508562471
20186,37.295336,-120.324874,37,17424.5267877894
20186,37.295331,-120.324788,38,17432.2250437388
20186,37.295314,-120.323819,39,17518.7568660611
20186,37.295295,-120.322722,40,17616.7186993026
20186,37.294416,-120.322797,41,17715.1748787693
20186,37.293708,-120.322759,42,17794.366560665
20186,37.293721,-120.321166,43,17936.5984249472
20186,37.291821,-120.32115,44,18148.9287510375
20186,37.2918178816451,-120.320709009688,45,18188.3033675892
20186,37.291821,-120.320265,46,18227.947582986
20186,37.291817,-120.318023,47,18428.1218630047
20186,37.291813,-120.316757,48,18541.1560951138
20186,37.291788,-120.312932,49,18882.67975782
20186,37.290767,-120.312942,50,18996.7818610277
20186,37.290784,-120.314632,51,19147.6865386809
20186,37.2908,-120.321,52,19716.2562829857
20186,37.290804,-120.321174,53,19731.7982164328
20186,37.290138,-120.321174,54,19806.2239015008
20186,37.290108,-120.321281,55,19816.3485836312
20186,37.29002,-120.321378,56,19829.4526042187
20186,37.2883,-120.319278,57,20097.9706001604
20186,37.28801,-120.319637,58,20143.5528309386
20186,37.287972,-120.319701,59,20150.6723634849
20186,37.287937,-120.322734,60,20421.5108100964
20186,37.287955,-120.324932,61,20617.7750849618
20186,37.284638,-120.324959,62,20988.4562907538
20186,37.28464,-120.323416,63,21126.2331502051
20186,37.284614,-120.322895,64,21172.8447180843
20186,37.284397,-120.322402,65,21223.1029255224
20186,37.284282,-120.32208,66,21254.596342517
20186,37.284264,-120.321383,67,21316.8655301089
20186,37.284254,-120.320818,68,21367.3280827558
20186,37.284262,-120.319906,69,21448.7677146882
20186,37.28425,-120.319031,70,21526.9102451763
20186,37.284254,-120.318183,71,21602.6318011588
20186,37.284263,-120.316847,72,21721.9313389117
20186,37.284254,-120.316305,73,21770.3386099612
20186,37.284271,-120.315947,74,21802.3619379294
20186,37.284468,-120.315651,75,21836.7602533949
20186,37.282244,-120.312872,76,22187.9695857525
20186,37.280562,-120.310791,77,22452.286444526
20186,37.262885,-120.28892,78,25230.4067966373
20186,37.234347,-120.253193,79,29742.6999571647
20186,37.234031,-120.252829,80,29790.7142811794
20186,37.233707,-120.252614,81,29831.7069857966
20186,37.232295,-120.25446,82,30059.9998387707
20186,37.232114,-120.254652,83,30086.5255790616
20186,37.232054,-120.254684,84,30093.8156567997
20186,37.231981,-120.254674,85,30102.0231518124
20186,37.231695,-120.254326,86,30146.6198492377
20186,37.231216,-120.253708,87,30223.5359189008
20186,37.230875,-120.253268,88,30278.2956046511
20186,37.229235,-120.25124,89,30536.0611554273
20186,37.228851,-120.251724,90,30596.9943084467
20186,37.2288,-120.252,91,30622.3102358137
20186,37.228436,-120.252239,92,30668.2584383228
20186,37.228406,-120.250812,93,30795.8331476673
20186,37.228415,-120.249245,94,30935.8795422508
20186,37.2284,-120.248,95,31047.1580848683
20186,37.228436,-120.246257,96,31202.9826905627
20186,37.229961,-120.248151,97,31443.1929231564
20186,37.231353,-120.249857,98,31661.0187407894
20186,37.233002,-120.251906,99,31920.8167708279
20186,37.233433,-120.252298,100,31980.377677848
20186,37.234027,-120.252732,101,32057.2637377976
20186,37.234292,-120.253027,102,32096.91393203
20186,37.242304,-120.262957,103,33357.5247394913
20186,37.262432,-120.287987,104,36529.3379120384
20186,37.280652,-120.310743,105,39406.2198771253
20186,37.284574,-120.315657,106,40026.4153357009
20186,37.284331,-120.315983,107,40066.2247201014
20186,37.284327,-120.316306,108,40095.0698257379
20186,37.284331,-120.316842,109,40142.9329313546
20186,37.284336,-120.318194,110,40263.6580865644
20186,37.28434,-120.319031,111,40338.397352842
20186,37.28434,-120.319916,112,40417.4212121174
20186,37.284326,-120.320716,113,40488.8722452636
20186,37.284337,-120.321388,114,40548.8892405539
20186,37.284337,-120.322042,115,40607.2863157042
20186,37.284444,-120.32237,116,40638.9209551874
20186,37.284704,-120.32296,117,40699.084063165
20186,37.284713,-120.323432,118,40741.241648196
20186,37.284716,-120.324808,119,40864.1070041157
20186,37.287882,-120.324819,120,41217.9076248744
20186,37.287882,-120.322587,121,41417.197582057
20186,37.287891,-120.319637,122,41680.5990969394
20186,37.287925,-120.319546,123,41689.5688044039
20186,37.288309,-120.319138,124,41745.8588464721
20186,37.289897,-120.321069,125,41993.281710208
20186,37.29053,-120.321075,126,42064.0216771962
20186,37.2905,-120.321,127,42071.5103761708
20186,37.290507,-120.317341,128,42398.20568077
20186,37.290533,-120.315034,129,42604.2080021942
20186,37.290533,-120.312814,130,42802.4227061132
20186,37.291843,-120.312824,131,42948.8203445076
20186,37.291873,-120.314831,132,43128.0453499571
20186,37.291872,-120.316756,133,43299.9171168128
20186,37.29189,-120.320244,134,43611.3448091262
20186,37.291886,-120.321059,135,43684.112046175
20186,37.2924,-120.321,136,43741.7927400607
20186,37.293789,-120.321069,137,43897.1361017378
20186,37.293814,-120.322593,138,44033.2287153978
20186,37.294681,-120.322539,139,44130.2358461345
20186,37.295364,-120.322604,140,44206.7813917947
20186,37.295389,-120.323623,141,44297.7992900918
20186,37.295397,-120.324798,142,44402.7053746596
20186,37.295402,-120.324867,143,44408.8908744766
20186,37.295871,-120.353873,144,46998.9599914523
20186,37.296068,-120.374258,145,48818.9004780997
20186,37.29611,-120.37886,146,49229.7472650743
20186,37.295513,-120.397668,147,50910.0333105213
20186,37.295317,-120.415778,148,52526.7925818598
20186,37.295223,-120.431592,149,53938.4503785271
20186,37.295278,-120.455233,150,56048.6778786498
20186,37.295285,-120.458774,151,56364.7446987773
20186,37.295289,-120.464079,152,56838.2600104965
20186,37.295342,-120.466654,153,57068.1747253272
20186,37.295308,-120.467384,154,57133.4432559638
20186,37.295103,-120.468071,155,57198.9007404627
20186,37.294745,-120.468457,156,57251.6907551487
20186,37.294455,-120.468585,157,57286.0457737725
20186,37.29547,-120.471547,158,57573.7195087596
20186,37.296255,-120.473639,159,57780.0135863402
20186,37.296913,-120.474755,160,57903.8117508772
20186,37.29693,-120.474873,161,57914.5136427327
20186,37.297374,-120.475613,162,57997.114665083
20186,37.297715,-120.476434,163,58079.7034606326
20186,37.296315,-120.477233,164,58251.6037591955
20186,37.293683,-120.478925,165,58582.1681732854
20186,37.292248,-120.479566,166,58752.3911158207
20186,37.289406,-120.481203,167,59101.910440625
20186,37.288168,-120.481927,168,59254.5741941354
20186,37.288194,-120.483311,169,59378.1492435724
20186,37.288232,-120.483745,170,59417.121517522
20186,37.288386,-120.484416,171,59479.4392445028
20186,37.288471,-120.485108,172,59541.9349578152
20186,37.288574,-120.487232,173,59731.8778765544
20186,37.299349,-120.480918,174,61061.0504368342
20186,37.301018,-120.48543,175,61504.8170711505
20186,37.301419,-120.486546,176,61614.0288507688
20186,37.301675,-120.487211,177,61679.9098490149
20186,37.301758,-120.487468,178,61704.6497400072
20186,37.301756,-120.487742,179,61729.1043453773
20186,37.301696,-120.487881,180,61743.2048225288
20186,37.301768,-120.488164,181,61769.7115806287
